{
  "name": "DOL-BJX_Extended",
  "version": "bjx2.2.8-0.0.1",
  "modPacker": {
    "modScriptFolder": {
      "tweeFileList": [
        "game/**/**/*.twee"
      ],
      "additionFile": [
        "readme.md",
        "replace_addon/*.json",
        "replace_addon/*.txt"
      ]
    }
  },
  "styleFileList": [],
  "scriptFileList": [],
  "tweeFileList": [
    "game/BJX/Ant/Ant Colony Clean.twee",
    "game/BJX/Ant/Ant Colony Dig.twee",
    "game/BJX/Ant/Ant Colony Shrine.twee",
    "game/BJX/Ant/Ant Guard 1 Finish.twee",
    "game/BJX/Ant/Ant Guard 1.twee",
    "game/BJX/Ant/Ant Guard 2 Finish.twee",
    "game/BJX/Ant/Ant Guard 2.twee",
    "game/BJX/Ant/Ant Guard 3 Finish.twee",
    "game/BJX/Ant/Ant Guard 3.twee",
    "game/BJX/Ant/Ant Kidnapped.twee",
    "game/BJX/Ant/Ant Passout.twee",
    "game/BJX/Ant/Ant Shrine Pray.twee",
    "game/BJX/Ant/Ant Slavery.twee",
    "game/BJX/Anthill/Anthill.twee",
    "game/BJX/Antique/Antique Greed Close Box.twee",
    "game/BJX/Antique/Antique Greed Open Box.twee",
    "game/BJX/Antique/Antique Greed Take.twee",
    "game/BJX/Antique/Antique Ivory Neck Lace Wear.twee",
    "game/BJX/Basement/Basement Blackmail.twee",
    "game/BJX/Basement/Basement Bluff.twee",
    "game/BJX/Basement/Basement Cage.twee",
    "game/BJX/Basement/Basement Caught Finish.twee",
    "game/BJX/Basement/Basement Caught.twee",
    "game/BJX/Basement/Basement Duct.twee",
    "game/BJX/Basement/Basement Hallway.twee",
    "game/BJX/Basement/Basement Keypad.twee",
    "game/BJX/Basement/Basement Lockpick.twee",
    "game/BJX/Basement/Basement Tentacle.twee",
    "game/BJX/Basement/Basement Tripwire 2.twee",
    "game/BJX/Basement/Basement Tripwire.twee",
    "game/BJX/Bog/Bog Frog Finish.twee",
    "game/BJX/Bog/Bog Frog.twee",
    "game/BJX/Bog/Bog Mosquito End.twee",
    "game/BJX/Bog/Bog Mosquito.twee",
    "game/BJX/Bunker/Bunker Exit.twee",
    "game/BJX/Bunker/Bunker Rat Finish.twee",
    "game/BJX/Bunker/Bunker Rat.twee",
    "game/BJX/Bunker/Bunker Scroll.twee",
    "game/BJX/Bunker/Bunker Scroll2.twee",
    "game/BJX/Bunker/Bunker Spider Finish.twee",
    "game/BJX/Bunker/Bunker Spider.twee",
    "game/BJX/Bunker/Bunker.twee",
    "game/BJX/Bye/Bye Casey.twee",
    "game/BJX/Bye/Bye Motor.twee",
    "game/BJX/Casey/Casey Again.twee",
    "game/BJX/Casey/Casey Deny Smoke.twee",
    "game/BJX/Casey/Casey Hang Out.twee",
    "game/BJX/Casey/Casey Hello.twee",
    "game/BJX/Casey/Casey Introduction.twee",
    "game/BJX/Casey/Casey Ride Home.twee",
    "game/BJX/Casey/Casey Smoke.twee",
    "game/BJX/Casey/Casey Walk Home Robin.twee",
    "game/BJX/Casey/Casey Walk Home.twee",
    "game/BJX/Cell/Cell Bee Sex Finish.twee",
    "game/BJX/Cell/Cell Bee Sex.twee",
    "game/BJX/Cell/Cell Honey Accept.twee",
    "game/BJX/Cell/Cell Honey Refuse.twee",
    "game/BJX/Cell/Cell Sex Accept.twee",
    "game/BJX/Cell/Cell Sex Refuse.twee",
    "game/BJX/Code/Code.twee",
    "game/BJX/Colony/Colony Ant Finish.twee",
    "game/BJX/Colony/Colony Ant Rape Finish.twee",
    "game/BJX/Colony/Colony Ant Rape.twee",
    "game/BJX/Colony/Colony Ant.twee",
    "game/BJX/Deep/Deep Sea Ship Find.twee",
    "game/BJX/Deep/Deep Sea Ship Pots.twee",
    "game/BJX/Deep/Deep Sea Ship Statue.twee",
    "game/BJX/Deep/Deep Sea Ship Swarm Finish.twee",
    "game/BJX/Deep/Deep Sea Ship Swarm.twee",
    "game/BJX/Deep/Deep Sea Ship.twee",
    "game/BJX/Deer/Deer Rape Finish.twee",
    "game/BJX/Deer/Deer Rape.twee",
    "game/BJX/Desert/Desert Dock Ride.twee",
    "game/BJX/Desert/Desert Village Pay.twee",
    "game/BJX/Desert/Desert Village Room.twee",
    "game/BJX/Desert/Desert Village.twee",
    "game/BJX/Fly/Fly.twee",
    "game/BJX/Ghost/Ghost Van Escape.twee",
    "game/BJX/Help/Help Scavenge.twee",
    "game/BJX/Hive/Hive Animal Hunting Architect Agree.twee",
    "game/BJX/Hive/Hive Animal Hunting Arrest.twee",
    "game/BJX/Hive/Hive Animal Hunting Chase Observer 1.twee",
    "game/BJX/Hive/Hive Animal Hunting Chase Observer 2.twee",
    "game/BJX/Hive/Hive Animal Hunting Construction.twee",
    "game/BJX/Hive/Hive Animal Hunting Find Observer.twee",
    "game/BJX/Hive/Hive Animal Hunting Free.twee",
    "game/BJX/Hive/Hive Animal Hunting Give Up.twee",
    "game/BJX/Hive/Hive Animal Hunting Guard Agree.twee",
    "game/BJX/Hive/Hive Animal Hunting Rabbit.twee",
    "game/BJX/Hive/Hive Animal Hunting Refuse.twee",
    "game/BJX/Hive/Hive Animal Hunting.twee",
    "game/BJX/Hive/Hive Approach.twee",
    "game/BJX/Hive/Hive Barracks Relax.twee",
    "game/BJX/Hive/Hive Barracks Sleep.twee",
    "game/BJX/Hive/Hive Barracks.twee",
    "game/BJX/Hive/Hive Cell Hole.twee",
    "game/BJX/Hive/Hive Cell Outside.twee",
    "game/BJX/Hive/Hive Cell Sleep 1.twee",
    "game/BJX/Hive/Hive Cell Sleep 2.twee",
    "game/BJX/Hive/Hive Cell Wait.twee",
    "game/BJX/Hive/Hive Cell Wall Examine.twee",
    "game/BJX/Hive/Hive Cell Wall Tear.twee",
    "game/BJX/Hive/Hive Cell.twee",
    "game/BJX/Hive/Hive Corridor.twee",
    "game/BJX/Hive/Hive Entrance Accepted.twee",
    "game/BJX/Hive/Hive Entrance Rejected.twee",
    "game/BJX/Hive/Hive Entrance.twee",
    "game/BJX/Hive/Hive Observe Gang Rape Finish.twee",
    "game/BJX/Hive/Hive Observe Gang Rape.twee",
    "game/BJX/Hive/Hive Observe.twee",
    "game/BJX/Hive/Hive Passout Rape Finish.twee",
    "game/BJX/Hive/Hive Passout Rape.twee",
    "game/BJX/Hive/Hive Pod.twee",
    "game/BJX/Hive/Hive Pollen Collection 2 Allow.twee",
    "game/BJX/Hive/Hive Pollen Collection 2 Resist Finish.twee",
    "game/BJX/Hive/Hive Pollen Collection 2 Resist.twee",
    "game/BJX/Hive/Hive Pollen Collection 2 Sex Finish.twee",
    "game/BJX/Hive/Hive Pollen Collection 2 Sex.twee",
    "game/BJX/Hive/Hive Pollen Collection Bully Do Nothing.twee",
    "game/BJX/Hive/Hive Pollen Collection Bully Intervene.twee",
    "game/BJX/Hive/Hive Pollen Collection Children Lose.twee",
    "game/BJX/Hive/Hive Pollen Collection Children Play.twee",
    "game/BJX/Hive/Hive Pollen Collection Children Refuse.twee",
    "game/BJX/Hive/Hive Pollen Collection Children Win.twee",
    "game/BJX/Hive/Hive Pollen Collection Cleaner Agree.twee",
    "game/BJX/Hive/Hive Pollen Collection Cleaner Refuse.twee",
    "game/BJX/Hive/Hive Pollen Collection Licking End.twee",
    "game/BJX/Hive/Hive Pollen Collection Nurse Agree.twee",
    "game/BJX/Hive/Hive Pollen Collection Refuse.twee",
    "game/BJX/Hive/Hive Pollen Collection Wax End.twee",
    "game/BJX/Hive/Hive Pollen Collection.twee",
    "game/BJX/Hive/Hive Settings.twee",
    "game/BJX/Hive/Hive Taylor Hangout.twee",
    "game/BJX/Hive/Hive Taylor Introduction.twee",
    "game/BJX/Hive/Hive Throne Room.twee",
    "game/BJX/Hive/Hive Wasp Continue.twee",
    "game/BJX/Hive/Hive Wasp Detect.twee",
    "game/BJX/Hut/Hut Explore.twee",
    "game/BJX/Ice/Ice Shrine Pray.twee",
    "game/BJX/Ice/Ice Shrine.twee",
    "game/BJX/Jordan/Jordan Slime Inquiry 2.twee",
    "game/BJX/Jordan/Jordan Slime Inquiry.twee",
    "game/BJX/Kiss/Kiss Casey.twee",
    "game/BJX/Kiss/Kiss Motor.twee",
    "game/BJX/Living/Living Clothes Continue.twee",
    "game/BJX/Living/Living Clothes Discovery.twee",
    "game/BJX/Living/Living Clothes Edging.twee",
    "game/BJX/Living/Living Clothes Go Back.twee",
    "game/BJX/Living/Living Clothes Pre Edging.twee",
    "game/BJX/Living/Living Clothes Resisting 2.twee",
    "game/BJX/Living/Living Clothes Resisting.twee",
    "game/BJX/Living/Living Clothes Surrender.twee",
    "game/BJX/Living/Living Clothes Test.twee",
    "game/BJX/Lust/Lust Slime 2.twee",
    "game/BJX/Lust/Lust Slime.twee",
    "game/BJX/Missing/Missing Poster.twee",
    "game/BJX/Mushroom/Mushroom Evolve.twee",
    "game/BJX/Mushroom/Mushroom Grove Grow.twee",
    "game/BJX/Mushroom/Mushroom Grove Lie Down.twee",
    "game/BJX/Mushroom/Mushroom Grove Rip.twee",
    "game/BJX/Mushroom/Mushroom Grove.twee",
    "game/BJX/Notes/Notes 1.twee",
    "game/BJX/Notes/Notes 2.twee",
    "game/BJX/Notes/Notes 3.twee",
    "game/BJX/Notes/Notes 4.twee",
    "game/BJX/Notes/Notes 5.twee",
    "game/BJX/Notes/Notes 6.twee",
    "game/BJX/Pay/Pay Another.twee",
    "game/BJX/Plane/Plane Explore.twee",
    "game/BJX/Pure/Pure Pool 2.twee",
    "game/BJX/Pure/Pure Pool 3.twee",
    "game/BJX/Pure/Pure Pool 4.twee",
    "game/BJX/Pure/Pure Pool 5.twee",
    "game/BJX/Pure/Pure Pool Retreat.twee",
    "game/BJX/Pure/Pure Pool.twee",
    "game/BJX/Purified/Purified Slime.twee",
    "game/BJX/Quinn/Quinn Blackmail.twee",
    "game/BJX/Raccoon/Raccoon Escape.twee",
    "game/BJX/Raccoons/Raccoons Ejaculation.twee",
    "game/BJX/Raccoons/Raccoons End.twee",
    "game/BJX/Raccoons/Raccoons Love Ejaculation.twee",
    "game/BJX/Raccoons/Raccoons Love Finish.twee",
    "game/BJX/Raccoons/Raccoons Love.twee",
    "game/BJX/Raccoons/Raccoons Rape Ejaculation.twee",
    "game/BJX/Raccoons/Raccoons Rape End.twee",
    "game/BJX/Raccoons/Raccoons Rape Escape.twee",
    "game/BJX/Raccoons/Raccoons Rape.twee",
    "game/BJX/Raccoons/Raccoons.twee",
    "game/BJX/Seasons/Seasons Island Ant Finish.twee",
    "game/BJX/Seasons/Seasons Island Ant.twee",
    "game/BJX/Seasons/Seasons Island Bear Finish.twee",
    "game/BJX/Seasons/Seasons Island Bear.twee",
    "game/BJX/Seasons/Seasons Island Dock.twee",
    "game/BJX/Seasons/Seasons Island Inn Bed.twee",
    "game/BJX/Seasons/Seasons Island Inn Sleep.twee",
    "game/BJX/Seasons/Seasons Island Inn.twee",
    "game/BJX/Seasons/Seasons Island Landing Boat.twee",
    "game/BJX/Seasons/Seasons Island Landing.twee",
    "game/BJX/Seasons/Seasons Island Market.twee",
    "game/BJX/Seasons/Seasons Island Rape.twee",
    "game/BJX/Seasons/Seasons Island Shrine.twee",
    "game/BJX/Seasons/Seasons Island Struggle Finish.twee",
    "game/BJX/Seasons/Seasons Island Struggle.twee",
    "game/BJX/Seasons/Seasons Island Wolf Finish.twee",
    "game/BJX/Seasons/Seasons Island Wolf.twee",
    "game/BJX/Seasons/Seasons Island.twee",
    "game/BJX/Shrine/Shrine Pray.twee",
    "game/BJX/Slime/Slime Reversion 2.twee",
    "game/BJX/Slime/Slime Reversion.twee",
    "game/BJX/Slime/Slime Shave.twee",
    "game/BJX/Slime/Slime Transformation 1.twee",
    "game/BJX/Slime/Slime Transformation 2.twee",
    "game/BJX/Slime/Slime Transformation 3.twee",
    "game/BJX/Slime/Slime Transformation 4.twee",
    "game/BJX/Slime/Slime Transformation Redux 2.twee",
    "game/BJX/Slime/Slime Transformation Redux.twee",
    "game/BJX/Taylor/Taylor Go Somewhere.twee",
    "game/BJX/Taylor/Taylor Hang Out First Time.twee",
    "game/BJX/Taylor/Taylor Home Hang Out.twee",
    "game/BJX/Taylor/Taylor Meeting After Freed.twee",
    "game/BJX/Taylor/Taylor Meeting.twee",
    "game/BJX/Taylor/Taylor Night Leave.twee",
    "game/BJX/Taylor/Taylor Reason.twee",
    "game/BJX/Taylor/Taylor Study Together.twee",
    "game/BJX/Throne/Throne Hunter Job.twee",
    "game/BJX/Throne/Throne Job Assignment.twee",
    "game/BJX/Throne/Throne Vouch 1.twee",
    "game/BJX/Throne/Throne Vouch 2.twee",
    "game/BJX/Throne/Throne Worker Job.twee",
    "game/BJX/chastityBreakDemon/chastityBreakDemon.twee",
    "game/BJX_mod_ML/BJX_Transformation Widgets.twee",
    "game/BJX_mod_ML/BJX_Widgets Actions Generation.twee",
    "game/BJX_mod_ML/BJX_optionsmods.twee",
    "game/DOL/Bailey's/Bailey's Office Break In.twee",
    "game/DOL/Bailey's/Bailey's Office Lockpick.twee",
    "game/DOL/Bird/Bird Tower Bask Groom Dragon.twee",
    "game/DOL/Bird/Bird Tower Ghost Descend.twee",
    "game/DOL/Boat/Boat Rape Finish.twee",
    "game/DOL/Boat/Boat Rape.twee",
    "game/DOL/Boat/Boat Refuse.twee",
    "game/DOL/Boat/Boat Return Rape Finish.twee",
    "game/DOL/Boat/Boat Return Rape.twee",
    "game/DOL/Castle/Castle Demon Book.twee",
    "game/DOL/Demon/Demon Book Read.twee",
    "game/DOL/Demon/Demon Book Take.twee",
    "game/DOL/Demon/Demon Rape 1 Finish.twee",
    "game/DOL/Demon/Demon Rape 1.twee",
    "game/DOL/Demon/Demon Rape 2 Finish.twee",
    "game/DOL/Demon/Demon Rape 2.twee",
    "game/DOL/Docks/Docks Ride.twee",
    "game/DOL/Ejaculation/Ejaculation Demon 2.twee",
    "game/DOL/Farm/Farm Slime Shave.twee",
    "game/DOL/Farm/Farm Upgrades Tractor 1.twee",
    "game/DOL/Farm/Farm Upgrades Tractor 2.twee",
    "game/DOL/Farm/Farm Upgrades Tractor 3.twee",
    "game/DOL/Farm/Farm Upgrades Tractor Harvester.twee",
    "game/DOL/Farm/Farm Upgrades Tractor Loader.twee",
    "game/DOL/Farm/Farm Upgrades Tractor Plough.twee",
    "game/DOL/Farm/Farm Upgrades Tractor Seed Drill.twee",
    "game/DOL/Forest/Forest Dragon Molestation Finish.twee",
    "game/DOL/Forest/Forest Dragon Molestation.twee",
    "game/DOL/Forest/Forest Mansion Awaken.twee",
    "game/DOL/Forest/Forest Mansion Bed.twee",
    "game/DOL/Forest/Forest Mansion Bottle Drink.twee",
    "game/DOL/Forest/Forest Mansion Bottle Take.twee",
    "game/DOL/Forest/Forest Mansion Cellar Exorcism Return.twee",
    "game/DOL/Forest/Forest Mansion Cellar Exorcism.twee",
    "game/DOL/Forest/Forest Mansion Cellar.twee",
    "game/DOL/Forest/Forest Mansion Coffee Ending.twee",
    "game/DOL/Forest/Forest Mansion Dining Room.twee",
    "game/DOL/Forest/Forest Mansion Entrance.twee",
    "game/DOL/Forest/Forest Mansion Exorcism.twee",
    "game/DOL/Forest/Forest Mansion Explore.twee",
    "game/DOL/Forest/Forest Mansion Giving to Museum.twee",
    "game/DOL/Forest/Forest Mansion Goodbye.twee",
    "game/DOL/Forest/Forest Mansion Guest Suite.twee",
    "game/DOL/Forest/Forest Mansion Kitchen.twee",
    "game/DOL/Forest/Forest Mansion Landing.twee",
    "game/DOL/Forest/Forest Mansion Left Hallway.twee",
    "game/DOL/Forest/Forest Mansion Look Around.twee",
    "game/DOL/Forest/Forest Mansion Master Suite.twee",
    "game/DOL/Forest/Forest Mansion Mirror.twee",
    "game/DOL/Forest/Forest Mansion Pick Lock.twee",
    "game/DOL/Forest/Forest Mansion Right Hallway.twee",
    "game/DOL/Forest/Forest Mansion Save For Later.twee",
    "game/DOL/Forest/Forest Mansion Servant Quarters.twee",
    "game/DOL/Forest/Forest Mansion Sleep.twee",
    "game/DOL/Forest/Forest Mansion Spiders Finish.twee",
    "game/DOL/Forest/Forest Mansion Spiders.twee",
    "game/DOL/Forest/Forest Mansion Study.twee",
    "game/DOL/Forest/Forest Mansion Taylor Leave.twee",
    "game/DOL/Forest/Forest Mansion Wardrobe.twee",
    "game/DOL/Forest/Forest Raccoon Sex Finish.twee",
    "game/DOL/Forest/Forest Raccoon Sex.twee",
    "game/DOL/Forest/Forest Raccoon.twee",
    "game/DOL/Harper/Harper Slime Inquiry.twee",
    "game/DOL/Home/Home Open Antiquescroll.twee",
    "game/DOL/Hospital/Hospital Demonhunter.twee",
    "game/DOL/Hospital/Hospital Demonhunter2.twee",
    "game/DOL/Hospital/Hospital Mushroom.twee",
    "game/DOL/Hospital/Hospital Parasite Private Livingclothes.twee",
    "game/DOL/Hospital/Hospital Parasite Private Mushrooms.twee",
    "game/DOL/Hospital/Hospital Parasite Private2 Livingclothes.twee",
    "game/DOL/Hospital/Hospital Parasite Private2 Mushrooms.twee",
    "game/DOL/Lake/Lake House Assault Intro.twee",
    "game/DOL/Lake/Lake House Assault Wardrobe.twee",
    "game/DOL/Lake/Lake House Backyard.twee",
    "game/DOL/Lake/Lake House Bailey Pay.twee",
    "game/DOL/Lake/Lake House Bailey Refuse.twee",
    "game/DOL/Lake/Lake House Bailey.twee",
    "game/DOL/Lake/Lake House Basement.twee",
    "game/DOL/Lake/Lake House Bath Finish.twee",
    "game/DOL/Lake/Lake House Bath Masturbation Finish.twee",
    "game/DOL/Lake/Lake House Bath Masturbation.twee",
    "game/DOL/Lake/Lake House Bath.twee",
    "game/DOL/Lake/Lake House Bathroom.twee",
    "game/DOL/Lake/Lake House Bed.twee",
    "game/DOL/Lake/Lake House Bedroom.twee",
    "game/DOL/Lake/Lake House Bills.twee",
    "game/DOL/Lake/Lake House Cam Show Dance.twee",
    "game/DOL/Lake/Lake House Cam Show Masturbate Finish.twee",
    "game/DOL/Lake/Lake House Cam Show Masturbate.twee",
    "game/DOL/Lake/Lake House Cat Sex Finish.twee",
    "game/DOL/Lake/Lake House Cat Sex.twee",
    "game/DOL/Lake/Lake House Console.twee",
    "game/DOL/Lake/Lake House Dog Sex Finish.twee",
    "game/DOL/Lake/Lake House Dog Sex.twee",
    "game/DOL/Lake/Lake House Dye pubic hair Finish.twee",
    "game/DOL/Lake/Lake House Dye pubic hair.twee",
    "game/DOL/Lake/Lake House Fetch Dog.twee",
    "game/DOL/Lake/Lake House Fuck Cat.twee",
    "game/DOL/Lake/Lake House Fuck Dog.twee",
    "game/DOL/Lake/Lake House Large Bear Plushie Cuddle.twee",
    "game/DOL/Lake/Lake House Masturbation Finish.twee",
    "game/DOL/Lake/Lake House Masturbation.twee",
    "game/DOL/Lake/Lake House Mirror.twee",
    "game/DOL/Lake/Lake House Observe Terrarium.twee",
    "game/DOL/Lake/Lake House Online Search.twee",
    "game/DOL/Lake/Lake House Outdoor.twee",
    "game/DOL/Lake/Lake House Passout.twee",
    "game/DOL/Lake/Lake House Pet Rename.twee",
    "game/DOL/Lake/Lake House Play Computer.twee",
    "game/DOL/Lake/Lake House Repossession.twee",
    "game/DOL/Lake/Lake House Shave balls.twee",
    "game/DOL/Lake/Lake House Shave clean.twee",
    "game/DOL/Lake/Lake House Shave pubis.twee",
    "game/DOL/Lake/Lake House Shave strip.twee",
    "game/DOL/Lake/Lake House Shave trim.twee",
    "game/DOL/Lake/Lake House Shave.twee",
    "game/DOL/Lake/Lake House Sleep.twee",
    "game/DOL/Lake/Lake House Slime Shave.twee",
    "game/DOL/Lake/Lake House Snuggle Cat.twee",
    "game/DOL/Lake/Lake House TV.twee",
    "game/DOL/Lake/Lake House Upgrades Build.twee",
    "game/DOL/Lake/Lake House Upgrades Dog Training.twee",
    "game/DOL/Lake/Lake House Upgrades Guard Post.twee",
    "game/DOL/Lake/Lake House Upgrades Tower 2.twee",
    "game/DOL/Lake/Lake House Upgrades Tower.twee",
    "game/DOL/Lake/Lake House Upgrades Traps 1.twee",
    "game/DOL/Lake/Lake House Upgrades Traps 2.twee",
    "game/DOL/Lake/Lake House Upgrades Wall 1.twee",
    "game/DOL/Lake/Lake House Upgrades Wall 2.twee",
    "game/DOL/Lake/Lake House Upgrades Wall 3.twee",
    "game/DOL/Lake/Lake House Upgrades.twee",
    "game/DOL/Lake/Lake House Wardrobe.twee",
    "game/DOL/Lake/Lake House Wooden Horse.twee",
    "game/DOL/Lake/Lake House.twee",
    "game/DOL/Maths/Maths Project Endure Lake House.twee",
    "game/DOL/Maths/Maths Project Outside Lake House Rape.twee",
    "game/DOL/Maths/Maths Project Outside Lake House.twee",
    "game/DOL/Maths/Maths Project Outside Rape Lake House Finish.twee",
    "game/DOL/Maths/Maths Project Void Lake Rape Finish.twee",
    "game/DOL/Maths/Maths Project Void Lake Rape.twee",
    "game/DOL/Maths/Maths Project Void Lake.twee",
    "game/DOL/Meadow/Meadow Sheep Rape Finish.twee",
    "game/DOL/Meadow/Meadow Sheep Rape.twee",
    "game/DOL/Meadow/Meadow Sheep Resist.twee",
    "game/DOL/Meadow/Meadow Sheep Sex Finish.twee",
    "game/DOL/Meadow/Meadow Sheep Sex.twee",
    "game/DOL/Moor/Moor Dragon Finish.twee",
    "game/DOL/Moor/Moor Dragon.twee",
    "game/DOL/Moor/Moor Dragons Continue.twee",
    "game/DOL/Moor/Moor Dragons Detour.twee",
    "game/DOL/Moor/Moor Dragons Rape End.twee",
    "game/DOL/Moor/Moor Dragons Rape.twee",
    "game/DOL/Moor/Moor Food Stand.twee",
    "game/DOL/Moor/Moor Hamburger.twee",
    "game/DOL/Museum/Museum Antique Greed Cup.twee",
    "game/DOL/Museum/Museum Antique Liquor.twee",
    "game/DOL/Museum/Museum Antique Mushroom.twee",
    "game/DOL/Museum/Museum Antique Scroll.twee",
    "game/DOL/Museum/Museum Art Tablet.twee",
    "game/DOL/Museum/Museum Bog Bone.twee",
    "game/DOL/Museum/Museum Bog Plate.twee",
    "game/DOL/Museum/Museum Bog Tool.twee",
    "game/DOL/Museum/Museum Bullion.twee",
    "game/DOL/Museum/Museum Bunker Tablet.twee",
    "game/DOL/Museum/Museum Bunker Tag.twee",
    "game/DOL/Museum/Museum Cannonball.twee",
    "game/DOL/Museum/Museum Ebony Statue.twee",
    "game/DOL/Museum/Museum Glacier Plant.twee",
    "game/DOL/Museum/Museum Indigo.twee",
    "game/DOL/Museum/Museum Real.twee",
    "game/DOL/Museum/Museum Red Vial.twee",
    "game/DOL/Museum/Museum Return.twee",
    "game/DOL/Museum/Museum Take.twee",
    "game/DOL/Museum/Museum Terracotta Statue.twee",
    "game/DOL/Museum/Museum Tribal Mask.twee",
    "game/DOL/Orphanage/Orphanage Basement.twee",
    "game/DOL/Pet/Pet Shop Cat Buy.twee",
    "game/DOL/Pet/Pet Shop Dog Buy.twee",
    "game/DOL/Robin/Robin Dragon.twee",
    "game/DOL/Robin/Robin Raccoon.twee",
    "game/DOL/School/School Leave Whitney Hurt.twee",
    "game/DOL/Sea/Sea Dive.twee",
    "game/DOL/Sea/Sea Reef.twee",
    "game/DOL/Sea/Sea Swarm Finish.twee",
    "game/DOL/Sea/Sea Swarm.twee",
    "game/DOL/Sewers/Sewers Slime Again.twee",
    "game/DOL/Sydney/Sydney Chastity Remove Again.twee",
    "game/DOL/Sydney/Sydney Temple Corrupt Again 2.twee",
    "game/DOL/Sydney/Sydney Temple Corrupt Again.twee",
    "game/DOL/Sydney/Sydney Temple Corrupt Fight Again Finish.twee",
    "game/DOL/Sydney/Sydney Temple Corrupt Fight Again.twee",
    "game/DOL/Sydney/Sydney Temple Corrupt Pick Again.twee",
    "game/DOL/Sydney/Sydney Temple Corrupt Search Again.twee",
    "game/DOL/Sydney/Sydney Temple Pure Again 2.twee",
    "game/DOL/Sydney/Sydney Temple Pure Again 3.twee",
    "game/DOL/Sydney/Sydney Temple Pure Again.twee",
    "game/DOL/Sydney/Sydney Temple Pure Cancel.twee",
    "game/DOL/Take/Take Off Seasons Island.twee",
    "game/DOL/Take/Take Off.twee",
    "game/DOL/Temple/Temple Ghost.twee",
    "game/DOL/Temple/Temple Lichen Ghost.twee",
    "game/DOL/Temple/Temple Sydney Chastity.twee",
    "game/DOL/Tentacle/Tentacle Plains Dragon.twee",
    "game/DOL/Tentacle/Tentacle Plains Fox New.twee",
    "game/DOL/The/The Bunker Intro.twee",
    "game/DOL/Town/Town Hall Buy All.twee",
    "game/DOL/Town/Town Hall Office Ask For.twee",
    "game/DOL/Town/Town Hall Office Lace Take.twee",
    "game/DOL/Town/Town Hall Office Leave.twee",
    "game/DOL/Town/Town Hall Office.twee",
    "game/DOL/Town/Town Hall Pay Bills.twee",
    "game/DOL/Town/Town Hall Projects Home 1.twee",
    "game/DOL/Town/Town Hall Projects Home 2.twee",
    "game/DOL/Town/Town Hall Projects Home Buy.twee",
    "game/DOL/Trash/Trash Mammals.twee",
    "game/DOL/Widgets/Widgets Actions Tail.twee",
    "game/DOL/Widgets/Widgets Actions Transformations.twee",
    "game/DOL/Widgets/Widgets Bjx Clothes Functions.twee",
    "game/DOL/Widgets/Widgets Bunker.twee",
    "game/DOL/Widgets/Widgets Fly.twee",
    "game/DOL/Widgets/Widgets Forest Mansion.twee",
    "game/DOL/Widgets/Widgets Hive.twee",
    "game/DOL/Widgets/Widgets Lake House.twee",
    "game/DOL/Widgets/Widgets MushroomTfCheck.twee",
    "game/DOL/Widgets/Widgets MushroomTfOptions.twee",
    "game/DOL/Widgets/Widgets Seasons Island.twee",
    "game/DOL/Widgets/Widgets Taylor.twee",
    "game/DOL/Widgets/Widgets variablesModUpdate.twee"
  ],
  "imgFileList": [],
  "additionFile": [
    "readme.md",
    "replace_addon/Characteristics.json",
    "replace_addon/MuseumAntiques.json",
    "replace_addon/Tentacle Plains.json",
    "replace_addon/Traits.json",
    "replace_addon/Transformation Widgets.json",
    "replace_addon/Widgets Actions Generation.json",
    "replace_addon/cheat.json",
    "replace_addon/cheat_transform.txt",
    "replace_addon/location_Street_patch.json",
    "replace_addon/npcNamed.json",
    "replace_addon/story_patch.json",
    "replace_addon/widget_patch.json"
  ],
  "addonPlugin": [
    {
      "modName": "ModLoader DoL ImageLoaderHook",
      "addonName": "ImageLoaderAddon",
      "modVersion": "^2.0.0",
      "params": []
    },
    {
      "modName": "TweeReplacer",
      "addonName": "TweeReplacerAddon",
      "modVersion": "^1.6.0",
      "paramsFiles": [
        "replace_addon/story_patch.json",
        "replace_addon/location_Street_patch.json",
        "replace_addon/widget_patch.json",
        "replace_addon/Characteristics.json",
        "replace_addon/cheat.json",
        "replace_addon/MuseumAntiques.json",
        "replace_addon/npcNamed.json",
        "replace_addon/Tentacle Plains.json",
        "replace_addon/Traits.json",
        "replace_addon/Transformation Widgets.json",
        "replace_addon/Widgets Actions Generation.json"
      ],
      "params": []
    }
  ],
  "dependenceInfo": [
    {
      "modName": "ModLoader",
      "version": ">2.0.0"
    },
    {
      "modName": "TweeReplacer",
      "version": ">=1.6.0"
    },
    {
      "modName": "ReplacePatcher",
      "version": ">1.0.0"
    },
    {
      "modName": "ModLoader DoL ImageLoaderHook",
      "version": ">2.0.0"
    }
  ]
}