{
  "name": "DOL-BJX_Extended",
  "version": "bjx2.2.8-0.0.1",
  "modPacker": {
    "modScriptFolder": {
      "tweeFileList": [
        "game/**/**/*.twee"
      ]
    }
  },
  "styleFileList": [],
  "scriptFileList": [],
  "tweeFileList": [
    "game/BJX/Ant/Ant Colony Clean.twee",
    "game/BJX/Ant/Ant Colony Dig.twee",
    "game/BJX/Ant/Ant Colony Shrine.twee",
    "game/BJX/Ant/Ant Guard 1 Finish.twee",
    "game/BJX/Ant/Ant Guard 1.twee",
    "game/BJX/Ant/Ant Guard 2 Finish.twee",
    "game/BJX/Ant/Ant Guard 2.twee",
    "game/BJX/Ant/Ant Guard 3 Finish.twee",
    "game/BJX/Ant/Ant Guard 3.twee",
    "game/BJX/Ant/Ant Kidnapped.twee",
    "game/BJX/Ant/Ant Passout.twee",
    "game/BJX/Ant/Ant Shrine Pray.twee",
    "game/BJX/Ant/Ant Slavery.twee",
    "game/BJX/Anthill/Anthill.twee",
    "game/BJX/Antique/Antique Greed Close Box.twee",
    "game/BJX/Antique/Antique Greed Open Box.twee",
    "game/BJX/Antique/Antique Greed Take.twee",
    "game/BJX/Antique/Antique Ivory Neck Lace Wear.twee",
    "game/BJX/Basement/Basement Blackmail.twee",
    "game/BJX/Basement/Basement Bluff.twee",
    "game/BJX/Basement/Basement Cage.twee",
    "game/BJX/Basement/Basement Caught Finish.twee",
    "game/BJX/Basement/Basement Caught.twee",
    "game/BJX/Basement/Basement Duct.twee",
    "game/BJX/Basement/Basement Hallway.twee",
    "game/BJX/Basement/Basement Keypad.twee",
    "game/BJX/Basement/Basement Lockpick.twee",
    "game/BJX/Basement/Basement Tentacle.twee",
    "game/BJX/Basement/Basement Tripwire 2.twee",
    "game/BJX/Basement/Basement Tripwire.twee",
    "game/BJX/Bog/Bog Frog Finish.twee",
    "game/BJX/Bog/Bog Frog.twee",
    "game/BJX/Bog/Bog Mosquito End.twee",
    "game/BJX/Bog/Bog Mosquito.twee",
    "game/BJX/Bunker/Bunker Exit.twee",
    "game/BJX/Bunker/Bunker Rat Finish.twee",
    "game/BJX/Bunker/Bunker Rat.twee",
    "game/BJX/Bunker/Bunker Scroll.twee",
    "game/BJX/Bunker/Bunker Scroll2.twee",
    "game/BJX/Bunker/Bunker Spider Finish.twee",
    "game/BJX/Bunker/Bunker Spider.twee",
    "game/BJX/Bunker/Bunker.twee",
    "game/BJX/Bye/Bye Casey.twee",
    "game/BJX/Bye/Bye Motor.twee",
    "game/BJX/Casey/Casey Again.twee",
    "game/BJX/Casey/Casey Deny Smoke.twee",
    "game/BJX/Casey/Casey Hang Out.twee",
    "game/BJX/Casey/Casey Hello.twee",
    "game/BJX/Casey/Casey Introduction.twee",
    "game/BJX/Casey/Casey Ride Home.twee",
    "game/BJX/Casey/Casey Smoke.twee",
    "game/BJX/Casey/Casey Walk Home Robin.twee",
    "game/BJX/Casey/Casey Walk Home.twee",
    "game/BJX/Cell/Cell Bee Sex Finish.twee",
    "game/BJX/Cell/Cell Bee Sex.twee",
    "game/BJX/Cell/Cell Honey Accept.twee",
    "game/BJX/Cell/Cell Honey Refuse.twee",
    "game/BJX/Cell/Cell Sex Accept.twee",
    "game/BJX/Cell/Cell Sex Refuse.twee",
    "game/BJX/Code/Code.twee",
    "game/BJX/Colony/Colony Ant Finish.twee",
    "game/BJX/Colony/Colony Ant Rape Finish.twee",
    "game/BJX/Colony/Colony Ant Rape.twee",
    "game/BJX/Colony/Colony Ant.twee",
    "game/BJX/Deep/Deep Sea Ship Find.twee",
    "game/BJX/Deep/Deep Sea Ship Pots.twee",
    "game/BJX/Deep/Deep Sea Ship Statue.twee",
    "game/BJX/Deep/Deep Sea Ship Swarm Finish.twee",
    "game/BJX/Deep/Deep Sea Ship Swarm.twee",
    "game/BJX/Deep/Deep Sea Ship.twee",
    "game/BJX/Deer/Deer Rape Finish.twee",
    "game/BJX/Deer/Deer Rape.twee",
    "game/BJX/Desert/Desert Dock Ride.twee",
    "game/BJX/Desert/Desert Village Pay.twee",
    "game/BJX/Desert/Desert Village Room.twee",
    "game/BJX/Desert/Desert Village.twee",
    "game/BJX/Fly/Fly.twee",
    "game/BJX/Ghost/Ghost Van Escape.twee",
    "game/BJX/Help/Help Scavenge.twee",
    "game/BJX/Hive/Hive Animal Hunting Architect Agree.twee",
    "game/BJX/Hive/Hive Animal Hunting Arrest.twee",
    "game/BJX/Hive/Hive Animal Hunting Chase Observer 1.twee",
    "game/BJX/Hive/Hive Animal Hunting Chase Observer 2.twee",
    "game/BJX/Hive/Hive Animal Hunting Construction.twee",
    "game/BJX/Hive/Hive Animal Hunting Find Observer.twee",
    "game/BJX/Hive/Hive Animal Hunting Free.twee",
    "game/BJX/Hive/Hive Animal Hunting Give Up.twee",
    "game/BJX/Hive/Hive Animal Hunting Guard Agree.twee",
    "game/BJX/Hive/Hive Animal Hunting Rabbit.twee",
    "game/BJX/Hive/Hive Animal Hunting Refuse.twee",
    "game/BJX/Hive/Hive Animal Hunting.twee",
    "game/BJX/Hive/Hive Approach.twee",
    "game/BJX/Hive/Hive Barracks Relax.twee",
    "game/BJX/Hive/Hive Barracks Sleep.twee",
    "game/BJX/Hive/Hive Barracks.twee",
    "game/BJX/Hive/Hive Cell Hole.twee",
    "game/BJX/Hive/Hive Cell Outside.twee",
    "game/BJX/Hive/Hive Cell Sleep 1.twee",
    "game/BJX/Hive/Hive Cell Sleep 2.twee",
    "game/BJX/Hive/Hive Cell Wait.twee",
    "game/BJX/Hive/Hive Cell Wall Examine.twee",
    "game/BJX/Hive/Hive Cell Wall Tear.twee",
    "game/BJX/Hive/Hive Cell.twee",
    "game/BJX/Hive/Hive Corridor.twee",
    "game/BJX/Hive/Hive Entrance Accepted.twee",
    "game/BJX/Hive/Hive Entrance Rejected.twee",
    "game/BJX/Hive/Hive Entrance.twee",
    "game/BJX/Hive/Hive Observe Gang Rape Finish.twee",
    "game/BJX/Hive/Hive Observe Gang Rape.twee",
    "game/BJX/Hive/Hive Observe.twee",
    "game/BJX/Hive/Hive Passout Rape Finish.twee",
    "game/BJX/Hive/Hive Passout Rape.twee",
    "game/BJX/Hive/Hive Pod.twee",
    "game/BJX/Hive/Hive Pollen Collection 2 Allow.twee",
    "game/BJX/Hive/Hive Pollen Collection 2 Resist Finish.twee",
    "game/BJX/Hive/Hive Pollen Collection 2 Resist.twee",
    "game/BJX/Hive/Hive Pollen Collection 2 Sex Finish.twee",
    "game/BJX/Hive/Hive Pollen Collection 2 Sex.twee",
    "game/BJX/Hive/Hive Pollen Collection Bully Do Nothing.twee",
    "game/BJX/Hive/Hive Pollen Collection Bully Intervene.twee",
    "game/BJX/Hive/Hive Pollen Collection Children Lose.twee",
    "game/BJX/Hive/Hive Pollen Collection Children Play.twee",
    "game/BJX/Hive/Hive Pollen Collection Children Refuse.twee",
    "game/BJX/Hive/Hive Pollen Collection Children Win.twee",
    "game/BJX/Hive/Hive Pollen Collection Cleaner Agree.twee",
    "game/BJX/Hive/Hive Pollen Collection Cleaner Refuse.twee",
    "game/BJX/Hive/Hive Pollen Collection Licking End.twee",
    "game/BJX/Hive/Hive Pollen Collection Nurse Agree.twee",
    "game/BJX/Hive/Hive Pollen Collection Refuse.twee",
    "game/BJX/Hive/Hive Pollen Collection Wax End.twee",
    "game/BJX/Hive/Hive Pollen Collection.twee",
    "game/BJX/Hive/Hive Settings.twee",
    "game/BJX/Hive/Hive Taylor Hangout.twee",
    "game/BJX/Hive/Hive Taylor Introduction.twee",
    "game/BJX/Hive/Hive Throne Room.twee",
    "game/BJX/Hive/Hive Wasp Continue.twee",
    "game/BJX/Hive/Hive Wasp Detect.twee",
    "game/BJX/Hut/Hut Explore.twee",
    "game/BJX/Ice/Ice Shrine Pray.twee",
    "game/BJX/Ice/Ice Shrine.twee",
    "game/BJX/Jordan/Jordan Slime Inquiry 2.twee",
    "game/BJX/Jordan/Jordan Slime Inquiry.twee",
    "game/BJX/Kiss/Kiss Casey.twee",
    "game/BJX/Kiss/Kiss Motor.twee",
    "game/BJX/Living/Living Clothes Continue.twee",
    "game/BJX/Living/Living Clothes Discovery.twee",
    "game/BJX/Living/Living Clothes Edging.twee",
    "game/BJX/Living/Living Clothes Go Back.twee",
    "game/BJX/Living/Living Clothes Pre Edging.twee",
    "game/BJX/Living/Living Clothes Resisting 2.twee",
    "game/BJX/Living/Living Clothes Resisting.twee",
    "game/BJX/Living/Living Clothes Surrender.twee",
    "game/BJX/Living/Living Clothes Test.twee",
    "game/BJX/Lust/Lust Slime 2.twee",
    "game/BJX/Lust/Lust Slime.twee",
    "game/BJX/Missing/Missing Poster.twee",
    "game/BJX/Mushroom/Mushroom Evolve.twee",
    "game/BJX/Mushroom/Mushroom Grove Grow.twee",
    "game/BJX/Mushroom/Mushroom Grove Lie Down.twee",
    "game/BJX/Mushroom/Mushroom Grove Rip.twee",
    "game/BJX/Mushroom/Mushroom Grove.twee",
    "game/BJX/Notes/Notes 1.twee",
    "game/BJX/Notes/Notes 2.twee",
    "game/BJX/Notes/Notes 3.twee",
    "game/BJX/Notes/Notes 4.twee",
    "game/BJX/Notes/Notes 5.twee",
    "game/BJX/Notes/Notes 6.twee",
    "game/BJX/Pay/Pay Another.twee",
    "game/BJX/Plane/Plane Explore.twee",
    "game/BJX/Pure/Pure Pool 2.twee",
    "game/BJX/Pure/Pure Pool 3.twee",
    "game/BJX/Pure/Pure Pool 4.twee",
    "game/BJX/Pure/Pure Pool 5.twee",
    "game/BJX/Pure/Pure Pool Retreat.twee",
    "game/BJX/Pure/Pure Pool.twee",
    "game/BJX/Purified/Purified Slime.twee",
    "game/BJX/Quinn/Quinn Blackmail.twee",
    "game/BJX/Raccoon/Raccoon Escape.twee",
    "game/BJX/Raccoons/Raccoons Ejaculation.twee",
    "game/BJX/Raccoons/Raccoons End.twee",
    "game/BJX/Raccoons/Raccoons Love Ejaculation.twee",
    "game/BJX/Raccoons/Raccoons Love Finish.twee",
    "game/BJX/Raccoons/Raccoons Love.twee",
    "game/BJX/Raccoons/Raccoons Rape Ejaculation.twee",
    "game/BJX/Raccoons/Raccoons Rape End.twee",
    "game/BJX/Raccoons/Raccoons Rape Escape.twee",
    "game/BJX/Raccoons/Raccoons Rape.twee",
    "game/BJX/Raccoons/Raccoons.twee",
    "game/BJX/Seasons/Seasons Island Ant Finish.twee",
    "game/BJX/Seasons/Seasons Island Ant.twee",
    "game/BJX/Seasons/Seasons Island Bear Finish.twee",
    "game/BJX/Seasons/Seasons Island Bear.twee",
    "game/BJX/Seasons/Seasons Island Dock.twee",
    "game/BJX/Seasons/Seasons Island Inn Bed.twee",
    "game/BJX/Seasons/Seasons Island Inn Sleep.twee",
    "game/BJX/Seasons/Seasons Island Inn.twee",
    "game/BJX/Seasons/Seasons Island Landing Boat.twee",
    "game/BJX/Seasons/Seasons Island Landing.twee",
    "game/BJX/Seasons/Seasons Island Market.twee",
    "game/BJX/Seasons/Seasons Island Rape.twee",
    "game/BJX/Seasons/Seasons Island Shrine.twee",
    "game/BJX/Seasons/Seasons Island Struggle Finish.twee",
    "game/BJX/Seasons/Seasons Island Struggle.twee",
    "game/BJX/Seasons/Seasons Island Wolf Finish.twee",
    "game/BJX/Seasons/Seasons Island Wolf.twee",
    "game/BJX/Seasons/Seasons Island.twee",
    "game/BJX/Shrine/Shrine Pray.twee",
    "game/BJX/Slime/Slime Reversion 2.twee",
    "game/BJX/Slime/Slime Reversion.twee",
    "game/BJX/Slime/Slime Shave.twee",
    "game/BJX/Slime/Slime Transformation 1.twee",
    "game/BJX/Slime/Slime Transformation 2.twee",
    "game/BJX/Slime/Slime Transformation 3.twee",
    "game/BJX/Slime/Slime Transformation 4.twee",
    "game/BJX/Slime/Slime Transformation Redux 2.twee",
    "game/BJX/Slime/Slime Transformation Redux.twee",
    "game/BJX/Taylor/Taylor Go Somewhere.twee",
    "game/BJX/Taylor/Taylor Hang Out First Time.twee",
    "game/BJX/Taylor/Taylor Home Hang Out.twee",
    "game/BJX/Taylor/Taylor Meeting After Freed.twee",
    "game/BJX/Taylor/Taylor Meeting.twee",
    "game/BJX/Taylor/Taylor Night Leave.twee",
    "game/BJX/Taylor/Taylor Reason.twee",
    "game/BJX/Taylor/Taylor Study Together.twee",
    "game/BJX/Throne/Throne Hunter Job.twee",
    "game/BJX/Throne/Throne Job Assignment.twee",
    "game/BJX/Throne/Throne Vouch 1.twee",
    "game/BJX/Throne/Throne Vouch 2.twee",
    "game/BJX/Throne/Throne Worker Job.twee",
    "game/BJX/chastityBreakDemon/chastityBreakDemon.twee",
    "game/DOL/Bailey's/Bailey's Office Break In.twee",
    "game/DOL/Bailey's/Bailey's Office Lockpick.twee",
    "game/DOL/Bird/Bird Tower Bask Groom Dragon.twee",
    "game/DOL/Bird/Bird Tower Ghost Descend.twee",
    "game/DOL/Boat/Boat Rape Finish.twee",
    "game/DOL/Boat/Boat Rape.twee",
    "game/DOL/Boat/Boat Refuse.twee",
    "game/DOL/Boat/Boat Return Rape Finish.twee",
    "game/DOL/Boat/Boat Return Rape.twee",
    "game/DOL/Castle/Castle Demon Book.twee",
    "game/DOL/Demon/Demon Book Read.twee",
    "game/DOL/Demon/Demon Book Take.twee",
    "game/DOL/Demon/Demon Rape 1 Finish.twee",
    "game/DOL/Demon/Demon Rape 1.twee",
    "game/DOL/Demon/Demon Rape 2 Finish.twee",
    "game/DOL/Demon/Demon Rape 2.twee",
    "game/DOL/Docks/Docks Ride.twee",
    "game/DOL/Ejaculation/Ejaculation Demon 2.twee",
    "game/DOL/Farm/Farm Slime Shave.twee",
    "game/DOL/Farm/Farm Upgrades Tractor 1.twee",
    "game/DOL/Farm/Farm Upgrades Tractor 2.twee",
    "game/DOL/Farm/Farm Upgrades Tractor 3.twee",
    "game/DOL/Farm/Farm Upgrades Tractor Harvester.twee",
    "game/DOL/Farm/Farm Upgrades Tractor Loader.twee",
    "game/DOL/Farm/Farm Upgrades Tractor Plough.twee",
    "game/DOL/Farm/Farm Upgrades Tractor Seed Drill.twee",
    "game/DOL/Forest/Forest Dragon Molestation Finish.twee",
    "game/DOL/Forest/Forest Dragon Molestation.twee",
    "game/DOL/Forest/Forest Mansion Awaken.twee",
    "game/DOL/Forest/Forest Mansion Bed.twee",
    "game/DOL/Forest/Forest Mansion Bottle Drink.twee",
    "game/DOL/Forest/Forest Mansion Bottle Take.twee",
    "game/DOL/Forest/Forest Mansion Cellar Exorcism Return.twee",
    "game/DOL/Forest/Forest Mansion Cellar Exorcism.twee",
    "game/DOL/Forest/Forest Mansion Cellar.twee",
    "game/DOL/Forest/Forest Mansion Coffee Ending.twee",
    "game/DOL/Forest/Forest Mansion Dining Room.twee",
    "game/DOL/Forest/Forest Mansion Entrance.twee",
    "game/DOL/Forest/Forest Mansion Exorcism.twee",
    "game/DOL/Forest/Forest Mansion Explore.twee",
    "game/DOL/Forest/Forest Mansion Giving to Museum.twee",
    "game/DOL/Forest/Forest Mansion Goodbye.twee",
    "game/DOL/Forest/Forest Mansion Guest Suite.twee",
    "game/DOL/Forest/Forest Mansion Kitchen.twee",
    "game/DOL/Forest/Forest Mansion Landing.twee",
    "game/DOL/Forest/Forest Mansion Left Hallway.twee",
    "game/DOL/Forest/Forest Mansion Look Around.twee",
    "game/DOL/Forest/Forest Mansion Master Suite.twee",
    "game/DOL/Forest/Forest Mansion Mirror.twee",
    "game/DOL/Forest/Forest Mansion Pick Lock.twee",
    "game/DOL/Forest/Forest Mansion Right Hallway.twee",
    "game/DOL/Forest/Forest Mansion Save For Later.twee",
    "game/DOL/Forest/Forest Mansion Servant Quarters.twee",
    "game/DOL/Forest/Forest Mansion Sleep.twee",
    "game/DOL/Forest/Forest Mansion Spiders Finish.twee",
    "game/DOL/Forest/Forest Mansion Spiders.twee",
    "game/DOL/Forest/Forest Mansion Study.twee",
    "game/DOL/Forest/Forest Mansion Taylor Leave.twee",
    "game/DOL/Forest/Forest Mansion Wardrobe.twee",
    "game/DOL/Forest/Forest Raccoon Sex Finish.twee",
    "game/DOL/Forest/Forest Raccoon Sex.twee",
    "game/DOL/Forest/Forest Raccoon.twee",
    "game/DOL/Harper/Harper Slime Inquiry.twee",
    "game/DOL/Home/Home Open Antiquescroll.twee",
    "game/DOL/Hospital/Hospital Demonhunter.twee",
    "game/DOL/Hospital/Hospital Demonhunter2.twee",
    "game/DOL/Hospital/Hospital Mushroom.twee",
    "game/DOL/Hospital/Hospital Parasite Private Livingclothes.twee",
    "game/DOL/Hospital/Hospital Parasite Private Mushrooms.twee",
    "game/DOL/Hospital/Hospital Parasite Private2 Livingclothes.twee",
    "game/DOL/Hospital/Hospital Parasite Private2 Mushrooms.twee",
    "game/DOL/Lake/Lake House Assault Intro.twee",
    "game/DOL/Lake/Lake House Assault Wardrobe.twee",
    "game/DOL/Lake/Lake House Backyard.twee",
    "game/DOL/Lake/Lake House Bailey Pay.twee",
    "game/DOL/Lake/Lake House Bailey Refuse.twee",
    "game/DOL/Lake/Lake House Bailey.twee",
    "game/DOL/Lake/Lake House Basement.twee",
    "game/DOL/Lake/Lake House Bath Finish.twee",
    "game/DOL/Lake/Lake House Bath Masturbation Finish.twee",
    "game/DOL/Lake/Lake House Bath Masturbation.twee",
    "game/DOL/Lake/Lake House Bath.twee",
    "game/DOL/Lake/Lake House Bathroom.twee",
    "game/DOL/Lake/Lake House Bed.twee",
    "game/DOL/Lake/Lake House Bedroom.twee",
    "game/DOL/Lake/Lake House Bills.twee",
    "game/DOL/Lake/Lake House Cam Show Dance.twee",
    "game/DOL/Lake/Lake House Cam Show Masturbate Finish.twee",
    "game/DOL/Lake/Lake House Cam Show Masturbate.twee",
    "game/DOL/Lake/Lake House Cat Sex Finish.twee",
    "game/DOL/Lake/Lake House Cat Sex.twee",
    "game/DOL/Lake/Lake House Console.twee",
    "game/DOL/Lake/Lake House Dog Sex Finish.twee",
    "game/DOL/Lake/Lake House Dog Sex.twee",
    "game/DOL/Lake/Lake House Dye pubic hair Finish.twee",
    "game/DOL/Lake/Lake House Dye pubic hair.twee",
    "game/DOL/Lake/Lake House Fetch Dog.twee",
    "game/DOL/Lake/Lake House Fuck Cat.twee",
    "game/DOL/Lake/Lake House Fuck Dog.twee",
    "game/DOL/Lake/Lake House Large Bear Plushie Cuddle.twee",
    "game/DOL/Lake/Lake House Masturbation Finish.twee",
    "game/DOL/Lake/Lake House Masturbation.twee",
    "game/DOL/Lake/Lake House Mirror.twee",
    "game/DOL/Lake/Lake House Observe Terrarium.twee",
    "game/DOL/Lake/Lake House Online Search.twee",
    "game/DOL/Lake/Lake House Outdoor.twee",
    "game/DOL/Lake/Lake House Passout.twee",
    "game/DOL/Lake/Lake House Pet Rename.twee",
    "game/DOL/Lake/Lake House Play Computer.twee",
    "game/DOL/Lake/Lake House Repossession.twee",
    "game/DOL/Lake/Lake House Shave balls.twee",
    "game/DOL/Lake/Lake House Shave clean.twee",
    "game/DOL/Lake/Lake House Shave pubis.twee",
    "game/DOL/Lake/Lake House Shave strip.twee",
    "game/DOL/Lake/Lake House Shave trim.twee",
    "game/DOL/Lake/Lake House Shave.twee",
    "game/DOL/Lake/Lake House Sleep.twee",
    "game/DOL/Lake/Lake House Slime Shave.twee",
    "game/DOL/Lake/Lake House Snuggle Cat.twee",
    "game/DOL/Lake/Lake House TV.twee",
    "game/DOL/Lake/Lake House Upgrades Build.twee",
    "game/DOL/Lake/Lake House Upgrades Dog Training.twee",
    "game/DOL/Lake/Lake House Upgrades Guard Post.twee",
    "game/DOL/Lake/Lake House Upgrades Tower 2.twee",
    "game/DOL/Lake/Lake House Upgrades Tower.twee",
    "game/DOL/Lake/Lake House Upgrades Traps 1.twee",
    "game/DOL/Lake/Lake House Upgrades Traps 2.twee",
    "game/DOL/Lake/Lake House Upgrades Wall 1.twee",
    "game/DOL/Lake/Lake House Upgrades Wall 2.twee",
    "game/DOL/Lake/Lake House Upgrades Wall 3.twee",
    "game/DOL/Lake/Lake House Upgrades.twee",
    "game/DOL/Lake/Lake House Wardrobe.twee",
    "game/DOL/Lake/Lake House Wooden Horse.twee",
    "game/DOL/Lake/Lake House.twee",
    "game/DOL/Maths/Maths Project Endure Lake House.twee",
    "game/DOL/Maths/Maths Project Outside Lake House Rape.twee",
    "game/DOL/Maths/Maths Project Outside Lake House.twee",
    "game/DOL/Maths/Maths Project Outside Rape Lake House Finish.twee",
    "game/DOL/Maths/Maths Project Void Lake Rape Finish.twee",
    "game/DOL/Maths/Maths Project Void Lake Rape.twee",
    "game/DOL/Maths/Maths Project Void Lake.twee",
    "game/DOL/Meadow/Meadow Sheep Rape Finish.twee",
    "game/DOL/Meadow/Meadow Sheep Rape.twee",
    "game/DOL/Meadow/Meadow Sheep Resist.twee",
    "game/DOL/Meadow/Meadow Sheep Sex Finish.twee",
    "game/DOL/Meadow/Meadow Sheep Sex.twee",
    "game/DOL/Moor/Moor Dragon Finish.twee",
    "game/DOL/Moor/Moor Dragon.twee",
    "game/DOL/Moor/Moor Dragons Continue.twee",
    "game/DOL/Moor/Moor Dragons Detour.twee",
    "game/DOL/Moor/Moor Dragons Rape End.twee",
    "game/DOL/Moor/Moor Dragons Rape.twee",
    "game/DOL/Moor/Moor Food Stand.twee",
    "game/DOL/Moor/Moor Hamburger.twee",
    "game/DOL/Museum/Museum Antique Greed Cup.twee",
    "game/DOL/Museum/Museum Antique Liquor.twee",
    "game/DOL/Museum/Museum Antique Mushroom.twee",
    "game/DOL/Museum/Museum Antique Scroll.twee",
    "game/DOL/Museum/Museum Art Tablet.twee",
    "game/DOL/Museum/Museum Bog Bone.twee",
    "game/DOL/Museum/Museum Bog Plate.twee",
    "game/DOL/Museum/Museum Bog Tool.twee",
    "game/DOL/Museum/Museum Bullion.twee",
    "game/DOL/Museum/Museum Bunker Tablet.twee",
    "game/DOL/Museum/Museum Bunker Tag.twee",
    "game/DOL/Museum/Museum Cannonball.twee",
    "game/DOL/Museum/Museum Ebony Statue.twee",
    "game/DOL/Museum/Museum Glacier Plant.twee",
    "game/DOL/Museum/Museum Indigo.twee",
    "game/DOL/Museum/Museum Real.twee",
    "game/DOL/Museum/Museum Red Vial.twee",
    "game/DOL/Museum/Museum Return.twee",
    "game/DOL/Museum/Museum Take.twee",
    "game/DOL/Museum/Museum Terracotta Statue.twee",
    "game/DOL/Museum/Museum Tribal Mask.twee",
    "game/DOL/Orphanage/Orphanage Basement.twee",
    "game/DOL/Pet/Pet Shop Cat Buy.twee",
    "game/DOL/Pet/Pet Shop Dog Buy.twee",
    "game/DOL/Robin/Robin Dragon.twee",
    "game/DOL/Robin/Robin Raccoon.twee",
    "game/DOL/School/School Leave Whitney Hurt.twee",
    "game/DOL/Sea/Sea Dive.twee",
    "game/DOL/Sea/Sea Reef.twee",
    "game/DOL/Sea/Sea Swarm Finish.twee",
    "game/DOL/Sea/Sea Swarm.twee",
    "game/DOL/Sewers/Sewers Slime Again.twee",
    "game/DOL/Sydney/Sydney Chastity Remove Again.twee",
    "game/DOL/Sydney/Sydney Temple Corrupt Again 2.twee",
    "game/DOL/Sydney/Sydney Temple Corrupt Again.twee",
    "game/DOL/Sydney/Sydney Temple Corrupt Fight Again Finish.twee",
    "game/DOL/Sydney/Sydney Temple Corrupt Fight Again.twee",
    "game/DOL/Sydney/Sydney Temple Corrupt Pick Again.twee",
    "game/DOL/Sydney/Sydney Temple Corrupt Search Again.twee",
    "game/DOL/Sydney/Sydney Temple Pure Again 2.twee",
    "game/DOL/Sydney/Sydney Temple Pure Again 3.twee",
    "game/DOL/Sydney/Sydney Temple Pure Again.twee",
    "game/DOL/Sydney/Sydney Temple Pure Cancel.twee",
    "game/DOL/Take/Take Off Seasons Island.twee",
    "game/DOL/Take/Take Off.twee",
    "game/DOL/Temple/Temple Ghost.twee",
    "game/DOL/Temple/Temple Lichen Ghost.twee",
    "game/DOL/Temple/Temple Sydney Chastity.twee",
    "game/DOL/Tentacle/Tentacle Plains Dragon.twee",
    "game/DOL/Tentacle/Tentacle Plains Fox New.twee",
    "game/DOL/The/The Bunker Intro.twee",
    "game/DOL/Town/Town Hall Buy All.twee",
    "game/DOL/Town/Town Hall Office Ask For.twee",
    "game/DOL/Town/Town Hall Office Lace Take.twee",
    "game/DOL/Town/Town Hall Office Leave.twee",
    "game/DOL/Town/Town Hall Office.twee",
    "game/DOL/Town/Town Hall Pay Bills.twee",
    "game/DOL/Town/Town Hall Projects Home 1.twee",
    "game/DOL/Town/Town Hall Projects Home 2.twee",
    "game/DOL/Town/Town Hall Projects Home Buy.twee",
    "game/DOL/Trash/Trash Mammals.twee",
    "game/DOL/Widgets/Widgets Actions Tail.twee",
    "game/DOL/Widgets/Widgets Actions Transformations.twee",
    "game/DOL/Widgets/Widgets Bjx Clothes Functions.twee",
    "game/DOL/Widgets/Widgets Bunker.twee",
    "game/DOL/Widgets/Widgets Fly.twee",
    "game/DOL/Widgets/Widgets Forest Mansion.twee",
    "game/DOL/Widgets/Widgets Hive.twee",
    "game/DOL/Widgets/Widgets Lake House.twee",
    "game/DOL/Widgets/Widgets MushroomTfCheck.twee",
    "game/DOL/Widgets/Widgets MushroomTfOptions.twee",
    "game/DOL/Widgets/Widgets Seasons Island.twee",
    "game/DOL/Widgets/Widgets Taylor.twee",
    "game/DOL/Widgets/Widgets variablesModUpdate.twee"
  ],
  "imgFileList": [],
  "additionFile": [
    "readme.md"
  ],
  "addonPlugin": [
    {
      "modName": "ModLoader DoL ImageLoaderHook",
      "addonName": "ImageLoaderAddon",
      "modVersion": "^2.0.0",
      "params": []
    },
    {
      "modName": "TweeReplacer",
      "addonName": "TweeReplacerAddon",
      "modVersion": "^1.2.0",
      "params": [
        {
          "passage": "Adult clothing shop widgets",
          "findString": "\t\t\t<<if $debug is 1>>\n\t\t\t\t<<clothingcategoryicon \"overoutfit\">>\n\t\t\t\t<<link \"查看外套套装\">><<replace \"#clothingShop-div\">><<OverOutfitShop>><</replace>><</link>>\n\t\t\t\t<br>\n\t\t\t\t<<clothingcategoryicon \"overoutfit\">>\n\t\t\t\t<<link \"查看外套上装\">><<replace \"#clothingShop-div\">><<OverTopShop>><</replace>><</link>>\n\t\t\t\t<br><br>\n\t\t\t<</if>>",
          "replace": "\t\t\t/* 北极星模组 */\n\t\t\t<<if $options.bjx_clothes>>\n\t\t\t\t<<clothingcategoryicon \"overoutfit\">>\n\t\t\t\t<<link \"查看外套\">><<replace \"#clothingShop-div\">><<OverOutfitShop>><</replace>><</link>>\n\t\t\t\t<br>\n\t\t\t\t<<clothingcategoryicon \"overupper\">>\n    \t\t\t<<link \"查看外套上装\">><<replace \"#clothingShop-div\">><<OverUpperShop>><</replace>><</link>>\n    \t\t\t<br>\n    \t\t\t<<clothingcategoryicon \"overlower\">>\n    \t\t\t<<link \"查看外套下装\">><<replace \"#clothingShop-div\">><<OverLowerShop>><</replace>><</link>>\n    \t\t\t<br>\n\t\t\t\t<<clothingcategoryicon \"overhead\">>\n\t\t\t\t<<link \"查看外帽\">><<replace \"#clothingShop-div\">><<OverHeadShop>><</replace>><</link>>\n    \t\t\t<br><br>\n\t\t\t<</if>>\n\t\t\t/* 北极星 */"
        },
        {
          "passage": "Adult Shop Closed",
          "findString": "\t<</if>>",
          "replace": "\t<</if>>\n\n/* 北极星模组 */\n<<set $ghostIn to false>>\n<<if $options.bjx_eventTF and $ghost gte 1>>\n\t<span class ='wraith'>只要你集中精力，就能穿越这扇门。</span>\n\t<br>\n\t<<link [[穿越 (0:01)|Adult Shop]]>><<pass 1>><<set $ghostIn to true>><</link>>\n\t<br>\n<</if>>\n/* 北极星 */"
        },
        {
          "passage": "Adult Shop",
          "findString": "\t<<if $adultshopstate isnot \"closed\" or $debug is 1>>\n\t\t<br>\n\t\t<<sextoysicon \"strap-on\">><<link [[浏览性玩具 (0:01)|Adult Shop Menu]]>><<pass 1>><</link>>\n\t<</if>>",
          "replace": "\t/* 北极星模组 */\n\t<br>\n\t<<if $adultshopstate isnot \"closed\" or $debug is 1>>\n\t\t<<sextoysicon \"strap-on\">><<link [[浏览性玩具 (0:01)|Adult Shop Menu]]>><<pass 1>><</link>>\n\t\t<br>\n\t<</if>>\n\t<<if $lakehouseinit is undefined>>\n\t\t你看到一匹木马正在出售，却你没有地方放它。\n\t\t<br>\n\t<<elseif $lakehouse.woodenHorse isnot undefined>>\n\t<<elseif $money gte 50000>>\n\t\t<<link [[买一匹木马|$passage]]>><<set $money -= 50000>><<set $lakehouse.woodenHorse to 1>><</link>>\n\t\t<br>\n\t<<else>>\n\t\t你没有足够的钱购买木马。\n\t\t<br>\n\t<</if>>\n\t/* 北极星 */"
        },
        {
          "passage": "Ambient Weather And Seasonal Event Widgets",
          "findString": "\t\t\t\t\t\t\t\t<<elseif $fallenangel gte 2>>\n\t\t\t\t\t\t\t\t\t你愤怒地在上面踢雪，压抑着痛苦的记忆。",
          "replace": "\t\t\t\t\t\t\t\t<<elseif $fallenangel gte 2>>\n\t\t\t\t\t\t\t\t\t你愤怒地在上面踢雪，压抑着痛苦的记忆。\n\t\t\t\t\t\t\t\t/* 北极星模组 */\n\t\t\t\t\t\t\t\t<<elseif $demonhunter gte 2>>\n\t\t\t\t\t\t\t\t\t你的心中只有复仇的烈火，对这种幼稚的行为不屑一顾。\n\t\t\t\t\t\t\t\t/* 北极星 */"
        },
        {
          "passage": "Ambient Weather And Seasonal Event Widgets",
          "findString": "\t\t\t\t\t\t\t你注意到前方一段距离有一头鹿正紧紧地挤在它的幼崽身边，为了在雪中让幼崽也能保持温暖。为了不打扰他们，你决定绕道走。<<stress -3>><<lstress>>",
          "replace": "\t\t\t\t\t\t    /* 北极星模组 */\n\t\t\t\t\t\t\t你注意到前方一段距离有一头鹿正紧紧地挤在它的幼崽身边，为了在雪中让幼崽也能保持温暖。为了不打扰他们，你决定绕道走。<<stress -3>><<lstress>><<transform deer 1>>\n\t\t\t\t\t\t\t/* 北极星 */"
        },
        {
          "passage": "Ambient Weather And Seasonal Event Widgets",
          "findString": "\t\t\t\t\t\t你看到一只鹿正庇护它的孩子躲避雨水。<<stress -3>><<lstress>>",
          "replace": "\t\t\t\t\t    /* 北极星模组 */\n\t\t\t\t\t\t你看到一只鹿正庇护它的孩子躲避雨水。<<stress -3>><<lstress>><<transform deer 1>>\n\t\t\t\t\t\t/* 北极星 */"
        },
        {
          "passage": "Arcade Lock",
          "findString": "<<starfishicon>><<link [[离开|Starfish Street]]>><<set $eventskip to 1>><</link>>",
          "replace": "/* 北极星模组 */\n<<set $ghostIn to false>>\n<<if $options.bjx_eventTF and $ghost gte 1>>\n\t<span class ='wraith'>只要你集中精力，就能穿越这扇门。</span>\n\t<br>\n\t<<link [[穿越 (0:01)|Arcade]]>><<pass 1>><<set $ghostIn to true>><</link>>\n\t<br>\n<</if>>\n/* 北极星 */\n<<starfishicon>><<link [[离开|Starfish Street]]>><<set $eventskip to 1>><</link>>"
        },
        {
          "passage": "Arcade Play",
          "findString": "\t\t\t\t<<set $skulduggerydifficulty to 400>>\n\t\t\t\t<<link [[盗窃|Arcade Steal]]>><<crimeUp 30 \"petty\">><</link>><<skulduggerydifficulty>><<gcrime \"petty\">>",
          "replace": "\t\t\t\t<<set $skulduggerydifficulty to 400>>\n\t\t\t\t/* 北极星模组 */\n\t\t\t\t<<link [[偷钱|Arcade Steal]]>><<crimeUp 30 \"petty\">><<set $skulduggeryhands to 1>><</link>><<skulduggerydifficulty>><<gcrime \"petty\">>\n\t\t\t\t/* 北极星 */"
        },
        {
          "passage": "Asylum Cell",
          "findString": "\t<<if $asylumstate isnot \"sleep\">>\n\t\t<<getouticon>><<link [[离开|Asylum]]>><</link>>\n\t\t<br>\n\t<</if>>",
          "replace": "\t/* 北极星模组 */\n\t<<set $ghostIn to false>>\n\t<<if $asylumstate isnot \"sleep\">>\n\t\t<<getouticon>><<link [[离开|Asylum]]>><</link>>\n\t\t<br>\n\t<<elseif $options.bjx_eventTF and $asylumstate isnot \"sleep\" and $ghost gte 1>>\n\t\t<span class ='wraith'>只要你集中精力，就能穿越这扇门。</span>\n\t\t<br>\n\t\t<<link [[穿越 (0:01)|Asylum]]>><<pass 1>><<set $ghostIn to true>><</link>>\n\t\t<br>\n\t<</if>>\n\t/* 北极星 */",
          "all": true
        },
        {
          "passage": "Asylum Shower Accept",
          "findString": "<<exhibitionism1>>",
          "replace": "/* 北极星模组 */\n<<if $options.bjx_eventTF and $slime gt 0>>\n    <br>\n    <span class='red'>你忍受着皮肤上的刺痛。</span>\n    <br>\n    <<violence 20>>\n<</if>>\n/* 北极星 */\n<<exhibitionism1>>"
        },
        {
          "passage": "Asylum Shower Wash Hair",
          "findString": "<<if $o_long_and_beautiful gte 6>>",
          "replace": "/* 北极星模组 */终于，她小声答应了你。你们一起走进了淋浴间，开始洗澡。<<if $options.bjx_eventTF and $slime gt 0>>\n    <br>\n    <span class='red'>你忍受着皮肤上的刺痛。</span>\n    <br>\n    <<violence 20>>\n<</if>>其他人早就洗完了，淋浴间里只有你们两人。长发女孩"
        },
        {
          "passage": "Asylum Shower Wash",
          "findString": "\t你脱光衣服，走进淋浴间。你站在一个大房间的中央，和其他病人一起洗澡。",
          "replace": "\t你脱光衣服，走进淋浴间。你站在一个大房间的中央，和其他病人一起洗澡。\n\t/* 北极星模组 */\n\t<<if $options.bjx_eventTF and $slime gt 0>>\n\t    <br>\n\t    <span class='red'>你忍受着皮肤上的刺痛。</span>\n\t    <br>\n\t    <<violence 20>>\n    <</if>>\n    /* 北极星 */"
        },
        {
          "passage": "Asylum Sit Lap",
          "findString": "\t\t<<link [[偷钥匙卡|Asylum Sit Steal]]>><</link>><<promiscuous2>><<skulduggerydifficulty>> <<note \"该动作在低嫌疑时会更容易\" \"italic\">>",
          "replace": "\t\t/* 北极星模组 */\n\t\t<<link [[偷走钥匙卡|Asylum Sit Steal]]>><<set $skulduggeryhands to 1>><</link>><<promiscuous2>><<skulduggerydifficulty>> <<note \"该动作在低嫌疑时会更容易\" \"italic\">>\t\t/* 北极星 */"
        },
        {
          "passage": "Asylum Widgets",
          "findString": "\t\t\t<<link [[偷门禁卡|Asylum Keycard]]>><</link>><<skulduggerydifficulty>> <<note \"该动作在低嫌疑时会更容易\" \"italic\">>",
          "replace": "\t\t\t/* 北极星模组 */\n\t\t\t<<link [[偷走钥匙卡|Asylum Keycard]]>><<set $skulduggeryhands to 1>><</link>><<skulduggerydifficulty>> <<note \"该动作在低嫌疑时会更容易\" \"italic\">>\n\t\t\t/* 北极星 */",
          "all": true
        },
        {
          "passage": "Avery Date 4",
          "findString": "($NPCName[$NPCNameList.indexOf(\"Avery\")].love * 10 + $endear * 10 + 10)",
          "replace": "(($NPCName[$NPCNameList.indexOf(\"Avery\")].love * 10 + $endear * 10 + 10) * ($options.bjx_averymoney ? 2 : 1))"
        },
        {
          "passage": "Avery Date 5",
          "findString": "($NPCName[$NPCNameList.indexOf(\"Avery\")].love * 10 + $endear * 10 + 10)",
          "replace": "(($NPCName[$NPCNameList.indexOf(\"Avery\")].love * 10 + $endear * 10 + 10) * ($options.bjx_averymoney ? 2 : 1))"
        },
        {
          "passage": "Avery Date Sex Finish",
          "findString": "<<ejaculation>><<set $money += (($NPCName[$NPCNameList.indexOf(\"Avery\")].love * 10 + $endear * 10 + 10) * 100)>>",
          "replace": " /* 北极星模组 */\n\t<<ejaculation>><<set $money += ((($NPCName[$NPCNameList.indexOf(\"Avery\")].love * 10 + $endear * 10 + 10) * ($options.bjx_averymoney ? 2 : 1)) * 100)>>\n    /* 北极星 */"
        },
        {
          "passage": "Avery Date Sex Finish",
          "findString": "<<ggarage>><<npcincr Avery rage 10>><<set $money += (($NPCName[$NPCNameList.indexOf(\"Avery\")].love * 10 + $endear * 10 + 10) * 100)>>",
          "replace": "/* 北极星模组 */\n\t<<ggarage>><<npcincr Avery rage 10>><<set $money += ((($NPCName[$NPCNameList.indexOf(\"Avery\")].love * 10 + $endear * 10 + 10) * ($options.bjx_averymoney ? 2 : 1)) * 100)>>\n\t/* 北极星 */"
        },
        {
          "passage": "Avery Date Strip",
          "findString": "<<set $money += (($NPCName[$NPCNameList.indexOf(\"Avery\")].love * 10 + $endear * 10 + 10) * 100)>>",
          "replace": "/* 北极星模组 */\n<<set $money += ((($NPCName[$NPCNameList.indexOf(\"Avery\")].love * 10 + $endear * 10 + 10) * ($options.bjx_averymoney ? 2 : 1)) * 100)>>\n/* 北极星 */"
        },
        {
          "passage": "Avery Hotel Early End",
          "findString": "<<set $money += (($NPCName[$NPCNameList.indexOf(\"Avery\")].love * 10 + $endear * 10 + 10) * 100)>>",
          "replace": "<<set $money += ((($NPCName[$NPCNameList.indexOf(\"Avery\")].love * 10 + $endear * 10 + 10) * ($options.bjx_averymoney ? 2 : 1)) * 100)>>",
          "all": true
        },
        {
          "passage": "Avery Hotel Early End",
          "findString": "<span class=\"gold\">£<<print ($NPCName[$NPCNameList.indexOf(\"Avery\")].love * 10 + $endear * 10 + 10)>></span>",
          "replace": "<span class=\"gold\">£<<print (($NPCName[$NPCNameList.indexOf(\"Avery\")].love * 10 + $endear * 10 + 10) * ($options.bjx_averymoney ? 2 : 1))>></span>",
          "all": true
        },
        {
          "passage": "Avery Hotel Kiss Refuse",
          "findString": "<<set $money += (($NPCName[$NPCNameList.indexOf(\"Avery\")].love * 10 + $endear * 10 + 10) * 100)>>",
          "replace": "/* 北极星模组 */\n<<set $money += ((($NPCName[$NPCNameList.indexOf(\"Avery\")].love * 10 + $endear * 10 + 10) * ($options.bjx_averymoney ? 2 : 1)) * 100)>>\n/* 北极星 */"
        },
        {
          "passage": "Avery Hotel Kiss",
          "findString": "<<set $money += (($NPCName[$NPCNameList.indexOf(\"Avery\")].love * 10 + $endear * 10 + 10) * 100)>>",
          "replace": "/* 北极星模组 */\n<<set $money += ((($NPCName[$NPCNameList.indexOf(\"Avery\")].love * 10 + $endear * 10 + 10) * ($options.bjx_averymoney ? 2 : 1)) * 100)>>\n/* 北极星 */"
        },
        {
          "passage": "Avery Hotel Morning",
          "findString": "<span class=\"gold\">£<<print ($NPCName[$NPCNameList.indexOf(\"Avery\")].love * 10 + $endear * 10 + 10)>></span>",
          "replace": "<span class=\"gold\">£<<print (($NPCName[$NPCNameList.indexOf(\"Avery\")].love * 10 + $endear * 10 + 10) * ($options.bjx_averymoney ? 2 : 1))>></span>"
        },
        {
          "passage": "Avery Hotel Trauma End",
          "findString": "<<set $money += (($NPCName[$NPCNameList.indexOf(\"Avery\")].love * 10 + $endear * 10 + 10) * 100)>>",
          "replace": "/* 北极星模组 */\n<<set $money += ((($NPCName[$NPCNameList.indexOf(\"Avery\")].love * 10 + $endear * 10 + 10) * ($options.bjx_averymoney ? 2 : 1)) * 100)>>\n/* 北极星 */"
        },
        {
          "passage": "Avery Hotel Trauma End",
          "findString": "<span class=\"gold\">£<<print ($NPCName[$NPCNameList.indexOf(\"Avery\")].love * 10 + $endear * 10 + 10)>></span>",
          "replace": "<span class=\"gold\">£<<print (($NPCName[$NPCNameList.indexOf(\"Avery\")].love * 10 + $endear * 10 + 10) * ($options.bjx_averymoney ? 2 : 1))>></span>"
        },
        {
          "passage": "Barb Exposed",
          "findString": "\t<<if $exposed lte 0>>\n\t\t<<buswait>>\n\t<</if>>",
          "replace": "\t<<if $exposed lte 0>>\n\t\t<<buswait>>\n\t<</if>>\n\t/* 北极星模组 */\n\t<<if $options.bjx_animal and ($transformationParts.bird.wings isnot \"disabled\" and $birdFly gte 1 or $transformationParts.dragon.wings isnot \"disabled\")>>\n\t\t<<flywait>>\n\t<</if>>\n\t/* 北极星 */"
        },
        {
          "passage": "Barb Street",
          "findString": "\t\t\t<<if $exposed lte 0>>\n\t\t\t\t<<buswait>>\n\t\t\t<</if>>",
          "replace": "\t\t\t<<if $exposed lte 0>>\n\t\t\t\t<<buswait>>\n\t\t\t<</if>>\n\t\t\t/* 北极星模组 */\n\t\t\t<<if $options.bjx_animal and ($transformationParts.bird.wings isnot \"disabled\" and $birdFly gte 1 or $transformationParts.dragon.wings isnot \"disabled\")>>\n\t\t\t\t<<flywait>>\n\t\t\t<</if>>\n\t\t\t/* 北极星 */"
        },
        {
          "passage": "Bath",
          "findString": "\t你洗得干干净净。<<wash>>\n\t<br><br>",
          "replace": "\t你洗得干干净净。<<wash>>\n\t<br><br>\n\t\n\t/* 北极星模组 */\n\t<<if $options.bjx_eventTF and $slime gt 0>>\n\t    <<violence 100>>\n\t    <span class='red'>你承受了巨大的痛苦。你是一只史莱姆，你干嘛这么干？</span>\n\t    <br><br>\n\t<</if>>\n\t/* 北极星 */",
          "all": true
        },
        {
          "passage": "Bath",
          "findString": "你洗得干干净净。<<wash>>\n<br><br>",
          "replace": "你洗得干干净净。<<wash>>\n<br><br>\n\n    /* 北极星模组 */\n\t<<if $options.bjx_eventTF and $slime gt 0>>\n\t    <<violence 100>>\n\t    <span class='red'>你承受了巨大的痛苦。你是一只史莱姆，你干嘛这么干？</span>\n\t    <br><br>\n\t<</if>>\n\t/* 北极星 */"
        },
        {
          "passage": "Bathroom",
          "findString": "<<pregnancyTest \"Bedroom\">>",
          "replace": "/* 北极星模组 */\n<<mushroomtfoptions>>\n/* 北极星 */\n<<pregnancyTest \"Bedroom\">>"
        },
        {
          "passage": "Beach Cave Open",
          "findString": "Beach Cave Examine]]>><</link>><<skulduggerydifficulty>>",
          "replace": "Beach Cave Examine]]>><<set $skulduggeryhands to 1>><</link>><<skulduggerydifficulty>>"
        },
        {
          "passage": "Bedroom",
          "findString": "你正待在你的卧室中。",
          "replace": "/* 北极星模组 */\n<span class=\"camouflage text\"><a onclick=\"V.codeinput = 0\">\n你正待在你的卧室中。\n</a></span><br><br>\n/* 北极星 */"
        },
        {
          "passage": "Bedroom",
          "findString": "<<tableText \"noicon\">> /* If fish tank option available, table/chair location appears here, in line with bed/wardrobe locations */",
          "replace": "<<tableText \"noicon\">> /* If fish tank option available, table/chair location appears here, in line with bed/wardrobe locations */\n/* 北极星模组 */\n<<if $options.bjx_antiques and ($museumAntiques.antiques.antiqueliquor is \"found\" or $museumAntiques.antiques.antiqueliquor is \"take\")>>\n    <<link [[喝古董酒|Forest Mansion Bottle Drink]]>><<set $lastpassage to \"Bedroom\">><</link>>\n    <br>\n<</if>>\n<<if $options.bjx_antiques and $worn.neck.name isnot \"ivory necklace\" and ($museumAntiques.antiques.antiqueivorynecklace is \"found\" or $museumAntiques.antiques.antiqueivorynecklace is \"take\")>>\n    <<link [[戴上象牙项链|Antique Ivory Neck Lace Wear]]>><<set $lastpassage to \"Bedroom\">><</link>>\n    <br>\n<</if>>\n<<if $options.bjx_antiques and ($museumAntiques.antiques.antiquescroll is \"found\" or $museumAntiques.antiques.antiquescroll is \"take\")>>\n    <<link [[展开言灵卷轴|Home Open Antiquescroll]]>><<set $lastpassage to \"Bedroom\">><</link>>\n    <br>\n<</if>>\n/* 北极星 */"
        },
        {
          "passage": "Bedroom",
          "findString": "<<attitudesControlCheck>>\n<<if $attitudesControl.showGoldLink is true>>",
          "replace": "/* 北极星模组 */\n<<if V.codeinput is 1>><<link [[输入代码|Code]]>><</link>><br><</if>>\n/* 北极星 */\n<<attitudesControlCheck>>\n<<if $attitudesControl.showGoldLink is true>>"
        },
        {
          "passage": "Bird Tower Bask",
          "findString": "\t\t<<beasttype>>稍微停下了<<bhis>>的歌曲，观察着你的翅膀。",
          "replace": "\t/* 北极星模组 */\n\t<<elseif $dragon gte 6>>\n\t\t<<beasttype>>短暂地停下了歌声，望向了你的翅膀。\n\t\t<<if $monster is 1>>\n\t\t\t<<bHis>>轻柔地触摸着你，你的身体从<<bhis>>双手抚摸你翅膀的动作中得到了快感。<<arousal 1000>><<garousal>>\n\t\t<<else>>\n\t\t\t<<bHe>>开始用自己的羽翼按摩你的翅膀，在你的身体里掀起快感的浪潮。<<arousal 1000>><<garousal>>\n\t\t<</if>>\n\t\t<<if $arousal gte $arousalmax>>\n\t\t\t<<orgasm>>\n\t\t\t<<if $monster is 1>>\n\t\t\t\t你在<<bhis>>的怀抱中弓起背，对着<<if $daystate is \"dawn\">>清晨的空气<<elseif $daystate is \"dusk\">>傍晚的空气<<else>>风<</if>>发出快乐的呼喊。<<bHe>>将你抱得更紧了。\"你的交配之歌很动听，我们很快就能互相梳洗了。\"\n\t\t\t\t你轻轻地颤抖，然后<<bhe>>开始悄悄地对你咕咕叫起来。\n\t\t\t<<else>>\n\t\t\t\t你弓起背部，<<bhim>>将<<bhis>>的翅膀包裹在你周围，以防止你摔倒。<<bHe>>悄悄地对你嘀嘀咕咕。\n\t\t\t<</if>>\n\t\t\t<<npcincr \"Great Hawk\" dom 5>><<ggdom>>\n\t\t\t<br><br>\n\t\t\t<<if $bird.activity is \"sing\" or $bird.activity is \"groom\">>\n\t\t\t\t<<link [[回报|Bird Tower Perch Sex]]>><<set $sexstart to 1>><<set $phase to 1>><<npcincr \"Great Hawk\" love 1>><</link>><<deviant1>><<glove>><br>\n\t\t\t<</if>>\n\t\t\t<<bird_perch_options>>\n\t\t<<else>>\n\t\t\t<br><br>\n\t\t\t<<link [[享受 (0:05)|Bird Tower Bask Groom Dragon]]>><<bird_pass 5>><<stress -3>><<npcincr \"Great Hawk\" love 1>><<npcincr \"Great Hawk\" dom 1>><</link>><<lstress>><<glove>><<gdom>><br>\n\t\t\t<<link [[推开|Bird Tower Bask Groom Push]]>><<npcincr \"Great Hawk\" dom -1>><</link>><<ldom>><br>\n\t\t<</if>>\n\t<<elseif $angel gte 6 or $demon gte 6 or $fallenangel gte 2 or $bee gte 6>>\n\t/* 北极星 */\n\t\t<<beasttype>>稍微停下了<<bhis>>的歌曲，观察着你的翅膀。"
        },
        {
          "passage": "Bird Tower Door",
          "findString": "<br><br>",
          "replace": "<br><br>\n\n<<if $options.bjx_eventTF and $ghost gte 1>>\n\t<span class='wraith'>你集中注意力，使自己无形化。</span>你把自己的脑袋穿过活板门，短暂的穿透刚好能让你看见你先前无法进入的楼梯。在光线如此薄弱的情况下有点难看清，但你应该能够在某一时刻直接离开这鸟地方。\n\t<br><br>\n\t<<link [[穿过活板门|Bird Tower Ghost Descend]]>><</link>>\n\t<br>\n<</if>>"
        },
        {
          "passage": "Bird Tower Look",
          "findString": "<<if $harpy gte 6>>",
          "replace": "/* 北极星模组 */\n<<if !$options.bjx_animal and $harpy gte 6 or $options.bjx_animal and ($transformationParts.bird.wings isnot \"disabled\" or $transformationParts.dragon.wings isnot \"disabled\")>>"
        },
        {
          "passage": "Bird Tower Look",
          "findString": "<<elseif $angel gte 6 or $demon gte 6 or $fallenangel gte 2>>",
          "replace": "<<elseif !$options.bjx_animal and ($angel gte 6 or $demon gte 6 or $fallenangel gte 2) or $options.bjx_animal and ($transformationParts.angel.wings isnot \"disabled\" or $transformationParts.fallenAngel.wings isnot \"disabled\" or $transformationParts.demon.wings isnot \"disabled\" or $transformationParts.bee.wings isnot \"disabled\")>>"
        },
        {
          "passage": "Briar Hack 2",
          "findString": "<<if $harpy gte 6 or $angel gte 6 or $demon gte 6 or $fallenangel gte 2>>",
          "replace": "\t\t/* 北极星模组 */\n\t\t<<if !$options.bjx_animal and ($harpy gte 6 or $angel gte 6 or $demon gte 6 or $fallenangel gte 2) or $options.bjx_animal and ($transformationParts.bird.wings isnot \"disabled\" or $transformationParts.dragon.wings isnot \"disabled\" or $transformationParts.angel.wings isnot \"disabled\" or $transformationParts.fallenAngel.wings isnot \"disabled\" or $transformationParts.demon.wings isnot \"disabled\" or $transformationParts.bee.wings isnot \"disabled\")>>\n\t\t/* 北极星 */"
        }
      ]
    }
  ],
  "dependenceInfo": [
    {
      "modName": "ModLoader",
      "version": ">1.2.1"
    },
    {
      "modName": "TweeReplacer",
      "version": ">1.0.0"
    },
    {
      "modName": "ReplacePatcher",
      "version": ">1.0.0"
    },
    {
      "modName": "ModLoader DoL ImageLoaderHook",
      "version": ">2.0.0"
    }
  ]
}