{
  "name": "ModLoaderGui",
  "version": "1.2.3",
  "styleFileList": [],
  "scriptFileList_earlyload": [
    "dist/earlyload/earlyload.js"
  ],
  "scriptFileList_inject_early": [
    "dist/ModLoaderGui.js"
  ],
  "scriptFileList_preload": [
    "dist/preload/preload.js"
  ],
  "scriptFileList": [],
  "tweeFileList": [],
  "imgFileList": [],
  "imgFileReplaceList": [],
  "additionFile": [
    "README.md"
  ],
  "dependenceInfo": [
    {
      "modName": "ModLoader",
      "version": "^2.1.0"
    }
  ]
}