{
  "name": "ModLoader DoL ImageLoaderHook",
  "version": "2.10.1",
  "styleFileList": [],
  "scriptFileList_earlyload": [],
  "scriptFileList_inject_early": [
    "dist/ImageLoaderHook.mod.js"
  ],
  "scriptFileList_preload": [
    "dist/preload/preload.js"
  ],
  "scriptFileList": [
    "dist/js/installLoaderHook.js"
  ],
  "tweeFileList": [],
  "imgFileList": [],
  "imgFileReplaceList": [],
  "additionFile": [
    "README.md"
  ],
  "dependenceInfo": [
    {
      "modName": "ModLoader",
      "version": "^2.8.0"
    }
  ]
}