{
  "name": "TweePrefixPostfixAddon",
  "version": "1.0.1",
  "styleFileList": [],
  "scriptFileList_earlyload": [],
  "scriptFileList_inject_early": [
    "dist/TweePrefixPostfixAddon.js"
  ],
  "scriptFileList_preload": [],
  "scriptFileList": [],
  "tweeFileList": [],
  "imgFileList": [],
  "imgFileReplaceList": [],
  "additionFile": [
    "README.md"
  ],
  "additionBinaryFile": [],
  "addonPlugin": [],
  "dependenceInfo": [
    {
      "modName": "ModLoader",
      "version": "^2.11.2"
    }
  ]
}