{
  "name": "I18nTweeReplacer",
  "version": "1.1.0",
  "styleFileList": [],
  "scriptFileList_earlyload": [],
  "scriptFileList_inject_early": [
    "dist/I18nTweeReplacer.js"
  ],
  "scriptFileList_preload": [],
  "scriptFileList": [],
  "tweeFileList": [],
  "imgFileList": [],
  "imgFileReplaceList": [],
  "additionFile": [
    "README.md"
  ],
  "addonPlugin": [
    {
      "modName": "ConflictChecker",
      "addonName": "ConflictCheckerAddon",
      "modVersion": "^1.0.0",
      "params": {
        "optionalAfter": [
          {
            "modName": "TweeReplacerLinker",
            "version": "^1.0.0"
          }
        ]
      }
    }
  ],
  "dependenceInfo": [
    {
      "modName": "ModLoader",
      "version": "^2.6.3"
    }
  ]
}