{
  "name": "ModdedFeatsAddon",
  "version": "1.0.1",
  "styleFileList": [],
  "scriptFileList_earlyload": [],
  "scriptFileList_inject_early": [
    "dist/ModdedFeatsAddon.js"
  ],
  "scriptFileList_preload": [],
  "scriptFileList": [],
  "tweeFileList": [],
  "imgFileList": [],
  "imgFileReplaceList": [],
  "additionFile": [
    "README.md"
  ],
  "addonPlugin": [
    {
      "modName": "TweeReplacer",
      "addonName": "TweeReplacerAddon",
      "modVersion": "1.0.0",
      "params": []
    },
    {
      "modName": "ReplacePatcher",
      "addonName": "ReplacePatcherAddon",
      "modVersion": "1.0.0",
      "params": {}
    },
    {
      "modName": "ModLoader DoL ImageLoaderHook",
      "addonName": "ImageLoaderAddon",
      "modVersion": "^2.3.0",
      "params": []
    }
  ],
  "dependenceInfo": [
    {
      "modName": "ModLoader",
      "version": "^1.6.1||^2.0.0"
    },
    {
      "modName": "TweeReplacer",
      "version": "^1.0.0"
    },
    {
      "modName": "ReplacePatcher",
      "version": "^1.0.0"
    },
    {
      "modName": "ModLoader DoL ImageLoaderHook",
      "version": "^2.3.0"
    }
  ]
}