{
  "name": "BeautySelectorAddon",
  "version": "2.1.1",
  "styleFileList": [],
  "scriptFileList_earlyload": [],
  "scriptFileList_inject_early": [
    "dist/BeautySelectorAddon.js"
  ],
  "scriptFileList_preload": [],
  "scriptFileList": [],
  "tweeFileList": [],
  "imgFileList": [],
  "imgFileReplaceList": [],
  "additionFile": [
    "README.md"
  ],
  "additionBinaryFile": [],
  "addonPlugin": [],
  "dependenceInfo": [
    {
      "modName": "ModLoader",
      "version": "^2.7.3"
    },
    {
      "modName": "ModLoader DoL ImageLoaderHook",
      "version": "^2.7.0"
    }
  ]
}