[
  {
    "passage": "Characteristics",
    "findString": "\t你是\n\t<<if $wolfgirl gte 6 or $cat gte 6 or $cow gte 6 or $harpy gte 6 or $fox gte 6>>\n\t\t<<if $angel gte 6>>\n\t\t\t一个圣洁的\n\t\t<<elseif $fallenangel gte 2>>\n\t\t\t一个堕落的\n\t\t<<elseif $demon gte 6>>\n\t\t\t一个恶魔化的\n\t\t<<else>>\n\t\t\t一个\n\t\t<</if>>\n\t\t<<if $wolfgirl gte 6 and ($demon gte 6 or $fallenangel gte 2)>>\n\t\t\t地狱犬\n\t\t<<elseif $wolfgirl gte 6 and $angel gte 6>>\n\t\t\t狗\n\t\t<<elseif $wolfgirl gte 6>>\n\t\t\t狼\n\t\t<<elseif $cat gte 6>>\n\t\t\t猫\n\t\t<<elseif $cow gte 6>>\n\t\t\t<<if $player.gender_appearance is \"m\">>\n\t\t\t\t牛\n\t\t\t<<else>>\n\t\t\t\t奶牛\n\t\t\t<</if>>\n\t\t<<elseif $harpy gte 6>>\n\t\t\t<<if $hallucinations gte 2 or $bestialitydisable is \"t\">>\n\t\t\t\t哈比\n\t\t\t<<else>>\n\t\t\t\t鸟\n\t\t\t<</if>>\n\t\t<<elseif $fox gte 6>>\n\t\t\t狐狸\n\t\t<</if>>\n\t<<else>>\n\t\t<<if $angel gte 6>>\n\t\t\t一个天使\n\t\t<<elseif $fallenangel gte 2>>\n\t\t\t一个堕天使\n\t\t<<elseif $demon gte 6>>\n\t\t\t一个恶魔\n\t\t<<else>>\n\t\t\t一名\n\t\t<</if>>\n\t<</if>>",
    "replace": "/* 北极星模组 */\n\t你是\n\t<<if $wolfgirl gte 6 or $cat gte 6 or $cow gte 6 or $harpy gte 6 or $fox gte 6 or $sheep gte 6 or $bee gte 6 or $deer gte 6 or $bear gte 6 or $dragon gte 6 or $lizard gte 6 or $dolphin gte 6 or $dog gte 6 or $raccoon gte 6 or $fish gte 6 or $horse gte 6 or $pig gte 6 or $frog gte 6 or $spider gte 6 or $ghost gte 1 or $slime gte 1 or $mushroom gte 1 or $gob gte 1>>\n\t\t<<if $angel gte 6>>\n\t\t\t一个圣洁的\n\t\t<<elseif $fallenangel gte 5>>\n\t\t\t一个混沌的\n\t\t<<elseif $fallenangel gte 2>>\n\t\t\t一个堕落的\n\t\t<<elseif $demonhunter gte 2>>\n\t\t\t一个复仇的\n\t\t<<elseif $demon gte 6>>\n\t\t\t一个魔化的\n\t\t<<else>>\n\t\t\t一个\n\t\t<</if>>\n\t\t<<if $ghost is 1>>\n\t\t\t幽灵\n\t\t<<elseif $ghost is 2>>\n\t\t\t雪灵\n\t\t<<elseif $ghost is 3>>\n\t\t\t炎灵\n\t\t<<elseif $ghost is 4>>\n\t\t\t水灵\n\t\t<<elseif $slime gt 0>>\n\t\t\t史莱姆\n\t\t<<elseif $mushroom gt 0>>\n\t\t\t蘑菇\n\t\t<<elseif $gob is 1>>\n\t\t\t妖精\n\t\t<</if>>\n\t\t<<if ($wolfgirl gte 6 or $dog gte 6) and ($demon gte 6 or $fallenangel gte 2)>>\n\t\t\t地狱犬\n\t\t<<elseif ($wolfgirl gte 6 or $dog gte 6) and $angel gte 6>>\n\t\t\t哮天犬\n\t\t<<elseif $wolfgirl gte 6>>\n\t\t\t狼\n\t\t<<elseif $cat gte 6>>\n\t\t\t猫\n\t\t<<elseif $cow gte 6>>\n\t\t\t<<if $player.gender_appearance is \"m\">>\n\t\t\t\t公牛\n\t\t\t<<else>>\n\t\t\t\t奶牛\n\t\t\t<</if>>\n\t\t<<elseif $harpy gte 6>>\n\t\t\t<<if $hallucinations gte 2 or $bestialitydisable is \"t\">>\n\t\t\t\t哈比\n\t\t\t<<else>>\n\t\t\t\t鸟\n\t\t\t<</if>>\n\t\t<<elseif $fox gte 6>>\n\t\t\t狐狸\n\t    <<elseif $sheep gte 6>>\n\t\t\t绵羊\n\t\t<<elseif $bee gte 6>>\n\t\t\t蜜蜂\n\t\t<<elseif $deer gte 6>>\n\t\t\t鹿\n\t\t<<elseif $bear gte 6>>\n\t\t\t熊\n\t\t<<elseif $dragon gte 6>>\n\t    \t龙\n\t\t<<elseif $lizard gte 6>>\n\t    \t蜥蜴\n\t\t<<elseif $raccoon gte 6>>\n\t\t\t浣熊\n\t\t<<elseif $spider gte 6>>\n\t    \t蜘蛛\n\t\t<<elseif $pig gte 6>>\n\t    \t猪\n\t\t<<elseif $frog gte 6>>\n\t\t\t青蛙\n\t\t<<elseif $fish gte 6>>\n\t\t\t鱼\t\n\t\t<<elseif $dolphin gte 6>>\n\t    \t海豚\n\t\t<<elseif $dog gte 6>>\n\t    \t狗\n\t    <<elseif $horse gte 6>>\n\t\t\t马\n\t\t<</if>>\n\t<<else>>\n\t\t<<if $angel gte 6>>\n\t\t\t一个天使\n\t\t<<elseif $fallenangel gte 5>>\n\t\t\t一个混沌天使\n\t\t<<elseif $fallenangel gte 2>>\n\t\t\t一个堕天使\n\t\t<<elseif $demonhunter gte 2>>\n\t\t\t一个恶魔猎手\n\t\t<<elseif $demon gte 6>>\n\t\t\t一个恶魔\n\t\t<<else>>\n\t\t\t一个\n\t\t<</if>>\n\t<</if>>\n\t/* 北极星 */"
  },
  {
    "passage": "Characteristics",
    "findString": "<<set _physiqueConfig.modifier to Math.floor(_physiqueConfig.modifier * (1 - (playerBellySize() / _pregnancyModifier)))>>",
    "replace": "<<set _physiqueConfig.modifier -= Math.floor(100 * playerBellySize() / _pregnancyModifier)>>"
  },
  {
    "passage": "Characteristics",
    "findString": "<<set _physiqueConfig.modifier to Math.floor(_physiqueConfig.modifier * (1 - ($worn.feet.reveal / 5000)))>>",
    "replace": "<<set _physiqueConfig.modifier -= Math.floor(100 * $worn.feet.reveal / 5000)>>"
  },
  {
    "passage": "Characteristics",
    "findString": "<<set _physiqueConfig.modifier to Math.floor(_physiqueConfig.modifier * (1 + (currentSkillValue(\"feetskill\") / 10000)))>>",
    "replace": "<<set _physiqueConfig.modifier += Math.floor(100 * currentSkillValue(\"feetskill\") / 10000)>>"
  },
  {
    "passage": "Characteristics",
    "findString": "\t\t\t\t<!--WILLPOWER-->",
    "replace": "\t\t\t\t/* 北极星模组 */\n\t\t\t\t<<if $options.bjx_animal and $bear gte 6>>\n\t\t\t\t\t<<set _physiqueConfig.modifier += Math.floor(100 * 8000 / $physique)>>\n\t\t\t\t\t<<set _physiqueConfig.modTypes.good.pushUnique(\"熊壮\")>>\t\t\t\t\t\n\t\t\t\t<</if>>\n\t\t\t\t/* 北极星 */\n\n\t\t\t\t<!--WILLPOWER-->"
  },
  {
    "passage": "Characteristics",
    "findString": "\t\t\t\t<!--BEAUTY-->",
    "replace": "\t\t\t\t/* 北极星模组 */\n\t\t\t\t<<if $earSlime.growth gt 50>>\n\t\t\t\t\t<<set _willpowerConfig.modifier -= 10 + Math.floor(100 * Math.clamp(($earSlime.growth - 50) / 1000, 0, 0.1))>>\n\t\t\t\t\t<<set _willpowerConfig.modTypes.bad.pushUnique(\"耳朵史莱姆\")>>\n\t\t\t\t<<elseif $parasite.left_ear.name is \"slime\" and $parasite.right_ear.name is \"slime\">>\n\t\t\t\t\t<<set _willpowerConfig.modifier -= 10>>\n\t\t\t\t\t<<set _willpowerConfig.modTypes.bad.pushUnique(\"耳朵史莱姆\")>>\n\t\t\t\t<</if>>\n\t\t\t\t<<if $options.bjx_animal and $cow gte 6>>\n\t\t\t\t\t<<set _willpowerConfig.modifier += 40>>\n\t\t\t\t\t<<set _willpowerConfig.modTypes.good.pushUnique(\"坚韧不拔\")>>\t\t\t\t\t\n\t\t\t\t<</if>>\n\t\t\t\t/* 北极星 */\n\n\t\t\t\t<!--BEAUTY-->"
  },
  {
    "passage": "Characteristics",
    "findString": "\t\t\t\t<!--PROMISCUITY-->",
    "replace": "\t\t\t\t/* 北极星模组 */\n\t\t\t\t<<if $options.bjx_animal and $fox gte 6>>\n\t\t\t\t\t<<set _beautyConfig.modifier += 40>>\n\t\t\t\t\t<<set _beautyConfig.modTypes.good.pushUnique(\"天生丽质\")>>\t\t\t\t\t\n\t\t\t\t<</if>>\n\t\t\t\t/* 北极星 */\n\n\t\t\t\t<!--PROMISCUITY-->"
  },
  {
    "passage": "Characteristics",
    "findString": "<<set _physiqueConfig.modifier to Math.floor(_physiqueConfig.modifier * (1 + ($moorLuck / 100)))>>",
    "replace": "<<set _physiqueConfig.modifier += Math.floor(100 * $moorLuck / 100)>>"
  },
  {
    "passage": "Characteristics",
    "findString": "<<set _willpowerConfig.modifier to Math.floor(_willpowerConfig.modifier * (1 + ($moorLuck / 100)))>>",
    "replace": "<<set _willpowerConfig.modifier += Math.floor(100 * $moorLuck / 100)>>"
  },
  {
    "passage": "Characteristics",
    "findString": "<<set _dancingConfig.modifier to Math.floor(_dancingConfig.modifier * (1 - (_bellySize / _pregnancyModifier)))>>",
    "replace": "<<set _dancingConfig.modifier -= Math.floor(100 * _bellySize / _pregnancyModifier)>>"
  },
  {
    "passage": "Characteristics",
    "findString": "<<set _swimmingConfig.modifier to Math.floor(_swimmingConfig.modifier * (1 - (_bellySize / _pregnancyModifier)))>>",
    "replace": "<<set _swimmingConfig.modifier -= Math.floor(100 * _bellySize / _pregnancyModifier)>>"
  },
  {
    "passage": "Characteristics",
    "findString": "<<set _athleticsConfig.modifier to Math.floor(_athleticsConfig.modifier * (1 - (_bellySize / _pregnancyModifier)))>>",
    "replace": "<<set _athleticsConfig.modifier -= Math.floor(100 * _bellySize / _pregnancyModifier)>>"
  },
  {
    "passage": "Characteristics",
    "findString": "\t\t\t\t<<if $worn.feet.type.includes(\"shackle\")>>\n\t\t\t\t\t<<set _athleticsConfig.modifier to 0>>\n\t\t\t\t\t<<set _athleticsConfig.modTypes.bad.pushUnique(\"<b>被束缚</b>\")>>\n\t\t\t\t\t<<set _swimmingConfig.modifier to Math.floor(_swimmingConfig.modifier * 0.5)>>\n\t\t\t\t\t<<run _swimmingConfig.modTypes.bad.delete(\"heels\",\"shoes\")>>\n\t\t\t\t\t<<set _swimmingConfig.modTypes.bad.pushUnique(\"<b>被束缚</b>\")>>\n\t\t\t\t\t<<set _dancingConfig.modifier to Math.floor(_dancingConfig.modifier * 0.5)>>\n\t\t\t\t\t<<set _dancingConfig.modTypes.bad.pushUnique(\"<b>被束缚</b>\")>>\n\t\t\t\t<</if>>",
    "replace": "\t\t\t\t<<if $worn.feet.type.includes(\"shackle\")>>\n\t\t\t\t\t<<set _athleticsConfig.modifier -= 50>>\n\t\t\t\t\t<<set _athleticsConfig.modTypes.bad.pushUnique(\"<b>被束缚</b>\")>>\n\t\t\t\t\t<<set _swimmingConfig.modifier -= 50>>\n\t\t\t\t\t<<run _swimmingConfig.modTypes.bad.delete(\"高跟鞋\",\"鞋子\")>>\n\t\t\t\t\t<<set _swimmingConfig.modTypes.bad.pushUnique(\"<b>被束缚</b>\")>>\n\t\t\t\t\t<<set _dancingConfig.modifier -= 50>>\n\t\t\t\t\t<<set _dancingConfig.modTypes.bad.pushUnique(\"<b>被束缚</b>\")>>\n\t\t\t\t<</if>>"
  },
  {
    "passage": "Characteristics",
    "findString": "<<set _skulduggeryConfig.modifier to Math.floor(_skulduggeryConfig.modifier * 1.05)>>",
    "replace": "<<set _skulduggeryConfig.modifier += 5>>",
    "all": true
  },
  {
    "passage": "Characteristics",
    "findString": "\t\t\t\t<<if $fox gte 6>>\n\t\t\t\t\t<<set _skulduggeryConfig.modifier to Math.floor(_skulduggeryConfig.modifier * 1.10)>>",
    "replace": "\t\t\t\t<<if $options.bjx_animal and $transformationParts.lizard.eyes isnot \"disabled\">>\n\t\t\t\t\t<<set _skulduggeryConfig.modifier += 5>>\n\t\t\t\t\t<<set _skulduggeryConfig.modTypes.good.pushUnique(\"蜥蜴之眼\")>>\n\t\t\t\t<</if>>\n\t\t\t\t<<if $options.bjx_animal and $transformationParts.dragon.eyes isnot \"disabled\">>\n\t\t\t\t\t<<set _skulduggeryConfig.modifier += 10>>\n\t\t\t\t\t<<set _skulduggeryConfig.modTypes.good.pushUnique(\"龙睛\")>>\n\t\t\t\t<</if>>\n\t\t\t\t<<if $options.bjx_animal and $raccoon gte 6>>\n\t\t\t\t\t<<set _skulduggeryConfig.modifier += 20>>\n\t\t\t\t\t<<set _skulduggeryConfig.modTypes.good.pushUnique(\"浣熊化\")>>\n\t\t\t\t<</if>>\n\t\t\t\t<<if !$options.bjx_animal and $fox gte 6>>\n\t\t\t\t\t<<set _skulduggeryConfig.modifier += 10>>"
  },
  {
    "passage": "Characteristics",
    "findString": "<<set _dancingConfig.modifier to Math.floor(_dancingConfig.modifier * 1.05)>>",
    "replace": "<<set _dancingConfig.modifier += 5>>"
  },
  {
    "passage": "Characteristics",
    "findString": "<<set _swimmingConfig.modifier to Math.floor(_swimmingConfig.modifier * 1.05)>>",
    "replace": "<<set _swimmingConfig.modifier += 5>>"
  },
  {
    "passage": "Characteristics",
    "findString": "\t\t\t\t<<if $worn.under_upper.type.includesAny(\"swim\", \"naked\") and $worn.under_lower.type.includesAny(\"swim\", \"naked\")",
    "replace": "\t\t\t\t<<if $options.bjx_animal and $cat gte 6>>\n\t\t\t\t\t<<set _dancingConfig.modifier += 40>>\n\t\t\t\t\t<<set _dancingConfig.modTypes.good.pushUnique(\"猫化\")>>\t\t\n\t\t\t\t<</if>>\n\t\t\t\t<<if $worn.under_upper.type.includesAny(\"swim\", \"naked\") and $worn.under_lower.type.includesAny(\"swim\", \"naked\")"
  },
  {
    "passage": "Characteristics",
    "findString": "\t\t\t\t<<if $worn.feet.type.includes(\"swim\")>>\n\t\t\t\t\t<<set _swimmingConfig.modifier to Math.floor(_swimmingConfig.modifier * (1 + (currentSkillValue(\"feetskill\") / 10000)))>>\n\t\t\t\t\t<<set _swimmingConfig.modTypes.good.pushUnique(\"脚蹼\")>>\n\t\t\t\t<<elseif !$worn.feet.type.includes(\"naked\")>>\n\t\t\t\t\t<<if $worn.feet.type.includes(\"heels\")>>\n\t\t\t\t\t\t<<set _heels to 0.1>>\n\t\t\t\t\t\t<<set _swimmingConfig.modTypes.bad.pushUnique(\"高跟鞋\")>>\n\t\t\t\t\t<<else>>\n\t\t\t\t\t\t<<set _heels to 0>>\n\t\t\t\t\t\t<<set _swimmingConfig.modTypes.bad.pushUnique(\"鞋子\")>>\n\t\t\t\t\t<</if>>\n\t\t\t\t\t<<set _swimmingConfig.modifier to Math.floor(_swimmingConfig.modifier * (0.9 + (currentSkillValue(\"feetskill\") / 10000) - _heels))>>\n\t\t\t\t<</if>>",
    "replace": "\t\t\t\t<<if $worn.feet.type.includes(\"swim\")>>\n\t\t\t\t\t<<set _swimmingConfig.modifier += 10>>\n\t\t\t\t\t<<set _swimmingConfig.modTypes.good.pushUnique(\"脚蹼\")>>\n\t\t\t\t<<elseif !$worn.feet.type.includes(\"naked\")>>\n\t\t\t\t\t<<if $worn.feet.type.includes(\"heels\")>>\n\t\t\t\t\t\t<<set _swimmingConfig.modifier -= 20>>\n\t\t\t\t\t\t<<set _swimmingConfig.modTypes.bad.pushUnique(\"高跟鞋\")>>\n\t\t\t\t\t<<else>>\n\t\t\t\t\t\t<<set _swimmingConfig.modifier -= 10>>\n\t\t\t\t\t\t<<set _swimmingConfig.modTypes.bad.pushUnique(\"鞋子\")>>\n\t\t\t\t\t<</if>>\n\t\t\t\t<</if>>\n\t\t\t\t<<if (currentSkillValue(\"feetskill\") gt 0)>>\n\t\t\t\t    <<set _swimmingConfig.modifier += Math.floor(100 * (currentSkillValue(\"feetskill\") / 10000))>>\n\t\t\t\t    <<set _swimmingConfig.modTypes.good.pushUnique(\"足技\")>>\n\t\t\t\t<</if>>\n\t\t\t\t<<if $options.bjx_animal and $swimtail is \"true\">>\n\t\t\t\t\t<<set _swimmingConfig.modifier += 30>>\n\t\t\t\t\t<<set _swimmingConfig.modTypes.good.pushUnique(\"鱼尾\")>>\t\t\n\t\t\t\t<</if>>\n\t\t\t\t<<if $options.bjx_animal and $transformationParts.traits.webbedfeet is \"default\">>\n\t\t\t\t\t<<set _swimmingConfig.modifier += 20>>\n\t\t\t\t\t<<set _swimmingConfig.modTypes.good.pushUnique(\"蛙蹼\")>>\t\t\n\t\t\t\t<</if>>"
  },
  {
    "passage": "Characteristics",
    "findString": "\t\t\t\t<<switch $location>>\n\t\t\t\t\t<<case \"forest\" \"moor\" \"farm\" \"alex_farm\">>\n\t\t\t\t\t\t<<if $worn.feet.type.includes(\"heels\")>>\n\t\t\t\t\t\t\t<<set _athleticsConfig.modifier to Math.floor(_athleticsConfig.modifier * (1 - ($worn.feet.reveal / 5000)))>>\n\t\t\t\t\t\t\t<<set _athleticsConfig.modTypes.bad.pushUnique(\"高跟鞋\")>>\n\t\t\t\t\t\t<</if>>\n\t\t\t\t\t\t<<if $worn.feet.type.includes(\"rugged\")>>\n\t\t\t\t\t\t\t<<set _athleticsConfig.modifier to Math.floor(_athleticsConfig.modifier * (1 + (currentSkillValue(\"feetskill\") / 10000)))>>\n\t\t\t\t\t\t\t<<set _athleticsConfig.modTypes.good.pushUnique(\"防滑鞋\")>>\n\t\t\t\t\t\t<</if>>\n\t\t\t\t<</switch>>",
    "replace": "\t\t\t\t<<switch $location>>\n\t\t\t\t\t<<case \"forest\" \"moor\" \"farm\" \"alex_farm\">>\n\t\t\t\t\t\t<<if $worn.feet.type.includes(\"heels\")>>\n\t\t\t\t\t\t\t<<set _athleticsConfig.modifier -= Math.floor(100 * $worn.feet.reveal / 5000)>>\n\t\t\t\t\t\t\t<<set _athleticsConfig.modTypes.bad.pushUnique(\"高跟鞋\")>>\n\t\t\t\t\t\t<</if>>\n\t\t\t\t\t\t<<if $worn.feet.type.includes(\"rugged\")>>\n\t\t\t\t\t\t\t<<set _athleticsConfig.modifier += Math.floor(100 * (currentSkillValue(\"feetskill\") / 10000))>>\n\t\t\t\t\t\t\t<<set _athleticsConfig.modTypes.good.pushUnique(\"防滑鞋\")>>\n\t\t\t\t\t\t<</if>>\n\t\t\t\t<</switch>>"
  },
  {
    "passage": "Characteristics",
    "findString": "\t\t\t\t<<if $backgroundTraits.includes(\"plantlover\")>>",
    "replace": "\t\t\t\t<<if $options.bjx_animal and $transformationParts.traits.vigorous is \"default\">>\n\t\t\t\t\t<<set _athleticsConfig.modifier += 40>>\n\t\t\t\t\t<<set _athleticsConfig.modTypes.good.pushUnique(\"活力四射\")>>\n\t\t\t\t<</if>>\n\t\t\t\t<<if $backgroundTraits.includes(\"plantlover\")>>"
  },
  {
    "passage": "Characteristics",
    "findString": "<<set _tendingConfig.modifier to Math.floor(_tendingConfig.modifier * (1 + ($trauma / ($traumamax * 2))))>>",
    "replace": "<<set _tendingConfig.modifier += Math.floor(100 * $trauma / ($traumamax * 2))>>"
  },
  {
    "passage": "Characteristics",
    "findString": "\t\t\t\t\t\t<<set _tendingConfig.modTypes.good.pushUnique(\"植物爱好者\")>>\n\t\t\t\t\t<</if>>\n\t\t\t\t<</if>>",
    "replace": "\t\t\t\t\t\t<<set _tendingConfig.modTypes.good.pushUnique(\"植物爱好者\")>>\n\t\t\t\t\t<</if>>\n\t\t\t\t<</if>>\n\t\t\t\t<<if $options.bjx_animal and $transformationParts.traits.strongnose is \"default\">>\n\t\t\t\t\t<<set _tendingConfig.modifier += 20>>\n\t\t\t\t\t<<set _tendingConfig.modTypes.good.pushUnique(\"灵敏的鼻子\")>>\n\t\t\t\t<</if>>"
  },
  {
    "passage": "Characteristics",
    "findString": "<<set _housekeepingConfig.modifier to Math.floor(_housekeepingConfig.modifier * 1.05)>>",
    "replace": "<<set _housekeepingConfig.modifier += 5>>",
    "all": true
  },
  {
    "passage": "Characteristics",
    "findString": "<<set _skulduggeryConfig.modifier to Math.floor(_skulduggeryConfig.modifier * (1 + ($moorLuck / 100)))>>",
    "replace": "<<set _skulduggeryConfig.modifier += Math.floor(100 * $moorLuck / 100)>>"
  },
  {
    "passage": "Characteristics",
    "findString": "<<set _dancingConfig.modifier to Math.floor(_dancingConfig.modifier * (1 + ($moorLuck / 100)))>>",
    "replace": "<<set _dancingConfig.modifier += Math.floor(100 * $moorLuck / 100)>>"
  },
  {
    "passage": "Characteristics",
    "findString": "<<set _swimmingConfig.modifier to Math.floor(_swimmingConfig.modifier * (1 + ($moorLuck / 100)))>>",
    "replace": "<<set _swimmingConfig.modifier += Math.floor(100 * $moorLuck / 100)>>"
  },
  {
    "passage": "Characteristics",
    "findString": "<<set _athleticsConfig.modifier to Math.floor(_athleticsConfig.modifier * (1 + ($moorLuck / 100)))>>",
    "replace": "<<set _athleticsConfig.modifier += Math.floor(100 * $moorLuck / 100)>>"
  },
  {
    "passage": "Characteristics",
    "findString": "<<set _tendingConfig.modifier to Math.floor(_tendingConfig.modifier * (1 + ($moorLuck / 100)))>>",
    "replace": "<<set _tendingConfig.modifier += Math.floor(100 * $moorLuck / 100)>>"
  },
  {
    "passage": "Characteristics",
    "findString": "<<set _housekeepingConfig.modifier to Math.floor(_housekeepingConfig.modifier * (1 + ($moorLuck / 100)))>>",
    "replace": "<<set _housekeepingConfig.modifier += Math.floor(100 * $moorLuck / 100)>>"
  },
  {
    "passage": "Characteristics",
    "findString": "\t\t\t<<if $earSlime.growth gt 50 and !V.earSlime.defyCooldown>>\n\t\t\t\t<<set _seductionConfig.modTypes.good.pushUnique(\"耳朵史莱姆\")>>\n\t\t\t\t<<set _seductionConfig.modifier to Math.floor(_seductionConfig.modifier * (1 + (($earSlime.growth - 50) / 600)))>>\n\t\t\t<</if>>\n\t\t\t<<if $earSlime.growth gte 100 and $earSlime.focus is \"pregnancy\">>\n\t\t\t\t<<if _vaginalConfig>>\n\t\t\t\t\t<<set _vaginalConfig.modTypes.good.pushUnique(\"耳朵史莱姆\")>>\n\t\t\t\t\t<<set _vaginalConfig.modifier to Math.floor(_vaginalConfig.modifier * (1 + (($earSlime.growth - 100) / 500)))>>\n\t\t\t\t<</if>>\n\t\t\t\t<<if _penileConfig>>\n\t\t\t\t\t<<set _penileConfig.modTypes.bad.pushUnique(\"耳朵史莱姆\")>>\n\t\t\t\t\t<<set _penileConfig.modifier to Math.floor(_penileConfig.modifier * (1 - (($earSlime.growth - 100) / 400)))>>\n\t\t\t\t<</if>>\n\t\t\t\t<<if !$player.vaginaExist>>\n\t\t\t\t\t<<set _analConfig.modTypes.good.pushUnique(\"耳朵史莱姆\")>>\n\t\t\t\t\t<<set _analConfig.modifier to Math.floor(_analConfig.modifier * (1 + (($earSlime.growth - 100) / 500)))>>\n\t\t\t\t<</if>>\n\t\t\t<</if>>\n\t\t\t<<if $earSlime.growth gte 100 and $earSlime.focus is \"impregnation\">>\n\t\t\t\t<<if _vaginalConfig>>\n\t\t\t\t\t<<set _vaginalConfig.modTypes.bad.pushUnique(\"耳朵史莱姆\")>>\n\t\t\t\t\t<<set _vaginalConfig.modifier to Math.floor(_vaginalConfig.modifier * (1 - (($earSlime.growth - 100) / 400)))>>\n\t\t\t\t<</if>>\n\t\t\t\t<<if _penileConfig>>\n\t\t\t\t\t<<set _penileConfig.modTypes.good.pushUnique(\"耳朵史莱姆\")>>\n\t\t\t\t\t<<set _penileConfig.modifier to Math.floor(_penileConfig.modifier * (1 + (($earSlime.growth - 100) / 500)))>>\n\t\t\t\t<</if>>\n\t\t\t<</if>>\n\t\t\t<<if playerHeatMinArousal()>>\n\t\t\t\t<<if _vaginalConfig>>\n\t\t\t\t\t<<set _vaginalConfig.modTypes.good.pushUnique(\"燥热\")>>\n\t\t\t\t\t<<set _vaginalConfig.modifier to Math.floor(_vaginalConfig.modifier * (1 + (Math.clamp(playerHeatMinArousal(), 0, 4000) / 20000)))>>\n\t\t\t\t<</if>>\n\t\t\t\t<<if !$player.vaginaExist>>\n\t\t\t\t\t<<set _analConfig.modTypes.good.pushUnique(playerAwareTheyCanBePregnant() ? \"燥热\" : \"<i>？？？？</i>\")>>\n\t\t\t\t\t<<set _analConfig.modifier to Math.floor(_analConfig.modifier * (1 + (Math.clamp(playerHeatMinArousal(), 0, 4000) / 20000)))>>\n\t\t\t\t<</if>>\n\t\t\t<</if>>\n\t\t\t<<if playerRutMinArousal()>>\n\t\t\t\t<<set _penileConfig.modTypes.good.pushUnique(\"发情\")>>\n\t\t\t\t<<set _penileConfig.modifier to Math.floor(_penileConfig.modifier * (1 + (Math.clamp(playerRutMinArousal(), 0, 4000) / 20000)))>>\n\t\t\t<</if>>",
    "replace": "\t\t\t/* 北极星模组 */\n\t\t\t<<if $earSlime.growth gt 50 and !V.earSlime.defyCooldown>>\n\t\t\t\t<<set _seductionConfig.modTypes.good.pushUnique(\"耳朵史莱姆\")>>\n\t\t\t\t<<set _seductionConfig.modifier += Math.floor(100 * (($earSlime.growth - 50) / 600))>>\n\t\t\t<</if>>\n\t\t\t<<if $earSlime.growth gte 100 and $earSlime.focus is \"pregnancy\">>\n\t\t\t\t<<if _vaginalConfig>>\n\t\t\t\t\t<<set _vaginalConfig.modTypes.good.pushUnique(\"耳朵史莱姆\")>>\n\t\t\t\t\t<<set _vaginalConfig.modifier += Math.floor(100 * (($earSlime.growth - 100) / 500))>>\n\t\t\t\t<</if>>\n\t\t\t\t<<if _penileConfig>>\n\t\t\t\t\t<<set _penileConfig.modTypes.bad.pushUnique(\"耳朵史莱姆\")>>\n\t\t\t\t\t<<set _penileConfig.modifier -= Math.floor(100 * (($earSlime.growth - 100) / 400))>>\n\t\t\t\t<</if>>\n\t\t\t\t<<if !$player.vaginaExist>>\n\t\t\t\t\t<<set _analConfig.modTypes.good.pushUnique(\"耳朵史莱姆\")>>\n\t\t\t\t\t<<set _analConfig.modifier += Math.floor(100 * (($earSlime.growth - 100) / 500))>>\n\t\t\t\t<</if>>\n\t\t\t<</if>>\n\t\t\t<<if $earSlime.growth gte 100 and $earSlime.focus is \"impregnation\">>\n\t\t\t\t<<if _vaginalConfig>>\n\t\t\t\t\t<<set _vaginalConfig.modTypes.bad.pushUnique(\"耳朵史莱姆\")>>\n\t\t\t\t\t<<set _vaginalConfig.modifier -= Math.floor(100 * (($earSlime.growth - 100) / 400))>>\n\t\t\t\t<</if>>\n\t\t\t\t<<if _penileConfig>>\n\t\t\t\t\t<<set _penileConfig.modTypes.good.pushUnique(\"耳朵史莱姆\")>>\n\t\t\t\t\t<<set _penileConfig.modifier += Math.floor(100 * (($earSlime.growth - 100) / 500))>>\n\t\t\t\t<</if>>\n\t\t\t<</if>>\n\t\t\t<<if playerHeatMinArousal()>>\n\t\t\t\t<<if _vaginalConfig>>\n\t\t\t\t\t<<set _vaginalConfig.modTypes.good.pushUnique(\"燥热\")>>\n\t\t\t\t\t<<set _vaginalConfig.modifier += Math.floor(100 * (playerHeatMinArousal() / 10000))>>\n\t\t\t\t<</if>>\n\t\t\t\t<<if !$player.vaginaExist>>\n\t\t\t\t\t<<set _analConfig.modTypes.good.pushUnique(playerAwareTheyCanBePregnant() ? \"燥热\" : \"<i>????</i>\")>>\n\t\t\t\t\t<<set _analConfig.modifier += Math.floor(100 * (playerHeatMinArousal() / 10000))>>\n\t\t\t\t<</if>>\n\t\t\t<</if>>\n\t\t\t<<if playerRutMinArousal()>>\n\t\t\t\t<<set _penileConfig.modTypes.good.pushUnique(\"发情\")>>\n\t\t\t\t<<set _penileConfig.modifier += Math.floor(100 * (playerRutMinArousal() / 10000))>>\n\t\t\t<</if>>\n\t\t\t/* 北极星 */"
  },
  {
    "passage": "Characteristics",
    "findString": "\t\t\t\t<<if $moorLuck gt 0>>\n\t\t\t\t\t<<set _scienceConfig.modifier to Math.floor(_scienceConfig.modifier * (1 + ($moorLuck / 100)))>>\n\t\t\t\t\t<<set _scienceConfig.modTypes.good.pushUnique(\"<i>????</i>\")>>\n\t\t\t\t\t<<set _mathsConfig.modifier to Math.floor(_mathsConfig.modifier * (1 + ($moorLuck / 100)))>>\n\t\t\t\t\t<<set _mathsConfig.modTypes.good.pushUnique(\"<i>????</i>\")>>\n\t\t\t\t\t<<set _englishConfig.modifier to Math.floor(_englishConfig.modifier * (1 + ($moorLuck / 100)))>>\n\t\t\t\t\t<<set _englishConfig.modTypes.good.pushUnique(\"<i>????</i>\")>>\n\t\t\t\t\t<<set _historyConfig.modifier to Math.floor(_historyConfig.modifier * (1 + ($moorLuck / 100)))>>\n\t\t\t\t\t<<set _historyConfig.modTypes.good.pushUnique(\"<i>????</i>\")>>\n\t\t\t\t<</if>>",
    "replace": "\t\t\t\t/* 北极星模组 */\n\t\t\t\t<<if $options.bjx_animal and $dolphin gte 6>>\n\t\t\t\t\t<<set _scienceConfig.modifier += 20>>\n\t\t\t\t\t<<set _scienceConfig.modTypes.good.pushUnique(\"聪明伶俐\")>>\n\t\t\t\t\t<<set _mathsConfig.modifier += 20>>\n\t\t\t\t\t<<set _mathsConfig.modTypes.good.pushUnique(\"聪明伶俐\")>>\n\t\t\t\t\t<<set _englishConfig.modifier += 20>>\n\t\t\t\t\t<<set _englishConfig.modTypes.good.pushUnique(\"聪明伶俐\")>>\n\t\t\t\t\t<<set _historyConfig.modifier += 20>>\n\t\t\t\t\t<<set _historyConfig.modTypes.good.pushUnique(\"聪明伶俐\")>>\n\t\t\t\t<</if>>\n\t\t\t\t<<if $moorLuck gt 0>>\n\t\t\t\t\t<<set _scienceConfig.modifier += Math.floor(100 * $moorLuck / 100)>>\n\t\t\t\t\t<<set _scienceConfig.modTypes.good.pushUnique(\"<i>????</i>\")>>\n\t\t\t\t\t<<set _mathsConfig.modifier += Math.floor(100 * $moorLuck / 100)>>\n\t\t\t\t\t<<set _mathsConfig.modTypes.good.pushUnique(\"<i>????</i>\")>>\n\t\t\t\t\t<<set _englishConfig.modifier += Math.floor(100 * $moorLuck / 100)>>\n\t\t\t\t\t<<set _englishConfig.modTypes.good.pushUnique(\"<i>????</i>\")>>\n\t\t\t\t\t<<set _historyConfig.modifier += Math.floor(100 * $moorLuck / 100)>>\n\t\t\t\t\t<<set _historyConfig.modTypes.good.pushUnique(\"<i>????</i>\")>>\n\t\t\t\t<</if>>\n\t\t\t\t/* 北极星 */"
  }
]