[
  {
    "passage": "Cheats",
    "findString": "\t<<link \"<<<\">><<set $money -= 100000>><<clamp>><<replace \"#statsmoney\">><<print Math.trunc($money)>><</replace>><</link>> |\n\t<<link \"<<\">><<set $money -= 10000>><<clamp>><<replace \"#statsmoney\">><<print Math.trunc($money)>><</replace>><</link>> |\n\t<<link \"<\">><<set $money -= 1000>><<clamp>><<replace \"#statsmoney\">><<print Math.trunc($money)>><</replace>><</link>> |\n\t资金: <span id=\"statsmoney\"><<print Math.trunc($money)>></span>\n\t| <<link \">\">><<set $money += 1000>><<clamp>><<replace \"#statsmoney\">><<print Math.trunc($money)>><</replace>><</link>>\n\t| <<link \">>\">><<set $money += 10000>><<clamp>><<replace \"#statsmoney\">><<print Math.trunc($money)>><</replace>><</link>>\n\t| <<link \">>>\">><<set $money += 100000>><<clamp>><<replace \"#statsmoney\">><<print Math.trunc($money)>><</replace>><</link>>",
    "replace": "    /* 北极星模组 */\n    <<link \"<<<<\">><<set $money -= 10000000>><<clamp>><<replace \"#statsmoney\">><<print Math.trunc($money)>><</replace>><</link>> |\n    <<link \"<<<\">><<set $money -= 1000000>><<clamp>><<replace \"#statsmoney\">><<print Math.trunc($money)>><</replace>><</link>> |\n\t<<link \"<<<\">><<set $money -= 100000>><<clamp>><<replace \"#statsmoney\">><<print Math.trunc($money)>><</replace>><</link>> |\n\t<<link \"<<\">><<set $money -= 10000>><<clamp>><<replace \"#statsmoney\">><<print Math.trunc($money)>><</replace>><</link>> |\n\t<<link \"<\">><<set $money -= 1000>><<clamp>><<replace \"#statsmoney\">><<print Math.trunc($money)>><</replace>><</link>> |\n\t金钱: <span id=\"statsmoney\"><<print Math.trunc($money)>></span>\n\t| <<link \">\">><<set $money += 1000>><<clamp>><<replace \"#statsmoney\">><<print Math.trunc($money)>><</replace>><</link>>\n\t| <<link \">>\">><<set $money += 10000>><<clamp>><<replace \"#statsmoney\">><<print Math.trunc($money)>><</replace>><</link>>\n\t| <<link \">>>\">><<set $money += 100000>><<clamp>><<replace \"#statsmoney\">><<print Math.trunc($money)>><</replace>><</link>>\n\t| <<link \">>>>\">><<set $money += 1000000>><<clamp>><<replace \"#statsmoney\">><<print Math.trunc($money)>><</replace>><</link>>\n\t| <<link \">>>>>\">><<set $money += 10000000>><<clamp>><<replace \"#statsmoney\">><<print Math.trunc($money)>><</replace>><</link>>\n\t<br>\n\t/* 北极星 */"
  },
  {
    "passage": "Cheats",
    "findString": "\t<<set $trauma = 5000>><<clamp>><<replace \"#statstrauma\">><<print Math.trunc($trauma)>><</replace>>",
    "replace": "\t/* 北极星模组 */\n\t<<set $trauma = 5000>><<clamp>><<replace \"#statstrauma\">><<print Math.trunc($trauma)>><<faceimg>><</replace>>\n\t/* 北极星 */"
  },
  {
    "passage": "Cheats",
    "findString": "\t<span class=\"gold\">转化</span>\n\t<br>\n\t<span class=\"description\">你同一时间只能拥有一个动物转化与神圣转化。</span>\n\t<br>\n\t天使转化: <<link \"应用\">><<angelTransform>><<updatesidebarimg>><</link>> / <<link \"清除\">><<angelTransform 99>><<updatesidebarimg>><</link>><br>\n\t恶魔转化: <<link \"应用\">><<demonTransform>><<updatesidebarimg>><</link>> / <<link \"清除\">><<demonTransform 99>><<updatesidebarimg>><</link>><br>\n\t狼转化: <<link \"应用\">><<wolfTransform>><<updatesidebarimg>><</link>> / <<link \"清除\">><<wolfTransform 99>><<updatesidebarimg>><</link>><br>\n\t猫转化: <<link \"应用\">><<catTransform>><<updatesidebarimg>><</link>> / <<link \"清除\">><<catTransform 99>><<updatesidebarimg>><</link>><br>\n\t奶牛转化: <<link \"应用\">><<cowTransform>><<updatesidebarimg>><</link>> / <<link \"清除\">><<cowTransform 99>><<updatesidebarimg>><</link>><br>\n\t鸟转化: <<link \"应用\">><<harpyTransform>><<updatesidebarimg>><</link>> / <<link \"清除\">><<harpyTransform 99>><<updatesidebarimg>><</link>><br>\n\t狐狸转化: <<link \"应用\">><<foxTransform>><<updatesidebarimg>><</link>> / <<link \"清除\">><<foxTransform 99>><<updatesidebarimg>><</link>><br>\n\t<br>\n\n\t狼化 (完全转化需要数值达到30):\n\t<<link \"<<\">><<set $wolfbuild -= 50>><<transformationAlteration>><<clamp>><<replace \"#statswolfbuild\">><<print Math.trunc($wolfbuild)>><</replace>> <<updatesidebarimg>><</link>> |\n\t<<link \"<\">><<set $wolfbuild -= 5>><<transformationAlteration>><<clamp>><<replace \"#statswolfbuild\">><<print Math.trunc($wolfbuild)>><</replace>> <<updatesidebarimg>><</link>> |\n\t<span id=\"statswolfbuild\"><<print Math.trunc($wolfbuild)>></span>\n\t| <<link \">\">><<set $wolfbuild += 5>><<transformationAlteration>><<clamp>><<replace \"#statswolfbuild\">><<print Math.trunc($wolfbuild)>><</replace>> <<updatesidebarimg>><</link>>\n\t| <<link \">>\">><<set $wolfbuild += 50>><<transformationAlteration>><<clamp>><<replace \"#statswolfbuild\">><<print Math.trunc($wolfbuild)>><</replace>> <<updatesidebarimg>><</link>>\n\t<br>\n\t天使化 (完全转化需要数值达到50):\n\t<<link \"<<\">><<set $angelbuild -= 50>><<transformationAlteration>><<clamp>><<replace \"#statsangelbuild\">><<print Math.trunc($angelbuild)>><</replace>> <<updatesidebarimg>><</link>> |\n\t<<link \"<\">><<set $angelbuild -= 5>><<transformationAlteration>><<clamp>><<replace \"#statsangelbuild\">><<print Math.trunc($angelbuild)>><</replace>> <<updatesidebarimg>><</link>> |\n\t<span id=\"statsangelbuild\"><<print Math.trunc($angelbuild)>></span>\n\t| <<link \">\">><<set $angelbuild += 5>><<transformationAlteration>><<clamp>><<replace \"#statsangelbuild\">><<print Math.trunc($angelbuild)>><</replace>> <<updatesidebarimg>><</link>>\n\t| <<link \">>\">><<set $angelbuild += 50>><<transformationAlteration>><<clamp>><<replace \"#statsangelbuild\">><<print Math.trunc($angelbuild)>><</replace>> <<updatesidebarimg>><</link>>\n\t<br>\n\t堕天使化 (完全宽恕需要30点):\n\t<<link \"<<\">><<set $fallenbuild -= 50>><<transformationAlteration>><<clamp>><<replace \"#statsfallenbuild\">><<print Math.trunc($fallenbuild)>><</replace>> <<updatesidebarimg>><</link>> |\n\t<<link \"<\">><<set $fallenbuild -= 5>><<transformationAlteration>><<clamp>><<replace \"#statsfallenbuild\">><<print Math.trunc($fallenbuild)>><</replace>> <<updatesidebarimg>><</link>> |\n\t<span id=\"statsfallenbuild\"><<print Math.trunc($fallenbuild)>></span>\n\t| <<link \">\">><<set $fallenbuild += 5>><<transformationAlteration>><<clamp>><<replace \"#statsfallenbuild\">><<print Math.trunc($fallenbuild)>><</replace>> <<updatesidebarimg>><</link>>\n\t| <<link \">>\">><<set $fallenbuild += 50>><<transformationAlteration>><<clamp>><<replace \"#statsfallenbuild\">><<print Math.trunc($fallenbuild)>><</replace>> <<updatesidebarimg>><</link>>\n\t<br>\n\t恶魔化 (完全转化需要数值达到30):\n\t<<link \"<<\">><<set $demonbuild -= 50>><<transformationAlteration>><<clamp>><<replace \"#statsdemonbuild\">><<print Math.trunc($demonbuild)>><</replace>> <<updatesidebarimg>><</link>> |\n\t<<link \"<\">><<set $demonbuild -= 5>><<transformationAlteration>><<clamp>><<replace \"#statsdemonbuild\">><<print Math.trunc($demonbuild)>><</replace>> <<updatesidebarimg>><</link>> |\n\t<span id=\"statsdemonbuild\"><<print Math.trunc($demonbuild)>></span>\n\t| <<link \">\">><<set $demonbuild += 5>><<transformationAlteration>><<clamp>><<replace \"#statsdemonbuild\">><<print Math.trunc($demonbuild)>><</replace>> <<updatesidebarimg>><</link>>\n\t| <<link \">>\">><<set $demonbuild += 50>><<transformationAlteration>><<clamp>><<replace \"#statsdemonbuild\">><<print Math.trunc($demonbuild)>><</replace>> <<updatesidebarimg>><</link>>\n\t<br>\n\t猫化 (完全转化需要数值达到50):\n\t<<link \"<<\">><<set $catbuild -= 50>><<transformationAlteration>><<clamp>><<replace \"#statscatbuild\">><<print Math.trunc($catbuild)>><</replace>> <<updatesidebarimg>><</link>> |\n\t<<link \"<\">><<set $catbuild -= 5>><<transformationAlteration>><<clamp>><<replace \"#statscatbuild\">><<print Math.trunc($catbuild)>><</replace>> <<updatesidebarimg>><</link>> |\n\t<span id=\"statscatbuild\"><<print Math.trunc($catbuild)>></span>\n\t| <<link \">\">><<set $catbuild += 5>><<transformationAlteration>><<clamp>><<replace \"#statscatbuild\">><<print Math.trunc($catbuild)>><</replace>> <<updatesidebarimg>><</link>>\n\t| <<link \">>\">><<set $catbuild += 50>><<transformationAlteration>><<clamp>><<replace \"#statscatbuild\">><<print Math.trunc($catbuild)>><</replace>> <<updatesidebarimg>><</link>>\n\t<br>\n\t奶牛化 (完全转化需要数值达到30):\n\t<<link \"<<\">><<set $cowbuild -= 50>><<transformationAlteration>><<clamp>><<replace \"#statscowbuild\">><<print Math.trunc($cowbuild)>><</replace>> <<updatesidebarimg>><</link>> |\n\t<<link \"<\">><<set $cowbuild -= 5>><<transformationAlteration>><<clamp>><<replace \"#statscowbuild\">><<print Math.trunc($cowbuild)>><</replace>> <<updatesidebarimg>><</link>> |\n\t<span id=\"statscowbuild\"><<print Math.trunc($cowbuild)>></span>\n\t| <<link \">\">><<set $cowbuild += 5>><<transformationAlteration>><<clamp>><<replace \"#statscowbuild\">><<print Math.trunc($cowbuild)>><</replace>> <<updatesidebarimg>><</link>>\n\t| <<link \">>\">><<set $cowbuild += 50>><<transformationAlteration>><<clamp>><<replace \"#statscowbuild\">><<print Math.trunc($cowbuild)>><</replace>> <<updatesidebarimg>><</link>>\n\t<br>\n\t鸟化 (完全转化需要数值达到30):\n\t<<link \"<<\">><<set $birdbuild -= 50>><<transformationAlteration>><<clamp>><<replace \"#statsbirdbuild\">><<print Math.trunc($birdbuild)>><</replace>> <<updatesidebarimg>><</link>> |\n\t<<link \"<\">><<set $birdbuild -= 5>><<transformationAlteration>><<clamp>><<replace \"#statsbirdbuild\">><<print Math.trunc($birdbuild)>><</replace>> <<updatesidebarimg>><</link>> |\n\t<span id=\"statsbirdbuild\"><<print Math.trunc($birdbuild)>></span>\n\t| <<link \">\">><<set $birdbuild += 5>><<transformationAlteration>><<clamp>><<replace \"#statsbirdbuild\">><<print Math.trunc($birdbuild)>><</replace>> <<updatesidebarimg>><</link>>\n\t| <<link \">>\">><<set $birdbuild += 50>><<transformationAlteration>><<clamp>><<replace \"#statsbirdbuild\">><<print Math.trunc($birdbuild)>><</replace>> <<updatesidebarimg>><</link>>\n\t<br>\n\t狐化 (完全转化需要数值达到30):\n\t<<link \"<<\">><<set $foxbuild -= 50>><<transformationAlteration>><<clamp>><<replace \"#statsfoxbuild\">><<print Math.trunc($foxbuild)>><</replace>> <<updatesidebarimg>><</link>> |\n\t<<link \"<\">><<set $foxbuild -= 5>><<transformationAlteration>><<clamp>><<replace \"#statsfoxbuild\">><<print Math.trunc($foxbuild)>><</replace>> <<updatesidebarimg>><</link>> |\n\t<span id=\"statsfoxbuild\"><<print Math.trunc($foxbuild)>></span>\n\t| <<link \">\">><<set $foxbuild += 5>><<transformationAlteration>><<clamp>><<replace \"#statsfoxbuild\">><<print Math.trunc($foxbuild)>><</replace>> <<updatesidebarimg>><</link>>\n\t| <<link \">>\">><<set $foxbuild += 50>><<transformationAlteration>><<clamp>><<replace \"#statsfoxbuild\">><<print Math.trunc($foxbuild)>><</replace>> <<updatesidebarimg>><</link>>\n",
    "replaceFile": "replace_addon/cheat_transform.txt"
  },
  {
    "passage": "Cheats",
    "findString": "\t| <<link \">>>\">><<npcincr \"Zephyr\" dom 100>><<clamp>><<replace \"#statszephyrdom\">><<print Math.trunc($NPCName[$NPCNameList.indexOf(\"Zephyr\")].dom)>><</replace>><</link>> (50 = 最大值)\n\t<br>",
    "replace": "\t| <<link \">>>\">><<npcincr \"Zephyr\" dom 100>><<clamp>><<replace \"#statszephyrdom\">><<print Math.trunc($NPCName[$NPCNameList.indexOf(\"Zephyr\")].dom)>><</replace>><</link>> (50 = 最大值)\n\t<br>\t/* 北极星模组 */\n\t<<link \"<<<\">><<npcincr \"泰勒\" love -100>><<clamp>><<replace \"#statstaylorlove\">><<print Math.trunc($NPCName[$NPCNameList.indexOf(\"泰勒\")].love)>><</replace>><</link>> |\n\t<<link \"<<\">><<npcincr \"泰勒\" love -10>><<clamp>><<replace \"#statstaylorlove\">><<print Math.trunc($NPCName[$NPCNameList.indexOf(\"泰勒\")].love)>><</replace>><</link>> |\n\t<<link \"<\">><<npcincr \"泰勒\" love -1>><<clamp>><<replace \"#statstaylorlove\">><<print Math.trunc($NPCName[$NPCNameList.indexOf(\"泰勒\")].love)>><</replace>><</link>> |\n\t泰勒好感: <span id=\"statstaylorlove\"><<print Math.trunc($NPCName[$NPCNameList.indexOf(\"泰勒\")].love)>></span>\n\t| <<link \">\">><<npcincr \"泰勒\" love 1>><<clamp>><<replace \"#statstaylorlove\">><<print Math.trunc($NPCName[$NPCNameList.indexOf(\"泰勒\")].love)>><</replace>><</link>>\n\t| <<link \">>\">><<npcincr \"泰勒\" love 10>><<clamp>><<replace \"#statstaylorlove\">><<print Math.trunc($NPCName[$NPCNameList.indexOf(\"泰勒\")].love)>><</replace>><</link>>\n\t| <<link \">>>\">><<npcincr \"泰勒\" love 100>><<clamp>><<replace \"#statstaylorlove\">><<print Math.trunc($NPCName[$NPCNameList.indexOf(\"泰勒\")].love)>><</replace>><</link>> (满值100)\n\t<br>\n\n\t<<link \"<<<\">><<npcincr \"凯西\" love -100>><<clamp>><<replace \"#statscaseylove\">><<print Math.trunc($NPCName[$NPCNameList.indexOf(\"凯西\")].love)>><</replace>><</link>> |\n\t<<link \"<<\">><<npcincr \"凯西\" love -10>><<clamp>><<replace \"#statscaseylove\">><<print Math.trunc($NPCName[$NPCNameList.indexOf(\"凯西\")].love)>><</replace>><</link>> |\n\t<<link \"<\">><<npcincr \"凯西\" love -1>><<clamp>><<replace \"#statscaseylove\">><<print Math.trunc($NPCName[$NPCNameList.indexOf(\"凯西\")].love)>><</replace>><</link>> |\n\t凯西好感: <span id=\"statscaseylove\"><<print Math.trunc($NPCName[$NPCNameList.indexOf(\"凯西\")].love)>></span>\n\t| <<link \">\">><<npcincr \"凯西\" love 1>><<clamp>><<replace \"#statscaseylove\">><<print Math.trunc($NPCName[$NPCNameList.indexOf(\"凯西\")].love)>><</replace>><</link>>\n\t| <<link \">>\">><<npcincr \"凯西\" love 10>><<clamp>><<replace \"#statscaseylove\">><<print Math.trunc($NPCName[$NPCNameList.indexOf(\"凯西\")].love)>><</replace>><</link>>\n\t| <<link \">>>\">><<npcincr \"凯西\" love 100>><<clamp>><<replace \"#statscaseylove\">><<print Math.trunc($NPCName[$NPCNameList.indexOf(\"凯西\")].love)>><</replace>><</link>> (满值100)\n\t<br>\n\t/* 北极星 */"
  },
  {
    "passage": "Cheats",
    "findString": "\t<<if $dockwork is 2>>\n\n\t<<link \"<<<\">><<set $dockstatus -= 100>><<set $dockstatus = Math.clamp($dockstatus, 0, 100)>><<replace \"#statdockstatus\">><<print Math.trunc($dockstatus)>><</replace>><</link>> |\n\t<<link \"<<\">><<set $dockstatus -= 10>><<set $dockstatus = Math.clamp($dockstatus, 0, 100)>><<replace \"#statdockstatus\">><<print Math.trunc($dockstatus)>><</replace>><</link>> |\n\t<<link \"<\">><<set $dockstatus -= 1>><<set $dockstatus = Math.clamp($dockstatus, 0, 100)>><<replace \"#statdockstatus\">><<print Math.trunc($dockstatus)>><</replace>><</link>> |\n\t码头声望: <span id=\"statdockstatus\"><<print Math.trunc($dockstatus)>></span>\n\t| <<link \">\">><<set $dockstatus += 1>><<set $dockstatus = Math.clamp($dockstatus, 0, 100)>><<replace \"#statdockstatus\">><<print Math.trunc($dockstatus)>><</replace>><</link>>\n\t| <<link \">>\">><<set $dockstatus += 10>><<set $dockstatus = Math.clamp($dockstatus, 0, 100)>><<replace \"#statdockstatus\">><<print Math.trunc($dockstatus)>><</replace>><</link>>\n\t| <<link \">>>\">><<set $dockstatus += 100>><<set $dockstatus = Math.clamp($dockstatus, 0, 100)>><<replace \"#statdockstatus\">><<print Math.trunc($dockstatus)>><</replace>><</link>>\n\t<br><br>",
    "replace": "\t/* 北极星模组 */\n\t<<if $dockwork is 2>>\n\t\t<<link \"<<<\">><<set $dockstatus -= 100>><<set $dockstatus = Math.clamp($dockstatus, 0, 100)>><<replace \"#statdockstatus\">><<print Math.trunc($dockstatus)>><</replace>><</link>> |\n\t\t<<link \"<<\">><<set $dockstatus -= 10>><<set $dockstatus = Math.clamp($dockstatus, 0, 100)>><<replace \"#statdockstatus\">><<print Math.trunc($dockstatus)>><</replace>><</link>> |\n\t\t<<link \"<\">><<set $dockstatus -= 1>><<set $dockstatus = Math.clamp($dockstatus, 0, 100)>><<replace \"#statdockstatus\">><<print Math.trunc($dockstatus)>><</replace>><</link>> |\n\t\t码头声望: <span id=\"statdockstatus\"><<print Math.trunc($dockstatus)>></span>\n\t\t| <<link \">\">><<set $dockstatus += 1>><<set $dockstatus = Math.clamp($dockstatus, 0, 100)>><<replace \"#statdockstatus\">><<print Math.trunc($dockstatus)>><</replace>><</link>>\n\t\t| <<link \">>\">><<set $dockstatus += 10>><<set $dockstatus = Math.clamp($dockstatus, 0, 100)>><<replace \"#statdockstatus\">><<print Math.trunc($dockstatus)>><</replace>><</link>>\n\t\t| <<link \">>>\">><<set $dockstatus += 100>><<set $dockstatus = Math.clamp($dockstatus, 0, 100)>><<replace \"#statdockstatus\">><<print Math.trunc($dockstatus)>><</replace>><</link>>\n\t\t<br><br>\n\n\t\t<<if $skul_dock_init is 1>>\n\t\t\t<<link \"<<<\">><<set $dock_security -= 100>><<set $dock_security = Math.clamp($dock_security, 0, 5)>><<replace \"#statdock_security\">><<print Math.trunc($dock_security)>><</replace>><</link>> |\n\t\t\t<<link \"<<\">><<set $dock_security -= 10>><<set $dock_security = Math.clamp($dock_security, 0, 5)>><<replace \"#statdock_security\">><<print Math.trunc($dock_security)>><</replace>><</link>> |\n\t\t\t<<link \"<\">><<set $dock_security -= 1>><<set $dock_security = Math.clamp($dock_security, 0, 5)>><<replace \"#statdock_security\">><<print Math.trunc($dock_security)>><</replace>><</link>> |\n\t\t\t码头安保: <span id=\"statdock_security\"><<print Math.trunc($dock_security)>></span>\n\t\t\t| <<link \">\">><<set $dock_security += 1>><<set $dock_security = Math.clamp($dock_security, 0, 5)>><<replace \"#statdock_security\">><<print Math.trunc($dock_security)>><</replace>><</link>>\n\t\t\t| <<link \">>\">><<set $dock_security += 10>><<set $dock_security = Math.clamp($dock_security, 0, 5)>><<replace \"#statdock_security\">><<print Math.trunc($dock_security)>><</replace>><</link>>\n\t\t\t| <<link \">>>\">><<set $dock_security += 100>><<set $dock_security = Math.clamp($dock_security, 0, 5)>><<replace \"#statdock_security\">><<print Math.trunc($dock_security)>><</replace>><</link>>\n\t\t\t<br><br>\n\t\t<</if>>\n\t<</if>>\n\t\n\t<!-- 新增监狱关系作弊 -->\n\t<<if $location is \"prison\">>\n\t\t<<link \"<<<\">><<set $prison.attention_level -= 3>><<set $prison.attention_level = Math.clamp($prison.attention_level, 0, 3)>><<replace \"#statsattentionlevel\">><<print Math.trunc($prison.attention_level)>><</replace>><</link>> |\n\t\t<<link \"<<\">><<set $prison.attention_level -= 2>><<set $prison.attention_level = Math.clamp($prison.attention_level, 0, 3)>><<replace \"#statsattentionlevel\">><<print Math.trunc($prison.attention_level)>><</replace>><</link>> |\n\t\t<<link \"<\">><<set $prison.attention_level -= 1>><<set $prison.attention_level = Math.clamp($prison.attention_level, 0, 3)>><<replace \"#statsattentionlevel\">><<print Math.trunc($prison.attention_level)>><</replace>><</link>> |\n\t\t关注度: <span id=\"statsattentionlevel\"><<print Math.trunc($prison.attention_level)>></span>\n\t\t| <<link \">\">><<set $prison.attention_level += 1>><<set $prison.attention_level = Math.clamp($prison.attention_level, 0, 3)>><<replace \"#statsattentionlevel\">><<print Math.trunc($prison.attention_level)>><</replace>><</link>>\n\t\t| <<link \">>\">><<set $prison.attention_level += 2>><<set $prison.attention_level = Math.clamp($prison.attention_level, 0, 3)>><<replace \"#statsattentionlevel\">><<print Math.trunc($prison.attention_level)>><</replace>><</link>>\n\t\t| <<link \">>>\">><<set $prison.attention_level += 3>><<set $prison.attention_level = Math.clamp($prison.attention_level, 0, 3)>><<replace \"#statsattentionlevel\">><<print Math.trunc($prison.attention_level)>><</replace>><</link>>\n\t\t<br>\n\t\t<<link \"<<<\">><<prison_attention -100>><<replace \"#statsprisonattention\">><<print Math.trunc($prison.attention)>><</replace>><</link>> |\n\t\t<<link \"<<\">><<prison_attention -10>><<replace \"#statsprisonattention\">><<print Math.trunc($prison.attention)>><</replace>><</link>> |\n\t\t<<link \"<\">><<prison_attention -1>><<replace \"#statsprisonattention\">><<print Math.trunc($prison.attention)>><</replace>><</link>> |\n\t\t关注: <span id=\"statsprisonattention\"><<print Math.trunc($prison.attention)>></span>\n\t\t| <<link \">\">><<prison_attention 1>><<replace \"#statsprisonattention\">><<print Math.trunc($prison.attention)>><</replace>><</link>>\n\t\t| <<link \">>\">><<prison_attention 10>><<replace \"#statsprisonattention\">><<print Math.trunc($prison.attention)>><</replace>><</link>>\n\t\t| <<link \">>>\">><<prison_attention 100>><<replace \"#statsprisonattention\">><<print Math.trunc($prison.attention)>><</replace>><</link>>\n\t\t<br>\n\t\t<<link \"<<<\">><<cell_trouble -10>><<replace \"#statscelltrouble\">><<print Math.trunc($prison.cell_trouble)>><</replace>><</link>> |\n\t\t<<link \"<<\">><<cell_trouble -5>><<replace \"#statscelltrouble\">><<print Math.trunc($prison.cell_trouble)>><</replace>><</link>> |\n\t\t<<link \"<\">><<cell_trouble -1>><<replace \"#statscelltrouble\">><<print Math.trunc($prison.cell_trouble)>><</replace>><</link>> |\n\t\t怀疑: <span id=\"statscelltrouble\"><<print Math.trunc($prison.cell_trouble)>></span>\n\t\t| <<link \">\">><<cell_trouble 1>><<replace \"#statscelltrouble\">><<print Math.trunc($prison.cell_trouble)>><</replace>><</link>>\n\t\t| <<link \">>\">><<cell_trouble 5>><<replace \"#statscelltrouble\">><<print Math.trunc($prison.cell_trouble)>><</replace>><</link>>\n\t\t| <<link \">>>\">><<cell_trouble 10>><<replace \"#statscelltrouble\">><<print Math.trunc($prison.cell_trouble)>><</replace>><</link>>\n\t\t<br>\n\t\t<<link \"<<<\">><<prison_guards -100>><<replace \"#statsguards\">><<print Math.trunc($prison.guards)>><</replace>><</link>> |\n\t\t<<link \"<<\">><<prison_guards -10>><<replace \"#statsguards\">><<print Math.trunc($prison.guards)>><</replace>><</link>> |\n\t\t<<link \"<\">><<prison_guards -1>><<replace \"#statsguards\">><<print Math.trunc($prison.guards)>><</replace>><</link>> |\n\t\t警卫信任度: <span id=\"statsguards\"><<print Math.trunc($prison.guards)>></span>\n\t\t| <<link \">\">><<prison_guards 1>><<replace \"#statsguards\">><<print Math.trunc($prison.guards)>><</replace>><</link>>\n\t\t| <<link \">>\">><<prison_guards 10>><<replace \"#statsguards\">><<print Math.trunc($prison.guards)>><</replace>><</link>>\n\t\t| <<link \">>>\">><<prison_guards 100>><<replace \"#statsguards\">><<print Math.trunc($prison.guards)>><</replace>><</link>>\n\t\t<br>\n\t\t<<link \"<<<\">><<prison_inmates -100>><<replace \"#statsinmates\">><<print Math.trunc($prison.inmates)>><</replace>><</link>> |\n\t\t<<link \"<<\">><<prison_inmates -10>><<replace \"#statsinmates\">><<print Math.trunc($prison.inmates)>><</replace>><</link>> |\n\t\t<<link \"<\">><<prison_inmates -1>><<replace \"#statsinmates\">><<print Math.trunc($prison.inmates)>><</replace>><</link>> |\n\t\t监狱声望: <span id=\"statsinmates\"><<print Math.trunc($prison.inmates)>></span>\n\t\t| <<link \">\">><<prison_inmates 1>><<replace \"#statsinmates\">><<print Math.trunc($prison.inmates)>><</replace>><</link>>\n\t\t| <<link \">>\">><<prison_inmates 10>><<replace \"#statsinmates\">><<print Math.trunc($prison.inmates)>><</replace>><</link>>\n\t\t| <<link \">>>\">><<prison_inmates 100>><<replace \"#statsinmates\">><<print Math.trunc($prison.inmates)>><</replace>><</link>>\n\t\t<br>\n\t\t<<link \"<<<\">><<prison_hope -100>><<replace \"#statshope\">><<print Math.trunc($prison.hope)>><</replace>><</link>> |\n\t\t<<link \"<<\">><<prison_hope -10>><<replace \"#statshope\">><<print Math.trunc($prison.hope)>><</replace>><</link>> |\n\t\t<<link \"<\">><<prison_hope -1>><<replace \"#statshope\">><<print Math.trunc($prison.hope)>><</replace>><</link>> |\n\t\t监狱希望: <span id=\"statshope\"><<print Math.trunc($prison.hope)>></span>\n\t\t| <<link \">\">><<prison_hope 1>><<replace \"#statshope\">><<print Math.trunc($prison.hope)>><</replace>><</link>>\n\t\t| <<link \">>\">><<prison_hope 10>><<replace \"#statshope\">><<print Math.trunc($prison.hope)>><</replace>><</link>>\n\t\t| <<link \">>>\">><<prison_hope 100>><<replace \"#statshope\">><<print Math.trunc($prison.hope)>><</replace>><</link>>\n\t\t<br>\n\t\t<<link \"<<<\">><<prison_reb -100>><<replace \"#statsreb\">><<print Math.trunc($prison.reb)>><</replace>><</link>> |\n\t\t<<link \"<<\">><<prison_reb -10>><<replace \"#statsreb\">><<print Math.trunc($prison.reb)>><</replace>><</link>> |\n\t\t<<link \"<\">><<prison_reb -1>><<replace \"#statsreb\">><<print Math.trunc($prison.reb)>><</replace>><</link>> |\n\t\t监狱叛逆: <span id=\"statsreb\"><<print Math.trunc($prison.reb)>></span>\n\t\t| <<link \">\">><<prison_reb 1>><<replace \"#statsreb\">><<print Math.trunc($prison.reb)>><</replace>><</link>>\n\t\t| <<link \">>\">><<prison_reb 10>><<replace \"#statsreb\">><<print Math.trunc($prison.reb)>><</replace>><</link>>\n\t\t| <<link \">>>\">><<prison_reb 100>><<replace \"#statsreb\">><<print Math.trunc($prison.reb)>><</replace>><</link>>\n\t\t<br>\n\t/* 北极星 */"
  },
  {
    "passage": "Cheats",
    "findString": "<<widget \"cheats-teleport\">>",
    "replace": "<<widget \"cheats-teleport\">>\n    /* 北极星模组 */\n    <<set setup.majorAreas to [\n\t\t\"Orphanage\", \"Bedroom\", \"Barb Street\", \"Cliff Street\", \"Connudatus Street\", \"Danube Street\", \"Domus Street\", \"Elk Street\",\n\t\t\"Harvest Street\", \"High Street\", \"Mer Street\", \"Nightingale Street\", \"Oxford Street\", \"Starfish Street\", \"Wolf Street\",\n\t\t\"Residential alleyways\", \"Commercial alleyways\", \"Industrial alleyways\", \"Park\", \"Hallways\", \"Brothel\", \"Strip Club\",\n\t\t\"Beach\", \"Ocean Breeze\", \"Docks Work\", \"Residential Drain\", \"Commercial Drain\", \"Industrial Drain\", \"Forest\", \"Farmland\",\n\t\t\"Livestock Field\", \"Moor\", \"Forest Wolf Cave\", \"Wolf Cave\", \"Wolf Cave Clearing\", \"Asylum\", \"Asylum Cell\", \"Underground Cell\", \"Prison Cell\",\n\t\t\"Lake Shore\", \"Farmland\", \"Farm Work\", \"Meadow\",\n\t]>>\n\t/* 北极星 */"
  },
  {
    "passage": "Cheats",
    "findString": "\t\t<span class=\"gold\">镇外</span>\n\t\t<br>\n\t\t<<foresticon>>[[森林|Forest]]\n\t\t<br>\n\t\t<<roadicon>>[[农场|Farm Road 1]]\n\t\t<br>\n\t\t<<farmicon \"barn\">>[[农田|Farmland]]\n\t\t<br><br>\n\n\t\t<span class=\"gold\">地下</span>\n\t\t<br>\n\t\t<<sewericon>>[[工业区排水系统|Industrial Drain]]\n\t\t<br>\n\t\t<<sewericon>>[[商业区排水系统|Commercial Drain]]\n\t\t<br>\n\t\t<<sewericon>>[[住宅区排水系统|Residential Drain]]\n\t\t<br>\n\t\t<<sewericon>><<link [[排海出口|Drain Exit]]>><</link>>\n\t\t<br>\n\t\t<<sewericon>>[[住宅区旧下水道|Sewers Residential]]\n\t\t<br>\n\t\t<<sewericon>>[[商业区旧下水道|Sewers Commercial]]\n\t\t<br>\n\t\t<<sewericon>>[[工业区旧下水道|Sewers Industrial]]\n\t\t<br>",
    "replace": "\t\t/* 北极星模组 */\n\t\t<span class=\"gold\">镇外</span>\n    \t<br>\n    \t<u>森林</u><br>\n    \t<<foresticon>><<link [[森林外围|Forest]]>><<set $forest = 0>><</link>><br>\n    \t<<foresticon>><<link [[森林旷地|Forest]]>><<set $forest = 20>><</link>><br>\n    \t<<foresticon>><<link [[森林湖|Forest]]>><<set $forest = 50>><</link>><br>\n    \t<<foresticon>><<link [[林地深处|Forest]]>><<set $forest = 99>><</link>><br>\n    \t<br>\n    \t<u>森林湖</u><br>\n    \t<<lakeicon>><<link [[森林湖岸|Lake Shore]]>><</link>><br>\n    \t<<lakeicon>><<link [[森林湖篝火坑|Lake Firepit]]>><</link>><br>\n    \t<<lakeicon>><<link [[森林湖瀑布|Lake Waterfall]]>><</link>><br>\n    \t<<lakeicon>><<link [[森林湖垂钓岩|Lake Fishing Rock]]>><</link>><br>\n    \t<<lakeicon>><<link [[森林湖营地|Lake Campsite]]>><</link>><br>\n    \t<br>\n    \t<u>郊外</u><br>\n    \t<<farmicon>><<link [[农场|Farmland]]>><</link>><br>\n    \t<<farmicon \"meadow\">><<link [[草地|Meadow]]>><</link>><br>\n    \t<<icon \"horse_ride.png\">><<link [[骑术学校|Riding School]]>><</link>><br>\n    \t<<mooricon \"remy cottage\">><<link [[雷米庄园 (大门)|Estate]]>><<estate_init gate>><</link>><br>\n    \t<<mooricon \"remy cottage\">><<link [[雷米庄园 (密道)|Estate]]>><<estate_init secret>><</link>><br>\n    \t<br>\n    \t<u>荒原</u><br>\n    \t<<mooricon>><<link [[荒原平地|Moor]]>><<set $moor = 1>><</link>><br>\n    \t<<mooricon>><<link [[荒原岩地|Moor]]>><<set $moor = 21>><</link>><br>\n    \t<<mooricon>><<link [[荒原气室|Moor]]>><<set $moor = 51>><</link>><br>\n    \t<<mooricon>><<link [[荒原城堡|Moor]]>><<set $moor = 100>><</link>><br>\n    \t<br>\n    \t\n    \t<span class=\"gold\">地下</span>\n    \t<br>\n    \t<<sewericon>>[[工业区排水系统|Industrial Drain]]\n    \t<br>\n    \t<<sewericon>>[[商业区排水系统|Commercial Drain]]\n    \t<br>\n    \t<<sewericon>>[[住宅区排水系统|Residential Drain]]\n    \t<br>\n    \t<<sewericon>>[[排水系统出海口|Drain Exit]]\n    \t<br>\n    \t<<sewericon>>[[住宅区旧下水道|Sewers Residential]]\n    \t<br>\n    \t<<sewericon>>[[商业区旧下水道|Sewers Commercial]]\n    \t<br>\n    \t<<sewericon>>[[工业区旧下水道|Sewers Industrial]]\n    \t<br><br>\n    \n    \t<span class=\"gold\">海</span>\n    \t<br>\n    \t<<swimmingicon>><<link [[海 (沙滩)|Sea]]>><<set $sea = 0>><</link>><br>\n    \t<<swimmingicon>><<link [[海 (城镇)|Sea]]>><<set $sea = 20>><</link>><br>\n    \t<<swimmingicon>><<link [[外海|Sea]]>><<set $sea = 50>><</link>><br>\n    \t<<swimmingicon>><<link [[海岸|Sea]]>><<set $sea = 99>><</link>><br>\n    \t<<swimmingicon>><<link [[深海|Sea]]>><<set $sea = 100>><</link>><br>\n    \t<br>\n    \n    \t<span class=\"gold\">不安全的地点</span>\n    \t<br>\n    \t当心！传送至这些地点可能会破坏您的存档，推荐您先保存游戏进度。\n    \t<br><br>\n    \t<u>森林</u><br>\n    \t<<edenicon>><<link [[伊甸小屋|Eden Cabin]]>><</link>><br>\n    \t<<foresticon \"churchyard\">><<link [[墓地|Churchyard]]>><</link>><br>\n    \t<<wolfcaveicon>><<link [[狼穴|Wolf Cave]]>><</link>><br>\n    \t<br>\n    \t<u>其他</u><br>\n    \t<<icon \"estate.png\">><<link [[麋鹿大院|Elk Compound]]>><</link>><br>\n    \t<<icon \"asylum_door.png\">><<link [[精神病院|Asylum Cell]]>><</link>><br>\n    \t<<icon \"strip.png\">><<link [[地下妓院|Underground Cell]]>><</link>><br>\n    \t<<icon \"cow.png\">><<link [[地下农场|Livestock Cell]]>><</link>><br>\n    \t<<icon \"tentasouth.png\">><<link [[触手平原|Tentacle Plains]]>><</link>><br>\n    \t<<icon \"perch_night.png\">><<link [[夜魔巢穴|Monster Tower]]>><</link>><br>\n    \t<<mooricon \"tower\">><<link [[鹰塔|Bird Tower]]>><</link>><br>\n    \t<<icon \"prison_cell.png\">><<link [[监狱牢房|Prison Cell]]>><<prison_init>><</link>><br>\n    \t/* 北极星 */"
  },
  {
    "passage": "Cheats",
    "findString": "\t<span class=\"gold\">时间</span>\n\t<br>\n\t<<link [[推进 15 分钟|$passage]]>><<pass 15>><</link>>\n\t<br>\n\t<<link [[推进 30 分钟|$passage]]>><<pass 30>><</link>>\n\t<br>\n\t<<link [[推进 1 小时|$passage]]>><<pass 1 hour>><</link>>\n\t<br>\n\t<<link [[推进 2 小时|$passage]]>><<pass 2 hour>><</link>>\n\t<br>\n\t<<link [[推进 3 小时|$passage]]>><<pass 3 hour>><</link>>\n\t<br>\n\t<<link [[推进 6 小时|$passage]]>><<pass 6 hour>><</link>>\n\t<br>\n\t<<link [[推进 8 小时|$passage]]>><<pass 8 hour>><</link>>\n\t<br>\n\t<<link [[推进 12 小时|$passage]]>><<pass 12 hour>><</link>>\n\t<br>\n\t<<link [[推进 16 小时|$passage]]>><<pass 16 hour>><</link>>\n\t<br>\n\t<<link [[推进 24 小时|$passage]]>><<pass 24 hour>><</link>>\n\t<br><br>",
    "replace": "    /* 北极星模组 */\n\t<span class=\"gold\">时间</span>\n    <br>\n    <<link [[推进 15 分钟|$passage]]>><<pass 15>><</link>>\n    <br>\n    <<link [[推进 30 分钟|$passage]]>><<pass 30>><</link>>\n    <br>\n    <<link [[推进 1 小时|$passage]]>><<pass 1 hour>><</link>>\n    <br>\n    <<link [[推进 2 小时|$passage]]>><<pass 2 hour>><</link>>\n    <br>\n    <<link [[推进 3 小时|$passage]]>><<pass 3 hour>><</link>>\n    <br>\n    <<link [[推进 6 小时|$passage]]>><<pass 6 hour>><</link>>\n    <br>\n    <<link [[推进 8 小时|$passage]]>><<pass 8 hour>><</link>>\n    <br>\n    <<link [[推进 12 小时|$passage]]>><<pass 12 hour>><</link>>\n    <br>\n    <<link [[推进 16 小时|$passage]]>><<pass 16 hour>><</link>>\n    <br>\n    <<link [[推进 20 小时|$passage]]>><<pass 20 hour>><</link>>\n    <br>\n    <<link [[推进 24 小时|$passage]]>><<pass 24 hour>><</link>>\n    <br>\n    <<link [[推进 2 天|$passage]]>><<pass 2 days>><</link>>\n    <br>\n    <<link [[推进 4 天|$passage]]>><<pass 4 days>><</link>>\n    <br>\n    <<link [[推进 1 周|$passage]]>><<pass 7 days>><</link>>\n    <br>\n    <<link [[推进 2 周|$passage]]>><<pass 14 days>><</link>>\n    <br>\n    <<link [[推进 4 周|$passage]]>><<pass 28 days>><</link>>\n    <br><br>\n    /* 北极星 */"
  },
  {
    "passage": "Cheats",
    "findString": "\t\t<div id=\"cheatsPregnancyOptions\"><<cheatsPregnancyOptions>></div>\n\t<</if>>",
    "replace": "\t\t<div id=\"cheatsPregnancyOptions\"><<cheatsPregnancyOptions>></div>\n\t<</if>>\n\t\n\t/* 北极星模组 */\n\t<!-- 增加解锁全部植物和游泳课裸泳事件 -->\n\t<br><br>\n\t<<link \"解锁所有植物\">><<unlockplants>><</link>>\n\t<br><br>\n\t<<link \"<<<\">><<set $swimnudecounter -= 100>><<set $swimnudecounter = Math.clamp($swimnudecounter, 0, 100)>><<replace \"#statswimnudecounter\">><<print Math.trunc($swimnudecounter)>><</replace>><</link>> |\n\t<<link \"<<\">><<set $swimnudecounter -= 10>><<set $swimnudecounter = Math.clamp($swimnudecounter, 0, 100)>><<replace \"#statswimnudecounter\">><<print Math.trunc($swimnudecounter)>><</replace>><</link>> |\n\t<<link \"<\">><<set $swimnudecounter -= 1>><<set $swimnudecounter = Math.clamp($swimnudecounter, 0, 100)>><<replace \"#statswimnudecounter\">><<print Math.trunc($swimnudecounter)>><</replace>><</link>> |\n\t校泳池裸泳: <span id=\"statswimnudecounter\"><<print Math.trunc($swimnudecounter)>></span>\n\t| <<link \">\">><<set $swimnudecounter += 1>><<set $swimnudecounter = Math.clamp($swimnudecounter, 0, 100)>><<replace \"#statswimnudecounter\">><<print Math.trunc($swimnudecounter)>><</replace>><</link>>\n\t| <<link \">>\">><<set $swimnudecounter += 10>><<set $swimnudecounter = Math.clamp($swimnudecounter, 0, 100)>><<replace \"#statswimnudecounter\">><<print Math.trunc($swimnudecounter)>><</replace>><</link>>\n\t| <<link \">>>\">><<set $swimnudecounter += 100>><<set $swimnudecounter = Math.clamp($swimnudecounter, 0, 100)>><<replace \"#statswimnudecounter\">><<print Math.trunc($swimnudecounter)>><</replace>><</link>>\n\t<br><br>\n\t提醒: 超过 10 会触发礼顿裸泳惩罚事件\n\t/* 北极星 */"
  },
  {
    "passage": "Cheats",
    "findString": "\t\t\t<<link \"蛞蝓\">><<impregnateParasite \"slug\" true _args[0]>><<cheatsImpreg _args[0] true>><</link>> |",
    "replace": "\t\t\t<<link \"蛞蝓\">><<impregnateParasite \"slug\" true _args[0]>><<cheatsImpreg _args[0] true>><</link>> |\n\t\t\t/* 北极星模组 */\n\t\t\t<<link \"蚊子\">><<impregnateParasite \"mosquito\" true _args[0]>><<cheatsImpreg _args[0]>><</link>> |\n\t\t\t/* 北极星 */"
  },
  {
    "passage": "Cheats",
    "findString": "\t\t\t\t<<link \"植物\">><<impregnateParasite \"vine\" true _args[0]>><<cheatsImpreg _args[0] true>><</link>> |",
    "replace": "\t\t\t\t<<link \"植物\">><<impregnateParasite \"vine\" true _args[0]>><<cheatsImpreg _args[0] true>><</link>> |\n\t\t\t\t/* 北极星模组 */\n\t\t\t\t<<link \"蚊子\">><<impregnateParasite \"mosquito\" true _args[0]>><<cheatsImpreg _args[0] true>><</link>> |\n\t\t\t    /* 北极星 */"
  },
  {
    "passage": "Cheats",
    "findString": "\t\t<<link [[清除怀孕|$passage]]>>\n\t\t\t<<set _pregnancyNPC.type to null>>\n\t\t\t<<set _pregnancyNPC.fetus to []>>\n\t\t\t<<set _pregnancyNPC.waterBreaking to false>>\n\t\t\t<<set _pregnancyNPC.timer to null>>\n\t\t\t<<set _pregnancyNPC.timerEnd to null>>\n\t\t\t<<set _pregnancyNPC.npcAwareOf to null>>\n\t\t\t<<set _pregnancyNPC.pcAwareOf to null>>\n\t\t\t<<set _pregnancyNPC.potentialFathers to []>>\n\t\t\t<<set _pregnancyNPC.sperm to []>>\n\t\t\t<<set _pregnancyNPC.cicleDay to 1>>\n\t\t<</link>>\n\n\t<</if>>\n\n<</widget>>",
    "replace": "\t\t<<link [[清除怀孕|$passage]]>>\n\t\t\t<<set _pregnancyNPC.type to null>>\n\t\t\t<<set _pregnancyNPC.fetus to []>>\n\t\t\t<<set _pregnancyNPC.waterBreaking to false>>\n\t\t\t<<set _pregnancyNPC.timer to null>>\n\t\t\t<<set _pregnancyNPC.timerEnd to null>>\n\t\t\t<<set _pregnancyNPC.npcAwareOf to null>>\n\t\t\t<<set _pregnancyNPC.pcAwareOf to null>>\n\t\t\t<<set _pregnancyNPC.potentialFathers to []>>\n\t\t\t<<set _pregnancyNPC.sperm to []>>\n\t\t\t<<set _pregnancyNPC.cicleDay to 1>>\n\t\t<</link>>\n\n\t<</if>>\n\n<</widget>>\n\n/* 北极星模组 */\n<<widget \"cheats-alex\">>\n\t<u>动物声望</u>\n\t<br>\n\n\t<<link \"<<<\">><<set $farm.beasts.horses -= 20>><<set $farm.beasts.horses = Math.clamp($farm.beasts.horses, -30, 30)>><<replace \"#horse_respect\">><<print Math.trunc($farm.beasts.horses)>><</replace>><</link>> |\n\t<<link \"<<\">><<set $farm.beasts.horses -= 5>><<set $farm.beasts.horses = Math.clamp($farm.beasts.horses, -30, 30)>><<replace \"#horse_respect\">><<print Math.trunc($farm.beasts.horses)>><</replace>><</link>> |\n\t<<link \"<\">><<set $farm.beasts.horses -= 1>><<set $farm.beasts.horses = Math.clamp($farm.beasts.horses, -30, 30)>><<replace \"#horse_respect\">><<print Math.trunc($farm.beasts.horses)>><</replace>><</link>> |\n\t马群的尊敬: <span id=\"horse_respect\"><<print Math.trunc($farm.beasts.horses)>></span>\n\t| <<link \">\">><<set $farm.beasts.horses += 1>><<set $farm.beasts.horses = Math.clamp($farm.beasts.horses, -30, 30)>><<replace \"#horse_respect\">><<print Math.trunc($farm.beasts.horses)>><</replace>><</link>>\n\t| <<link \">>\">><<set $farm.beasts.horses += 5>><<set $farm.beasts.horses = Math.clamp($farm.beasts.horses, -30, 30)>><<replace \"#horse_respect\">><<print Math.trunc($farm.beasts.horses)>><</replace>><</link>>\n\t| <<link \">>>\">><<set $farm.beasts.horses += 20>><<set $farm.beasts.horses = Math.clamp($farm.beasts.horses, -30, 30)>><<replace \"#horse_respect\">><<print Math.trunc($farm.beasts.horses)>><</replace>><</link>>\n\t<br>\n\t<<link \"<<<\">><<set $farm.beasts.pigs -= 20>><<set $farm.beasts.pigs = Math.clamp($farm.beasts.pigs, -30, 30)>><<replace \"#pig_respect\">><<print Math.trunc($farm.beasts.pigs)>><</replace>><</link>> |\n\t<<link \"<<\">><<set $farm.beasts.pigs -= 5>><<set $farm.beasts.pigs = Math.clamp($farm.beasts.pigs, -30, 30)>><<replace \"#pig_respect\">><<print Math.trunc($farm.beasts.pigs)>><</replace>><</link>> |\n\t<<link \"<\">><<set $farm.beasts.pigs -= 1>><<set $farm.beasts.pigs = Math.clamp($farm.beasts.pigs, -30, 30)>><<replace \"#pig_respect\">><<print Math.trunc($farm.beasts.pigs)>><</replace>><</link>> |\n\t猪群的尊敬: <span id=\"pig_respect\"><<print Math.trunc($farm.beasts.pigs)>></span>\n\t| <<link \">\">><<set $farm.beasts.pigs += 1>><<set $farm.beasts.pigs = Math.clamp($farm.beasts.pigs, -30, 30)>><<replace \"#pig_respect\">><<print Math.trunc($farm.beasts.pigs)>><</replace>><</link>>\n\t| <<link \">>\">><<set $farm.beasts.pigs += 5>><<set $farm.beasts.pigs = Math.clamp($farm.beasts.pigs, -30, 30)>><<replace \"#pig_respect\">><<print Math.trunc($farm.beasts.pigs)>><</replace>><</link>>\n\t| <<link \">>>\">><<set $farm.beasts.pigs += 20>><<set $farm.beasts.pigs = Math.clamp($farm.beasts.pigs, -30, 30)>><<replace \"#pig_respect\">><<print Math.trunc($farm.beasts.pigs)>><</replace>><</link>>\n\t<br>\n\t<<link \"<<<\">><<set $farm.beasts.cattle -= 20>><<set $farm.beasts.cattle = Math.clamp($farm.beasts.cattle, -30, 30)>><<replace \"#cattle_respect\">><<print Math.trunc($farm.beasts.cattle)>><</replace>><</link>> |\n\t<<link \"<<\">><<set $farm.beasts.cattle -= 5>><<set $farm.beasts.cattle = Math.clamp($farm.beasts.cattle, -30, 30)>><<replace \"#cattle_respect\">><<print Math.trunc($farm.beasts.cattle)>><</replace>><</link>> |\n\t<<link \"<\">><<set $farm.beasts.cattle -= 1>><<set $farm.beasts.cattle = Math.clamp($farm.beasts.cattle, -30, 30)>><<replace \"#cattle_respect\">><<print Math.trunc($farm.beasts.cattle)>><</replace>><</link>> |\n\t牛群的尊敬: <span id=\"cattle_respect\"><<print Math.trunc($farm.beasts.cattle)>></span>\n\t| <<link \">\">><<set $farm.beasts.cattle += 1>><<set $farm.beasts.cattle = Math.clamp($farm.beasts.cattle, -30, 30)>><<replace \"#cattle_respect\">><<print Math.trunc($farm.beasts.cattle)>><</replace>><</link>>\n\t| <<link \">>\">><<set $farm.beasts.cattle += 5>><<set $farm.beasts.cattle = Math.clamp($farm.beasts.cattle, -30, 30)>><<replace \"#cattle_respect\">><<print Math.trunc($farm.beasts.cattle)>><</replace>><</link>>\n\t| <<link \">>>\">><<set $farm.beasts.cattle += 20>><<set $farm.beasts.cattle = Math.clamp($farm.beasts.cattle, -30, 30)>><<replace \"#cattle_respect\">><<print Math.trunc($farm.beasts.cattle)>><</replace>><</link>>\n\t<br>\n\t<<link \"<<<\">><<set $farm.beasts.dogs -= 20>><<set $farm.beasts.dogs = Math.clamp($farm.beasts.dogs, -30, 30)>><<replace \"#dog_respect\">><<print Math.trunc($farm.beasts.dogs)>><</replace>><</link>> |\n\t<<link \"<<\">><<set $farm.beasts.dogs -= 5>><<set $farm.beasts.dogs = Math.clamp($farm.beasts.dogs, -30, 30)>><<replace \"#dog_respect\">><<print Math.trunc($farm.beasts.dogs)>><</replace>><</link>> |\n\t<<link \"<\">><<set $farm.beasts.dogs -= 1>><<set $farm.beasts.dogs = Math.clamp($farm.beasts.dogs, -30, 30)>><<replace \"#dog_respect\">><<print Math.trunc($farm.beasts.dogs)>><</replace>><</link>> |\n\t狗群的尊敬: <span id=\"dog_respect\"><<print Math.trunc($farm.beasts.dogs)>></span>\n\t| <<link \">\">><<set $farm.beasts.dogs += 1>><<set $farm.beasts.dogs = Math.clamp($farm.beasts.dogs, -30, 30)>><<replace \"#dog_respect\">><<print Math.trunc($farm.beasts.dogs)>><</replace>><</link>>\n\t| <<link \">>\">><<set $farm.beasts.dogs += 5>><<set $farm.beasts.dogs = Math.clamp($farm.beasts.dogs, -30, 30)>><<replace \"#dog_respect\">><<print Math.trunc($farm.beasts.dogs)>><</replace>><</link>>\n\t| <<link \">>>\">><<set $farm.beasts.dogs += 20>><<set $farm.beasts.dogs = Math.clamp($farm.beasts.dogs, -30, 30)>><<replace \"#dog_respect\">><<print Math.trunc($farm.beasts.dogs)>><</replace>><</link>>\n\t<br><br>\n\n\t<u>农场</u>\n\n\t<br>\n\t<<if $farm_stage gte 6 and $farm_countdown is undefined>>\n\t\t<<set $farm_countdown to 7>>\n\t\t<<set $alex_countdown to 3>>\n\t\t<<set $wardrobes.alexFarm.unlocked to true>>\n\t<</if>>\n\n\t<<farmcheatsync>>\n\t农田: <span id=\"farm_stage_cheat\"><<print Math.trunc($farm_stage_cheat)>></span>\n\t<<link \">\">><<farmincrcheat>><<set $farm_stage_cheat = Math.clamp($farm_stage_cheat, 1, 9)>><<replace \"#farm_stage_cheat\">><<print Math.trunc($farm_stage_cheat)>><</replace>><</link>>\n\t<br>\n\t注意; 上述操作可能会破坏农田。\n\t<br><br>\n\t<<if $farm_stage gte 7>>\n\t\t<<if $farm.wall is undefined>>\n\t\t\t<<set $farm.wall to 0>>\n\t\t<</if>>\n\t\t<<link \"<<<\">><<set $farm.wall -= 4>><<set $farm.wall = Math.clamp($farm.wall, 0, 4)>><<replace \"#farm_wall\">><<print Math.trunc($farm.wall)>><</replace>><</link>> |\n\t\t<<link \"<<\">><<set $farm.wall -= 2>><<set $farm.wall = Math.clamp($farm.wall, 0, 4)>><<replace \"#farm_wall\">><<print Math.trunc($farm.wall)>><</replace>><</link>> |\n\t\t<<link \"<\">><<set $farm.wall -= 1>><<set $farm.wall = Math.clamp($farm.wall, 0, 4)>><<replace \"#farm_wall\">><<print Math.trunc($farm.wall)>><</replace>><</link>> |\n\t\t农场围墙: <span id=\"farm_wall\"><<print Math.trunc($farm.wall)>></span>\n\t\t| <<link \">\">><<set $farm.wall += 1>><<set $farm.wall = Math.clamp($farm.wall, 0, 4)>><<replace \"#farm_wall\">><<print Math.trunc($farm.wall)>><</replace>><</link>>\n\t\t| <<link \">>\">><<set $farm.wall += 2>><<set $farm.wall = Math.clamp($farm.wall, 0, 4)>><<replace \"#farm_wall\">><<print Math.trunc($farm.wall)>><</replace>><</link>>\n\t\t| <<link \">>>\">><<set $farm.wall += 4>><<set $farm.wall = Math.clamp($farm.wall, 0, 4)>><<replace \"#farm_wall\">><<print Math.trunc($farm.wall)>><</replace>><</link>>\n\t\t<br>\n\t<</if>>\n\t<<if $farm_stage gte 8>>\n\t\t<<if $farm.tower is undefined>>\n\t\t\t<<set $farm.tower to 0>>\n\t\t<</if>>\n\t\t<<link \"<<\">><<set $farm.tower -= 2>><<set $farm.tower = Math.clamp($farm.tower, 0, 2)>><<replace \"#farm_tower\">><<print Math.trunc($farm.tower)>><</replace>><</link>> |\n\t\t<<link \"<\">><<set $farm.tower -= 1>><<set $farm.tower = Math.clamp($farm.tower, 0, 2)>><<replace \"#farm_tower\">><<print Math.trunc($farm.tower)>><</replace>><</link>> |\n\t\t农场瞭望塔: <span id=\"farm_tower\"><<print Math.trunc($farm.tower)>></span>\n\t\t| <<link \">\">><<set $farm.tower += 1>><<set $farm.tower = Math.clamp($farm.tower, 0, 2)>><<replace \"#farm_tower\">><<print Math.trunc($farm.tower)>><</replace>><</link>>\n\t\t| <<link \">>\">><<set $farm.tower += 2>><<set $farm.tower = Math.clamp($farm.tower, 0, 2)>><<replace \"#farm_tower\">><<print Math.trunc($farm.tower)>><</replace>><</link>>\n\t\t<br>\n\t\t<<if $farm.woodland is undefined>>\n\t\t\t<<set $farm.woodland to 0>>\n\t\t<</if>>\n\t\t<<link \"<<<\">><<set $farm.woodland -= 3>><<set $farm.woodland = Math.clamp($farm.woodland, 0, 3)>><<replace \"#farm_woodland\">><<print Math.trunc($farm.woodland)>><</replace>><</link>> |\n\t\t<<link \"<<\">><<set $farm.woodland -= 2>><<set $farm.woodland = Math.clamp($farm.woodland, 0, 3)>><<replace \"#farm_woodland\">><<print Math.trunc($farm.woodland)>><</replace>><</link>> |\n\t\t<<link \"<\">><<set $farm.woodland -= 1>><<set $farm.woodland = Math.clamp($farm.woodland, 0, 3)>><<replace \"#farm_woodland\">><<print Math.trunc($farm.woodland)>><</replace>><</link>> |\n\t\t农场林场: <span id=\"farm_woodland\"><<print Math.trunc($farm.woodland)>></span>\n\t\t| <<link \">\">><<set $farm.woodland += 1>><<set $farm.woodland = Math.clamp($farm.woodland, 0, 3)>><<replace \"#farm_woodland\">><<print Math.trunc($farm.woodland)>><</replace>><</link>>\n\t\t| <<link \">>\">><<set $farm.woodland += 2>><<set $farm.woodland = Math.clamp($farm.woodland, 0, 3)>><<replace \"#farm_woodland\">><<print Math.trunc($farm.woodland)>><</replace>><</link>>\n\t\t| <<link \">>>\">><<set $farm.woodland += 3>><<set $farm.woodland = Math.clamp($farm.woodland, 0, 3)>><<replace \"#farm_woodland\">><<print Math.trunc($farm.woodland)>><</replace>><</link>>\n\t\t<br>\n\t\t<<if $farm.kennel is undefined>>\n\t\t\t<<set $farm.kennel to 0>>\n\t\t<</if>>\n\t\t<<link \"<\">><<set $farm.kennel -= 1>><<set $farm.kennel = Math.clamp($farm.kennel, 0, 1)>><<replace \"#farm_kennel\">><<print Math.trunc($farm.kennel)>><</replace>><</link>> |\n\t\t农场犬舍: <span id=\"farm_kennel\"><<print Math.trunc($farm.kennel)>></span>\n\t\t| <<link \">\">><<set $farm.kennel += 1>><<set $farm.kennel = Math.clamp($farm.kennel, 0, 1)>><<replace \"#farm_kennel\">><<print Math.trunc($farm.kennel)>><</replace>><</link>>\n\t\t<br>\n\t\t<<if $farm.barn is undefined>>\n\t\t\t<<set $farm.barn to 0>>\n\t\t<</if>>\n\t\t<<link \"<<\">><<set $farm.barn -= 2>><<set $farm.barn = Math.clamp($farm.barn, 0, 2)>><<replace \"#farm_barn\">><<print Math.trunc($farm.barn)>><</replace>><</link>> |\n\t\t<<link \"<\">><<set $farm.barn -= 1>><<set $farm.barn = Math.clamp($farm.barn, 0, 2)>><<replace \"#farm_barn\">><<print Math.trunc($farm.barn)>><</replace>><</link>> |\n\t\t农场牛棚: <span id=\"farm_barn\"><<print Math.trunc($farm.barn)>></span>\n\t\t| <<link \">\">><<set $farm.barn += 1>><<set $farm.barn = Math.clamp($farm.barn, 0, 2)>><<replace \"#farm_barn\">><<print Math.trunc($farm.barn)>><</replace>><</link>>\n\t\t| <<link \">>\">><<set $farm.barn += 2>><<set $farm.barn = Math.clamp($farm.barn, 0, 2)>><<replace \"#farm_barn\">><<print Math.trunc($farm.barn)>><</replace>><</link>>\n\t\t<br>\n\t\t<<if $farm.stable is undefined>>\n\t\t\t<<set $farm.stable to 0>>\n\t\t<</if>>\n\t\t<<link \"<\">><<set $farm.stable -= 1>><<set $farm.stable = Math.clamp($farm.stable, 0, 1)>><<replace \"#farm_stable\">><<print Math.trunc($farm.stable)>><</replace>><</link>> |\n\t\t农场马厩: <span id=\"farm_stable\"><<print Math.trunc($farm.stable)>></span>\n\t\t| <<link \">\">><<set $farm.stable += 1>><<set $farm.stable = Math.clamp($farm.stable, 0, 1)>><<replace \"#farm_stable\">><<print Math.trunc($farm.stable)>><</replace>><</link>>\n\t\t<br>\n\t\t<<if $farm.coop is undefined>>\n\t\t\t<<set $farm.coop to 0>>\n\t\t<</if>>\n\t\t<<link \"<<\">><<set $farm.coop -= 2>><<set $farm.coop = Math.clamp($farm.coop, 0, 2)>><<replace \"#farm_coop\">><<print Math.trunc($farm.coop)>><</replace>><</link>> |\n\t\t<<link \"<\">><<set $farm.coop -= 1>><<set $farm.coop = Math.clamp($farm.coop, 0, 2)>><<replace \"#farm_coop\">><<print Math.trunc($farm.coop)>><</replace>><</link>> |\n\t\t农场鸡笼: <span id=\"farm_coop\"><<print Math.trunc($farm.coop)>></span>\n\t\t| <<link \">\">><<set $farm.coop += 1>><<set $farm.coop = Math.clamp($farm.coop, 0, 2)>><<replace \"#farm_coop\">><<print Math.trunc($farm.coop)>><</replace>><</link>>\n\t\t| <<link \">>\">><<set $farm.coop += 2>><<set $farm.coop = Math.clamp($farm.coop, 0, 2)>><<replace \"#farm_coop\">><<print Math.trunc($farm.coop)>><</replace>><</link>>\n\t\t<br>\n\t\t<<if $farm.tractor is undefined>>\n\t\t\t<<set $farm.tractor to 0>>\n\t\t\t<<set $farm.tractorplough to false>>\n\t\t\t<<set $farm.tractorseeddrill to false>>\n\t\t\t<<set $farm.tractorharvester to false>>\n\t\t\t<<set $farm.tractorloader to false>>\n\t\t<</if>>\n\t\t<<link \"<<<\">><<set $farm.tractor -= 3>><<set $farm.tractor = Math.clamp($farm.tractor, 0, 3)>><<replace \"#farm_tractor\">><<print Math.trunc($farm.tractor)>><</replace>><</link>> |\n\t\t<<link \"<<\">><<set $farm.tractor -= 2>><<set $farm.tractor = Math.clamp($farm.tractor, 0, 3)>><<replace \"#farm_tractor\">><<print Math.trunc($farm.tractor)>><</replace>><</link>> |\n\t\t<<link \"<\">><<set $farm.tractor -= 1>><<set $farm.tractor = Math.clamp($farm.tractor, 0, 3)>><<replace \"#farm_tractor\">><<print Math.trunc($farm.tractor)>><</replace>><</link>> |\n\t\t农用拖拉机：<span id=\"farm_tractor\"><<print Math.trunc($farm.tractor)>></span>\n\t\t| <<link \">\">><<set $farm.tractor += 1>><<set $farm.tractor = Math.clamp($farm.tractor, 0, 3)>><<replace \"#farm_tractor\">><<print Math.trunc($farm.tractor)>><</replace>><</link>>\n\t\t| <<link \">>\">><<set $farm.tractor += 2>><<set $farm.tractor = Math.clamp($farm.tractor, 0, 3)>><<replace \"#farm_tractor\">><<print Math.trunc($farm.tractor)>><</replace>><</link>>\n\t\t| <<link \">>>\">><<set $farm.tractor += 3>><<set $farm.tractor = Math.clamp($farm.tractor, 0, 3)>><<replace \"#farm_tractor\">><<print Math.trunc($farm.tractor)>><</replace>><</link>>\n\t\t<br>\n\t\t农用拖拉机犁：<span id=\"farm_tractor_plough\"><<print $farm.tractorplough>></span> \n\t\t<<link \"更改\">>\n\t\t\t<<if $farm.tractorplough isnot true>>\n\t\t\t\t<<set $farm.tractorplough to true>>\n\t\t\t\t<<replace \"#farm_tractor_plough\">>\n\t\t\t\t\t<<print $farm.tractorplough>>\n\t\t\t\t<</replace>>\n\t\t\t<<else>>\n\t\t\t\t<<set $farm.tractorplough to false>>\n\t\t\t\t<<replace \"#farm_tractor_plough\">>\n\t\t\t\t\t<<print $farm.tractorplough>>\n\t\t\t\t<</replace>>\n\t\t\t<</if>>\n\t\t<</link>>\n\t\t<br>\n\t\t农用拖拉机播种机: <span id=\"farm_tractor_seeddrill\"><<print $farm.tractorseeddrill>></span> \n\t\t<<link \"更改\">>\n\t\t\t<<if $farm.tractorseeddrill isnot true>>\n\t\t\t\t<<set $farm.tractorseeddrill to true>>\n\t\t\t\t<<replace \"#farm_tractor_seeddrill\">>\n\t\t\t\t\t<<print $farm.tractorseeddrill>>\n\t\t\t\t<</replace>>\n\t\t\t<<else>>\n\t\t\t\t<<set $farm.tractorseeddrill to false>>\n\t\t\t\t<<replace \"#farm_tractor_seeddrill\">>\n\t\t\t\t\t<<print $farm.tractorseeddrill>>\n\t\t\t\t<</replace>>\n\t\t\t<</if>>\n\t\t<</link>>\n\t\t<br>\n\t\t农用拖拉机收割机: <span id=\"farm_tractor_harvester\"><<print $farm.tractorharvester>></span> \n\t\t<<link \"更改\">>\n\t\t\t<<if $farm.tractorharvester isnot true>>\n\t\t\t\t<<set $farm.tractorharvester to true>>\n\t\t\t\t<<replace \"#farm_tractor_harvester\">>\n\t\t\t\t\t<<print $farm.tractorharvester>>\n\t\t\t\t<</replace>>\n\t\t\t<<else>>\n\t\t\t\t<<set $farm.tractorharvester to false>>\n\t\t\t\t<<replace \"#farm_tractor_harvester\">>\n\t\t\t\t\t<<print $farm.tractorharvester>>\n\t\t\t\t<</replace>>\n\t\t\t<</if>>\n\t\t<</link>>\n\t\t<br>\n\t\t农用拖拉机装载机：<span id=\"farm_tractor_loader\"><<print $farm.tractorloader>></span> \n\t\t<<link \"更改\">>\n\t\t\t<<if $farm.tractorloader isnot true>>\n\t\t\t\t<<set $farm.tractorloader to true>>\n\t\t\t\t<<replace \"#farm_tractor_loader\">>\n\t\t\t\t\t<<print $farm.tractorloader>>\n\t\t\t\t<</replace>>\n\t\t\t<<else>>\n\t\t\t\t<<set $farm.tractorloader to false>>\n\t\t\t\t<<replace \"#farm_tractor_loader\">>\n\t\t\t\t\t<<print $farm.tractorloader>>\n\t\t\t\t<</replace>>\n\t\t\t<</if>>\n\t\t<</link>>\n\t\t<br>\n\t\t<<if $farm.irrigation is undefined>>\n\t\t\t<<set $farm.irrigation to 0>>\n\t\t<</if>>\n\t\t<<link \"<<<\">><<set $farm.irrigation -= 9>><<set $farm.irrigation = Math.clamp($farm.irrigation, 0, 9)>><<replace \"#farm_irrigation\">><<print Math.trunc($farm.irrigation)>><</replace>><</link>> |\n\t\t<<link \"<<\">><<set $farm.irrigation -= 3>><<set $farm.irrigation = Math.clamp($farm.irrigation, 0, 9)>><<replace \"#farm_irrigation\">><<print Math.trunc($farm.irrigation)>><</replace>><</link>> |\n\t\t<<link \"<\">><<set $farm.irrigation -= 1>><<set $farm.irrigation = Math.clamp($farm.irrigation, 0, 9)>><<replace \"#farm_irrigation\">><<print Math.trunc($farm.irrigation)>><</replace>><</link>> |\n\t\t农场灌溉: <span id=\"farm_irrigation\"><<print Math.trunc($farm.irrigation)>></span>\n\t\t| <<link \">\">><<set $farm.irrigation += 1>><<set $farm.irrigation = Math.clamp($farm.irrigation, 0, 9)>><<replace \"#farm_irrigation\">><<print Math.trunc($farm.irrigation)>><</replace>><</link>>\n\t\t| <<link \">>\">><<set $farm.irrigation += 3>><<set $farm.irrigation = Math.clamp($farm.irrigation, 0, 9)>><<replace \"#farm_irrigation\">><<print Math.trunc($farm.irrigation)>><</replace>><</link>>\n\t\t| <<link \">>>\">><<set $farm.irrigation += 9>><<set $farm.irrigation = Math.clamp($farm.irrigation, 0, 9)>><<replace \"#farm_irrigation\">><<print Math.trunc($farm.irrigation)>><</replace>><</link>>\n\t\t<br>\n\t\t<<if $farm.parasitebarn is undefined>>\n\t\t\t<<set $farm.parasitebarn to 0>>\n\t\t<</if>>\n\t\t<<link \"<<\">><<set $farm.parasitebarn -= 2>><<set $farm.parasitebarn = Math.clamp($farm.parasitebarn, 0, 2)>><<replace \"#farm_parasitebarn\">><<print Math.trunc($farm.parasitebarn)>><</replace>><</link>> |\n\t\t<<link \"<\">><<set $farm.parasitebarn -= 1>><<set $farm.parasitebarn = Math.clamp($farm.parasitebarn, 0, 2)>><<replace \"#farm_parasitebarn\">><<print Math.trunc($farm.parasitebarn)>><</replace>><</link>> |\n\t\t寄生虫谷仓: <span id=\"farm_parasitebarn\"><<print Math.trunc($farm.parasitebarn)>></span>\n\t\t| <<link \">\">><<set $farm.parasitebarn += 1>><<set $farm.parasitebarn = Math.clamp($farm.parasitebarn, 0, 2)>><<replace \"#farm_parasitebarn\">><<print Math.trunc($farm.parasitebarn)>><</replace>><</link>>\n\t\t| <<link \">>\">><<set $farm.parasitebarn += 2>><<set $farm.parasitebarn = Math.clamp($farm.parasitebarn, 0, 2)>><<replace \"#farm_parasitebarn\">><<print Math.trunc($farm.parasitebarn)>><</replace>><</link>>\n\t\t<br>\n\t\t<<if $alex_greenhouse is undefined>>\n\t\t\t<<set $alex_greenhouse to 0>>\n\t\t<</if>>\n\t\t<<link \"<<<\">><<set $alex_greenhouse -= 3>><<set $alex_greenhouse = Math.clamp($alex_greenhouse, 0, 3)>><<replace \"#alex_greenhouse\">><<print Math.trunc($alex_greenhouse)>><</replace>><</link>> |\n\t\t<<link \"<<\">><<set $alex_greenhouse -= 2>><<set $alex_greenhouse = Math.clamp($alex_greenhouse, 0, 3)>><<replace \"#alex_greenhouse\">><<print Math.trunc($alex_greenhouse)>><</replace>><</link>> |\n\t\t<<link \"<\">><<set $alex_greenhouse -= 1>><<set $alex_greenhouse = Math.clamp($alex_greenhouse, 0, 3)>><<replace \"#alex_greenhouse\">><<print Math.trunc($alex_greenhouse)>><</replace>><</link>> |\n\t\t温室: <span id=\"alex_greenhouse\"><<print Math.trunc($alex_greenhouse)>></span>\n\t\t| <<link \">\">><<set $alex_greenhouse += 1>><<set $alex_greenhouse = Math.clamp($alex_greenhouse, 0, 3)>><<replace \"#alex_greenhouse\">><<print Math.trunc($alex_greenhouse)>><</replace>><</link>>\n\t\t| <<link \">>\">><<set $alex_greenhouse += 2>><<set $alex_greenhouse = Math.clamp($alex_greenhouse, 0, 3)>><<replace \"#alex_greenhouse\">><<print Math.trunc($alex_greenhouse)>><</replace>><</link>>\n\t\t| <<link \">>>\">><<set $alex_greenhouse += 3>><<set $alex_greenhouse = Math.clamp($alex_greenhouse, 0, 3)>><<replace \"#alex_greenhouse\">><<print Math.trunc($alex_greenhouse)>><</replace>><</link>>\n\t\t<br><br>\n\t<</if>>\n\t<<if $farm_stage gte 7>>\n\t\t<u>雷米</u>\n\n\t\t<br>\n\t\t<<if $farm.aggro is undefined>>\n\t\t\t<<set $farm.aggro to 0>>\n\t\t<</if>>\n\t\t<<link \"<<<\">><<set $farm.aggro -= 100>><<set $farm.aggro = Math.clamp($farm.aggro, 0, 100)>><<replace \"#farm_aggro\">><<print Math.trunc($farm.aggro)>><</replace>><</link>> |\n\t\t<<link \"<<\">><<set $farm.aggro -= 10>><<set $farm.aggro = Math.clamp($farm.aggro, 0, 100)>><<replace \"#farm_aggro\">><<print Math.trunc($farm.aggro)>><</replace>><</link>> |\n\t\t<<link \"<\">><<set $farm.aggro -= 1>><<set $farm.aggro = Math.clamp($farm.aggro, 0, 100)>><<replace \"#farm_aggro\">><<print Math.trunc($farm.aggro)>><</replace>><</link>> |\n\t\t雷米侵占度：<span id=\"farm_aggro\"><<print Math.trunc($farm.aggro)>></span>\n\t\t| <<link \">\">><<set $farm.aggro += 1>><<set $farm.aggro = Math.clamp($farm.aggro, 0, 100)>><<replace \"#farm_aggro\">><<print Math.trunc($farm.aggro)>><</replace>><</link>>\n\t\t| <<link \">>\">><<set $farm.aggro += 10>><<set $farm.aggro = Math.clamp($farm.aggro, 0, 100)>><<replace \"#farm_aggro\">><<print Math.trunc($farm.aggro)>><</replace>><</link>>\n\t\t| <<link \">>>\">><<set $farm.aggro += 100>><<set $farm.aggro = Math.clamp($farm.aggro, 0, 100)>><<replace \"#farm_aggro\">><<print Math.trunc($farm.aggro)>><</replace>><</link>>\n\t\t<br>\n\t\t<<if $estate != undefined>>\n\t\t\t<<if $estate.chaos is undefined>>\n\t\t\t\t<<set $estate.chaos to 0>>\n\t\t\t<</if>>\n\t\t\t<<link \"<<<\">><<set $estate.chaos -= 100>><<set $estate.chaos = Math.clamp($estate.chaos, 0, 1000)>><<replace \"#estate_chaos\">><<print Math.trunc($estate.chaos)>><</replace>><</link>> |\n\t\t\t<<link \"<<\">><<set $estate.chaos -= 10>><<set $estate.chaos = Math.clamp($estate.chaos, 0, 1000)>><<replace \"#estate_chaos\">><<print Math.trunc($estate.chaos)>><</replace>><</link>> |\n\t\t\t<<link \"<\">><<set $estate.chaos -= 1>><<set $estate.chaos = Math.clamp($estate.chaos, 0, 1000)>><<replace \"#estate_chaos\">><<print Math.trunc($estate.chaos)>><</replace>><</link>> |\n\t\t\t雷米庄园的混乱度: <span id=\"estate_chaos\"><<print Math.trunc($estate.chaos)>></span>\n\t\t\t| <<link \">\">><<set $estate.chaos += 1>><<set $estate.chaos = Math.clamp($estate.chaos, 0, 1000)>><<replace \"#estate_chaos\">><<print Math.trunc($estate.chaos)>><</replace>><</link>>\n\t\t\t| <<link \">>\">><<set $estate.chaos += 10>><<set $estate.chaos = Math.clamp($estate.chaos, 0, 1000)>><<replace \"#estate_chaos\">><<print Math.trunc($estate.chaos)>><</replace>><</link>>\n\t\t\t| <<link \">>>\">><<set $estate.chaos += 100>><<set $estate.chaos = Math.clamp($estate.chaos, 0, 1000)>><<replace \"#estate_chaos\">><<print Math.trunc($estate.chaos)>><</replace>><</link>>\n\t\t\t<br>\n\t\t<</if>>\n\t<</if>>\n<</widget>>\n/* 北极星 */"
  }
]