[
  {
    "passage": "MuseumAntiques",
    "findString": "\t\t\t\t<<case \"recovered\">><<set $museumAntiques.recoveredCount++>>\n\t\t\t<</switch>>",
    "replace": "\t\t\t\t<<case \"recovered\">><<set $museumAntiques.recoveredCount++>>\n\t\t\t<</switch>>\n\t\t/* 北极星模组 */\n\t\t<<elseif ($museumAntiques.antiques[_args[0]] is \"museum\" and _args[1] is \"take\")\n\t\tor ($museumAntiques.antiques[_args[0]] is \"take\" and _args[1] is \"museum\")>>\n\t\t    <<set $museumAntiques.antiques[_args[0]] to _args[1]>>\n\t\t\t<<switch _args[1]>>\n\t\t\t    <<case \"take\">><<set $museumAntiques.museumCount-->>\n\t\t\t\t<<case \"museum\">><<set $museumAntiques.museumCount++>>\n\t\t\t<</switch>>\n\t\t/* 北极星 */"
  },
  {
    "passage": "MuseumAntiques",
    "findString": "\"antiquebell\":{\n\t\t\t\thint:`\"这是为一个铃铛准备的，\"温特指向那个空着的基座说道，\"古老宗教的一件遗物。独一无二。他们曾经把它存放在神殿里，但还是遭了贼。\" <br><br> <<He>>转身离开了。\"从那之后就再没人见过了。我很惊讶它没有出现在其他地方的博物馆里。\"`,\n\t\t\t\tmuseum:\"一块薄布披在了铃铛的基座上，掩盖了其下的那个物件。\",\n\t\t\t\tstolen:\"铃铛的基座是空的，只留下了温特的一张纸条，为无法按期展示之类的事情道着歉。\",\n\t\t\t\trecovered:\"\",\n\t\t\t\tname:\"余音缭绕的铃铛\",\n\t\t\t\tjournal: `\"一个铃铛。古老宗教的一件遗物。独一无二。他们曾经把它存放在神殿里，但还是遭了贼。从那之后就再没人见过了。我很惊讶它没有出现在其他地方的博物馆里。\"`\n\t\t\t},",
    "replace": "\"antiquebell\":{\n\t\t\t\thint:`\"这是为一个铃铛准备的，\"温特指向那个空着的基座说道，\"古老宗教的一件遗物。独一无二。他们曾经把它存放在神殿里，但还是遭了贼。\" <br><br> <<He>>转身离开了。\"从那之后就再没人见过了。我很惊讶它没有出现在其他地方的博物馆里。\"`,\n\t\t\t\tmuseum:\"一块薄布披在了铃铛的基座上，掩盖了其下的那个物件。\",\n\t\t\t\tstolen:\"铃铛的基座是空的，只留下了温特的一张纸条，为无法按期展示之类的事情道着歉。\",\n\t\t\t\trecovered:\"\",\n\t\t\t\t/* 北极星模组 */\n\t\t\t\tname:\"恐惧铃铛\",\n\t\t\t\tjournal: `\"一个铃铛，古老宗教的一件遗物，独一无二，据说它的铃声会让人恐惧。他们曾经把它存放在神殿里，但还是遭了贼，从那之后就再没人见过了。我很惊讶它没有出现在其他地方的博物馆里。\"`\n\t\t\t\t/* 北极星 */\n\t\t\t},"
  },
  {
    "passage": "MuseumAntiques",
    "findString": "\t\t\t\tjournal: `\"一个几百年前的铜戒指。\"`\n\t\t\t}\n\t\t}>>\n\t<</if>>",
    "replace": "\t\t\t\tjournal: `\"一个几百年前的铜戒指。\"`\n\t\t\t}\n\t\t}>>\n\t<</if>>\n\t/* 北极星模组 */\n    <<set _museumAntiqueText_bjx to {\n\t\t\"antiqueliquor\":{\n\t\t\thint:`\"传说中永远也喝不完的酒瓶，据说是某位公爵的最爱，\" 温特一边说着一边指向一个空着的基座: \"不过那位公爵早已死去，居住的庄园也废弃了。\"`,\n\t\t\tmuseum:\"无尽酒瓶被放在了垫子上。\",\n\t\t\tname:\"无尽酒瓶\",\n\t\t\tjournal: `\"传说中永远也喝不完的酒瓶，可能在公爵死后遗留在庄园里的某处。\"`\n\t\t},\n\t\t\"antiquebogplate\":{\n\t\t\thint:`\"这是为一块古旧的钢板所留的,\" 温特一边说着一边指向一个空基座。 \"也许能在某地找到别人丢失的。\"`,\n\t\t\tmuseum:\"那块钢板正放在基座上。\",\n\t\t\tname:\"古旧的钢板\",\n\t\t\tjournal: `\"一块古老的钢板，可能会在沼泽中找到。\"`\n\t\t},\n\t\t\"antiquebogbone\":{\n\t\t\thint:`\"一个较为精致的老骨头，\"温特一边说着一边指了指一个空的基座。\"去城南的沼泽看看吧。\"`,\n\t\t\tmuseum:\"那块老骨头正安放在基座上。\",\n\t\t\tname:\"古骨\",\n\t\t\tjournal: `\"一根古旧的骨头，大概遗失在了沼泽之中。\"`\n\t\t},\n\t\t\"antiquebogtool\":{\n\t\t\thint:`\"一个老农具,\" 温特一边说着一边指向一个空基座。 \"过去的农民们会把一些坏掉或者太旧的丢掉，现在那里变成了沼泽。\"`,\n\t\t\tmuseum:\"老旧的农具正放在展柜里。\",\n\t\t\tname:\"老旧农具\",\n\t\t\tjournal: `\"一把古老的农具，大概丢失在了沼泽。\"`\n\t\t},\n\t\t\"antiquebunkertablet\":{\n\t\t\thint:`\"这是为一块石碑而留下的,\" 温特一边说着一边指了指一个空基座。 \"我听说过这个东西的消息。\"<br><br><<He>>转身离开。 \"听说垃圾填埋场的深处有一个地堡，有空的话可以去看看。\"`,\n\t\t\tmuseum:\"奇特的石碑被放了展柜处。\",\n\t\t\tname:\"奇特的石碑\",\n\t\t\tjournal: `\"一块古旧的石碑，也许在某个地堡里。\"`\n\t\t},\n\t\t\"antiquebunkertag\":{\n\t\t\thint:`\"一个身份的证明,\" 温特一边说着一边指向一个空基座。 \"你可能会在某个废弃建筑里找到它。\"`,\n\t\t\tmuseum:\"那块破旧的狗牌正放在基座上。\",\n\t\t\tname:\"狗牌\",\n\t\t\tjournal: `\"一种古老的身份证明，也许地堡里会有什么线索。\"`\n\t\t},\n\t\t\"antiquecannonball\":{\n\t\t\thint:`\"这是为一个古老的炮弹而留,\" 温特一边说着一边指向一个空基座。 \"试着海岸附近看看吧。\"`,\n\t\t\tmuseum:\"那枚炮弹正放在基座上。\",\n\t\t\tname:\"大炮弹\",\n\t\t\tjournal: `\"一颗旧炮弹，也许是在岸边的某个地方找到的。\"`\n\t\t},\n\t\t\"antiquearttablet\":{\n\t\t\thint:`\"为古老的石碑而留，\"温特指着一个空基座说，\"在部落时代的某个地方也许能找到一个。\"`,\n\t\t\tmuseum:\"旧艺术碑正放在一个垫子上展示。\",\n\t\t\tname:\"艺术碑\",\n\t\t\tjournal: `\"一块古老的艺术碑。也许来自古文明。\"`\n\t\t},\n\t\t\"antiqueterracottastatue\":{\n\t\t\thint:`\"为古老的陶俑而留，\"温特指着一个空基座说，\"也许能在沙漠里找到一个。\"`,\n\t\t\tmuseum:\"这座陶俑安放在陈列柜里。\",\n\t\t\tname:\"陶俑\",\n\t\t\tjournal: `\"一座古老的陶俑。也许来自远离现代文明的地方。\"`\n\t\t},\n\t\t\"antiqueredvial\":{\n\t\t\thint:`\"某种古老而又奇特的东西，\"温特沉思了一会儿，指向一个空的基座。\"在一个很遥远的地方。\"`,\n\t\t\tmuseum:\"红色小瓶就摆在那里。\",\n\t\t\tname:\"红色小瓶\",\n\t\t\tjournal: `\"一个奇怪的物体。也许来自非常遥远的地方。\"`\n\t\t},\n\t\t\"antiquetribemask\":{\n\t\t\thint:`\"某种部落面具，\"温特一边说着，一边指着一个空的基座，\"也许能在过去有部落的地方找到一个。\"`,\n\t\t\tmuseum:\"部落面具戴在一个人体模特的脸上。\",\n\t\t\tname:\"部落面具\",\n\t\t\tjournal: `\"一个古老的部落面具，也许来自一个远离现代文明的地方。\"`\n\t\t},\n\t\t\"antiqueebonystatuette\":{\n\t\t\thint:`\"一件黑檀木雕像，\"温特一边说着，一边指了指空空如也的基座，\"也许能在过去有部落的地方找到一个。\"`,\n\t\t\tmuseum:\"黑檀木雕像安放在一个底座上。\",\n\t\t\tname:\"乌木雕像\",\n\t\t\tjournal: `\"一个古老的乌木雕像，也许来自远离现代文明的地方。\"`\n\t\t},\n\t\t\"antiqueglacierplant\":{\n\t\t\thint:`\"为了一种古老的植物。\"温特指着一个空基座说，\"试着寻找一个可以保存的地方。\"`,\n\t\t\tmuseum:\"小树苗在陈列柜里休息。\",\n\t\t\tname:\"古代植物\",\n\t\t\tjournal: `\"一种古老的植物，也许来自冰河时代。\"`\n\t\t},\n\t\t\"antiquebullion\":{\n\t\t\thint:`\"为了一根金条而留，\"温特指着一个空基座说，\"试着去找一个可能藏有宝藏的地方。\"`,\n\t\t\tmuseum:\"古旧的金条放在一个陈列柜里。\",\n\t\t\tname:\"古旧金条\",\n\t\t\tjournal: `\"一跟金条，也许失落在了海上。\"`\n\t\t},\n\t\t\"antiquereal\":{\n\t\t\thint:`\"为了一枚来自远方的原始硬币，\"温特指着一个空基座说，\"试试潜水吧，很多古老的宝藏最终都会沉入海底。\"`,\n\t\t\tmuseum:\"这枚原始的硬币正在展出。\",\n\t\t\tname:\"原始硬币\",\n\t\t\tjournal: `\"一枚原始银币，也许在水下沉船里。\"`\n\t\t},\n\t\t\"antiqueindigo\":{\n\t\t\thint:`\"为了一瓶稀有染料而留，\"温特指着一个空基座说，\"对于这一点，我建议去探索一些古老的遗址。\"`,\n\t\t\tmuseum:\"那瓶靛蓝染料放在一个陈列柜里。\",\n\t\t\tname:\"靛蓝染料\",\n\t\t\tjournal: `\"一瓶染料，也许存在于某处遗址。\"`\n\t\t},\n\t\t\"antiquescroll\":{\n\t\t\thint:`\"一卷古老的卷轴。\"温特指着一个空基座说，\"传说写在上面的文字具有神奇的魔力，或许埋藏在某座废弃的地堡里。\"`,\n\t\t\tmuseum:\"言灵卷轴被工整地放在展台上。\",\n\t\t\tname:\"言灵卷轴\",\n\t\t\tjournal: `\"一卷古老的卷轴，传说写在上面的文字具有神奇的魔力。\"`\n\t\t},\n\t\t\"antiquemushroom\":{\n\t\t\thint:`\"一颗石头雕刻的蘑菇神像。\"温特指着一个空基座说，\"据说有着操纵性欲的力量，或许它会藏在沼泽里？唔，只是一种直觉。\"`,\n\t\t\tmuseum:\"蘑菇神像竖立在展台上。\",\n\t\t\tname:\"蘑菇神像\",\n\t\t\tjournal: `\"一颗石头雕刻的蘑菇神像，据说有着操纵性欲的力量。\"`\n\t\t},\n\t\t\"antiquegreed\":{\n\t\t\thint:`\"一个黄金做成的杯子。\"温特指着一个空基座说，\"据说谁拥有它就能拥有无尽的财富，据说在某个神秘的小岛深处？\"`,\n\t\t\tmuseum:\"贪婪之杯被锁在一个不透明的展柜里。\",\n\t\t\tname:\"贪婪之杯\",\n\t\t\tjournal: `\"一个黄金做成的杯子，杯子中不断往外喷吐钱币，让人有种据为己有的冲动。\"`\n\t\t},\n\t}>>\n    <<run $.extend(_museumAntiqueText, _museumAntiqueText_bjx)>>\n\t/* 北极星 */"
  },
  {
    "passage": "MuseumAntiques",
    "findString": "\t\t\tmuseumCount:0\n\t\t}>>",
    "replace": "\t\tmuseumCount:0,\n\t\tstolenCount:0,\n\t\trecoveredCount:0\n\t}>>\n\t<<if $options.bjx_antiques>>\n        <<set _bjxAntiques to {\n\t\t\t\"antiqueliquor\":\"notFound\",\n\t\t\t\"antiquebogplate\":\"notFound\",\n\t\t\t\"antiquebogbone\":\"notFound\",\n\t\t\t\"antiquebogtool\":\"notFound\",\n\t\t\t\"antiquebunkertablet\":\"notFound\",\n\t\t\t\"antiquebunkertag\":\"notFound\",\n\t\t\t\"antiquecannonball\":\"notFound\",\n\t\t\t\"antiquearttablet\":\"notFound\",\n\t\t\t\"antiqueterracottastatue\":\"notFound\",\n\t\t\t\"antiqueredvial\":\"notFound\",\n\t\t\t\"antiquetribemask\":\"notFound\",\n\t\t\t\"antiqueebonystatuette\":\"notFound\",\n\t\t\t\"antiqueglacierplant\":\"notFound\",\n\t\t\t\"antiquebullion\":\"notFound\",\n\t\t\t\"antiquereal\":\"notFound\",\n\t\t\t\"antiqueindigo\":\"notFound\",\n\t\t\t\"antiquescroll\":\"notFound\",\n\t\t\t\"antiquemushroom\":\"notFound\",\n\t\t\t\"antiquegreed\":\"notFound\"\n\t\t}>>\n\t\t<<for _labelM, _valueM range _bjxAntiques>>\n    \t    <<set $museumAntiques.antiques[_labelM] to _valueM>>\n    \t<</for>>\n\t<</if>>"
  },
  {
    "passage": "MuseumAntiques",
    "findString": "\t\t\t<<if $museumAntiques.antiques[_labelM] is \"museum\" or $museumAntiques.antiques[_labelM] is \"stolen\" or $museumAntiques.antiques[_labelM] is \"recovered\">>\n\t\t\t\t<<set $museumAntiques.museumCount++>>\n\t\t\t<</if>>",
    "replace": "\t\t<<if $museumAntiques.antiques[_labelM] is \"museum\" or $museumAntiques.antiques[_labelM] is \"stolen\" or $museumAntiques.antiques[_labelM] is \"recovered\">>\n\t\t\t<<set $museumAntiques.museumCount++>>\n\t\t<</if>>\n\t\t<<if $museumAntiques.antiques[_labelM] is \"stolen\">>\n\t\t\t<<set $museumAntiques.stolenCount++>>\n\t\t<</if>>\n\t\t<<if $museumAntiques.antiques[_labelM] is \"recovered\">>\n\t\t\t<<set $museumAntiques.recoveredCount++>>\n\t\t<</if>>"
  }
]