[
  {
    "passage": "npcNamed",
    "findString": "\t<<set _tit to [\"businessperson\", \"caretaker\", \"brothel owner\", \"dance coach\", \"club owner\",\"English teacher\",\"hunter\", \"shopkeeper\", \"doctor\", \"pious\", \"loner\", \"criminal\", \"headteacher\", \"swimming teacher\", \"sewer dweller\", \"maths teacher\", \"orphan\", \"cafe owner\", \"science teacher\", \"bully\", \"history teacher\", \"alpha\", \"photographer\", \"mayor\", \"farmer\", \"farmhand\", \"terror\", \"smuggler\", \"faithful\", \"reflection\", \"pirate\"]>>",
    "replace": "\t<<set _tit to [\"businessperson\", \"caretaker\", \"brothel owner\", \"dance coach\", \"club owner\",\"English teacher\",\"hunter\", \"shopkeeper\", \"doctor\", \"pious\", \"loner\", \"criminal\", \"headteacher\", \"swimming teacher\", \"sewer dweller\", \"maths teacher\", \"orphan\", \"cafe owner\", \"science teacher\", \"bully\", \"history teacher\", \"alpha\", \"photographer\", \"mayor\", \"farmer\", \"farmhand\", \"terror\", \"smuggler\", \"faithful\", \"reflection\", \"pirate\"]>>\n\t/* 北极星模组 */\n    <<set _tit = _tit.concat([\"探险家\", \"逃学者\", \"见习教徒\", \"巫师\"])>>\n    /* 北极星 */"
  },
  {
    "passage": "npcNamed",
    "findString": "\t<<set _ins to [\"weak\", \"weak\", \"looks\", \"ethics\", \"ethics\", \"ethics\", \"looks\", \"weak\", \"skill\", \"ethics\", \"weak\", \"skill\", \"skill\", \"ethics\", \"weak\", \"ethics\", \"ethics\", \"ethics\", \"ethics\", \"looks\", \"skill\", \"weak\", \"skill\", \"looks\", \"looks\", \"weak\", \"looks\", \"ethics\", \"skill\", \"looks\", \"skill\"]>>",
    "replace": "\t<<set _ins to [\"weak\", \"weak\", \"looks\", \"ethics\", \"ethics\", \"ethics\", \"looks\", \"weak\", \"skill\", \"ethics\", \"weak\", \"skill\", \"skill\", \"ethics\", \"weak\", \"ethics\", \"ethics\", \"ethics\", \"ethics\", \"looks\", \"skill\", \"weak\", \"skill\", \"looks\", \"looks\", \"weak\", \"looks\", \"ethics\", \"skill\", \"looks\", \"skill\"]>>\n\t/* 北极星模组 */\n    <<set _ins = _ins.concat([\"weak\", \"ethics\", \"skill\", \"skill\"])>>\n    /* 北极星 */"
  },
  {
    "passage": "npcNamed",
    "findString": "\t<<set _tpe to [\"human\", \"human\", \"human\", \"human\", \"human\", \"human\", \"human\", \"human\", \"human\", \"human\", \"human\", \"human\", \"human\", \"human\", \"human\", \"human\", \"human\", \"human\", \"human\", \"human\", \"human\", \"wolf\", \"human\", \"human\", \"human\", \"human\", \"hawk\", \"human\", \"human\", \"human\", \"human\"]>>",
    "replace": "\t<<set _tpe to [\"human\", \"human\", \"human\", \"human\", \"human\", \"human\", \"human\", \"human\", \"human\", \"human\", \"human\", \"human\", \"human\", \"human\", \"human\", \"human\", \"human\", \"human\", \"human\", \"human\", \"human\", \"wolf\", \"human\", \"human\", \"human\", \"human\", \"hawk\", \"human\", \"human\", \"human\", \"human\"]>>\n\t/* 北极星模组 */\n    <<set _tpe = _tpe.concat([\"human\", \"human\", \"human\", \"cat\"])>>\n    /* 北极星 */"
  },
  {
    "passage": "npcNamed",
    "findString": "\t<<set _swi to [\"a\",\"a\",\"a\",\"a\",\"a\",\"a\",\"a\",\"t\",\"a\",\"a\",\"t\",\"a\",\"a\",\"a\",\"a\",\"a\",\"t\",\"a\",\"a\",\"t\",\"a\",\"a\",\"a\",\"a\",\"a\",\"t\",\"a\",\"a\",\"t\",\"a\", \"a\"]>>",
    "replace": "\t<<set _swi to [\"a\",\"a\",\"a\",\"a\",\"a\",\"a\",\"a\",\"t\",\"a\",\"a\",\"t\",\"a\",\"a\",\"a\",\"a\",\"a\",\"t\",\"a\",\"a\",\"t\",\"a\",\"a\",\"a\",\"a\",\"a\",\"t\",\"a\",\"a\",\"t\",\"a\", \"a\"]>>\n\t/* 北极星模组 */\n    <<set _swi = _swi.concat([\"t\", \"t\", \"t\", \"t\"])>>\n    /* 北极星 */"
  },
  {
    "passage": "npcNamed",
    "findString": "\t\t<<elseif _tpe[_i] is \"hawk\">>\n\t\t\t<<set $NPCName[_i].claws to \"talons\">>",
    "replace": "\t\t<<elseif _tpe[_i] is \"hawk\">>\n\t\t\t<<set $NPCName[_i].claws to \"talons\">>\n\t\t/* 北极星模组 */\n\t\t<<elseif _tpe[_i] is \"cat\">>\n\t\t\t<<set $NPCName[_i].claws to \"claws\">>\n\t\t/* 北极星 */"
  },
  {
    "passage": "npcNamed",
    "findString": "\t\t<<for _npc range Object.keys(_newNNPCs)>>\n\t\t\t<<if !$NPCNameList.includes(_newNNPCs[_npc].nam)>>\n\t\t\t\t<<newNamedNpc _newNNPCs[_npc]>>\n\t\t\t\t<<set _npcsAdded to true>>\n\t\t\t<</if>>\n\t\t<</for>>",
    "replace": "\t\t/* 北极星模组 */\n\t\t<<for _key, _value range _newNNPCs>>\n\t\t\t<<set _newNNPCs[_value.nam] to clone(_value)>>\n\t\t<</for>>\n\t\t<<run $.extend(_newNNPCs, {\n\t\t    \"泰勒\": {nam : \"泰勒\", title: \"探险家\", insecurity: \"weak\", teen: 1},\n\t\t\t\"凯西\": {nam : \"凯西\", title: \"逃学者\", insecurity: \"weak\", teen: 1},\n\t\t\t\"塞伦\": {nam : \"塞伦\", title: \"见习信徒\", insecurity: \"skill\", teen: 1},\n\t\t\t\"帕鲁提\": {nam : \"帕鲁提\", title: \"巫师\", insecurity: \"skill\", teen: 1, type: \"cat\", claws: \"claws\"},\n\t\t})>>\n\t\t<<set _oldNPCs to {}>>\n\t    <<for _i to 0; _i lt $NPCName.length; _i++>>\n\t        <<set _oldNPCs[$NPCName[_i].nam] to clone($NPCName[_i])>>\n\t\t<</for>>\n\t\t<<set $NPCName = []>>\n\t\t<<set $NPCNameList = []>>\n\t\t<<set _npcsAdded to false>>\n\t\t<<for _i to 0; _i lt setup.NPCNameList.length; _i++>>\n\t\t    <<if _oldNPCs[setup.NPCNameList[_i]] isnot undefined>>\n\t\t        <<set $NPCName.push(clone(_oldNPCs[setup.NPCNameList[_i]]))>>\n\t\t        <<set $NPCNameList.push(clone(setup.NPCNameList[_i]))>>\n\t\t    <<elseif _newNNPCs[setup.NPCNameList[_i]] isnot undefined>>\n\t\t        <<newNamedNpc _newNNPCs[setup.NPCNameList[_i]]>>\n\t\t\t\t<<set _npcsAdded to true>>\n\t\t\t<<else>>\n\t\t\t    <<newNamedNpc setup.baseNNPC>>\n\t\t\t\t<<set _npcsAdded to true>>\n\t\t\t\t<<error { message: \"npc-\" + setup.NPCNameList[_i] + \"数据意外丢失\" }>>\n\t\t    <</if>>\n\t\t<</for>>\n\t\t/* 北极星 */"
  },
  {
    "passage": "npcNamed",
    "findString": "\t\t\t<<case \"Zephyr\">>\n\t\t\t\t<<if $NPCName[_i].eyeColour is 0 or $NPCName[_i].eyeColour is undefined or _args[0] is \"default\">>\n\t\t\t\t\t<<set $NPCName[_i].eyeColour to \"green\">>\n\t\t\t\t\t<<set $NPCName[_i].hairColour to \"black\">>\n\t\t\t\t<</if>>",
    "replace": "\t\t\t<<case \"Zephyr\">>\n\t\t\t\t<<if $NPCName[_i].eyeColour is 0 or $NPCName[_i].eyeColour is undefined or _args[0] is \"default\">>\n\t\t\t\t\t<<set $NPCName[_i].eyeColour to \"green\">>\n\t\t\t\t\t<<set $NPCName[_i].hairColour to \"black\">>\n\t\t\t\t<</if>>\n\t\t\t/* 北极星模组 */\n\t\t    <<case \"泰勒\">>\n\t\t\t\t<<if $NPCName[_i].eyeColour is 0 or $NPCName[_i].eyeColour is undefined>>\n\t\t\t\t\t<<set $NPCName[_i].eyeColour to [\"brown\"].pluck()>>\n\t\t\t\t<</if>>\n\t\t\t\t<<if $NPCName[_i].hairColour is 0 or $NPCName[_i].hairColour is undefined or $args[0] is \"default\">>\n\t\t\t\t\t<<set $NPCName[_i].hairColour to \"dark brown\">>\n\t\t\t\t<</if>>\n\t\t\t<<case \"凯西\">>\n\t\t\t\t<<if $NPCName[_i].eyeColour is 0 or $NPCName[_i].eyeColour is undefined>>\n\t\t\t\t\t<<set $NPCName[_i].eyeColour to [\"brown\"].pluck()>>\n\t\t\t\t<</if>>\n\t\t\t\t<<if $NPCName[_i].hairColour is 0 or $NPCName[_i].hairColour is undefined or $args[0] is \"default\">>\n\t\t\t\t\t<<set $NPCName[_i].hairColour to \"black\">>\n\t\t\t\t<</if>>\n\t\t\t<<case \"塞伦\">>\n\t\t\t\t<<if $NPCName[_i].eyeColour is 0 or $NPCName[_i].eyeColour is undefined>>\n\t\t\t\t\t<<set $NPCName[_i].eyeColour to [\"purple\"].pluck()>>\n\t\t\t\t<</if>>\n\t\t\t\t<<if $NPCName[_i].hairColour is 0 or $NPCName[_i].hairColour is undefined or $args[0] is \"default\">>\n\t\t\t\t\t<<set $NPCName[_i].hairColour to \"black\">>\n\t\t\t\t<</if>>\n\t\t\t<<case \"帕鲁提\">>\n\t\t\t\t<<if $NPCName[_i].eyeColour is 0 or $NPCName[_i].eyeColour is undefined>>\n\t\t\t\t\t<<set $NPCName[_i].eyeColour to [\"black\"].pluck()>>\n\t\t\t\t<</if>>\n\t\t\t\t<<if $NPCName[_i].hairColour is 0 or $NPCName[_i].hairColour is undefined or $args[0] is \"default\">>\n\t\t\t\t\t<<set $NPCName[_i].hairColour to \"black\">>\n\t\t\t\t<</if>>\n\t\t\t/* 北极星 */"
  },
  {
    "passage": "npcNamed",
    "findString": "\t\t<<case \"Robin\" \"Kylar\" \"Great Hawk\">>\n\t\t\t/* Has all virginities. */",
    "replace": "\t\t<<case \"Robin\" \"Kylar\" \"Great Hawk\">>\n\t\t\t/* Has all virginities. */\n\t\t/* 北极星模组 */\n\t\t<<case \"泰勒\" \"塞伦\" \"帕鲁提\">>\n\t\t\t/* Has all virginities. */\n\t\t/* 北极星 */"
  },
  {
    "passage": "npcNamed",
    "findString": "\t\t<<case \"Alex\" \"Darryl\" \"Sirris\" \"Briar\" \"Wren\" \"Ivory Wraith\">>",
    "replace": "\t\t/* 北极星模组 */\n\t\t<<case \"凯西\">>\n\t\t\t/* Has anal and oral virginity. Missing penile/vaginal, kiss, and handholding. */\n\t\t\t<<set $NPCName[_args[0]].virginity.penile to false>>\n\t\t\t<<set $NPCName[_args[0]].virginity.vaginal to false>>\n\t\t\t<<set $NPCName[_args[0]].virginity.kiss to false>>\n\t\t\t<<set $NPCName[_args[0]].virginity.handholding to false>>\n\t\t/* 北极星 */\n\t\t<<case \"Alex\" \"Darryl\" \"Sirris\" \"Briar\" \"Wren\" \"Ivory Wraith\">>"
  }
]