[
  {
    "passage": "Adult Shop Closed",
    "findString": "\t<</if>>",
    "replace": "\t<</if>>\n\n/* 北极星模组 */\n<<set $ghostIn to false>>\n<<if $options.bjx_eventTF and $ghost gte 1>>\n\t<span class ='wraith'>只要你集中精力，就能穿越这扇门。</span>\n\t<br>\n\t<<link [[穿越 (0:01)|Adult Shop]]>><<pass 1>><<set $ghostIn to true>><</link>>\n\t<br>\n<</if>>\n/* 北极星 */"
  },
  {
    "passage": "Adult Shop",
    "findString": "\t<<if $adultshopstate isnot \"closed\" or $debug is 1>>\n\t\t<br>\n\t\t<<sextoysicon \"strap-on\">><<link [[浏览性玩具 (0:01)|Adult Shop Menu]]>><<pass 1>><</link>>\n\t<</if>>",
    "replace": "\t/* 北极星模组 */\n\t<br>\n\t<<if $adultshopstate isnot \"closed\" or $debug is 1>>\n\t\t<<sextoysicon \"strap-on\">><<link [[浏览性玩具 (0:01)|Adult Shop Menu]]>><<pass 1>><</link>>\n\t\t<br>\n\t<</if>>\n\t<<if $lakehouseinit is undefined>>\n\t\t你看到一匹木马正在出售，却你没有地方放它。\n\t\t<br>\n\t<<elseif $lakehouse.woodenHorse isnot undefined>>\n\t<<elseif $money gte 50000>>\n\t\t<<link [[买一匹木马|$passage]]>><<set $money -= 50000>><<set $lakehouse.woodenHorse to 1>><</link>>\n\t\t<br>\n\t<<else>>\n\t\t你没有足够的钱购买木马。\n\t\t<br>\n\t<</if>>\n\t/* 北极星 */"
  },
  {
    "passage": "Arcade Lock",
    "findString": "<<starfishicon>><<link [[离开|Starfish Street]]>><<set $eventskip to 1>><</link>>",
    "replace": "/* 北极星模组 */\n<<set $ghostIn to false>>\n<<if $options.bjx_eventTF and $ghost gte 1>>\n\t<span class ='wraith'>只要你集中精力，就能穿越这扇门。</span>\n\t<br>\n\t<<link [[穿越 (0:01)|Arcade]]>><<pass 1>><<set $ghostIn to true>><</link>>\n\t<br>\n<</if>>\n/* 北极星 */\n<<starfishicon>><<link [[离开|Starfish Street]]>><<set $eventskip to 1>><</link>>"
  },
  {
    "passage": "Arcade Play",
    "findString": "\t\t\t\t<<set $skulduggerydifficulty to 400>>\n\t\t\t\t<<link [[盗窃|Arcade Steal]]>><<crimeUp 30 \"petty\">><</link>><<skulduggerydifficulty>><<gcrime \"petty\">>",
    "replace": "\t\t\t\t<<set $skulduggerydifficulty to 400>>\n\t\t\t\t/* 北极星模组 */\n\t\t\t\t<<link [[偷钱|Arcade Steal]]>><<crimeUp 30 \"petty\">><<set $skulduggeryhands to 1>><</link>><<skulduggerydifficulty>><<gcrime \"petty\">>\n\t\t\t\t/* 北极星 */"
  },
  {
    "passage": "Asylum Cell",
    "findString": "\t<<if $asylumstate isnot \"sleep\">>\n\t\t<<getouticon>><<link [[离开|Asylum]]>><</link>>\n\t\t<br>\n\t<</if>>",
    "replace": "\t/* 北极星模组 */\n\t<<set $ghostIn to false>>\n\t<<if $asylumstate isnot \"sleep\">>\n\t\t<<getouticon>><<link [[离开|Asylum]]>><</link>>\n\t\t<br>\n\t<<elseif $options.bjx_eventTF and $asylumstate isnot \"sleep\" and $ghost gte 1>>\n\t\t<span class ='wraith'>只要你集中精力，就能穿越这扇门。</span>\n\t\t<br>\n\t\t<<link [[穿越 (0:01)|Asylum]]>><<pass 1>><<set $ghostIn to true>><</link>>\n\t\t<br>\n\t<</if>>\n\t/* 北极星 */",
    "all": true
  },
  {
    "passage": "Asylum Shower Accept",
    "findString": "<<exhibitionism1>>",
    "replace": "/* 北极星模组 */\n<<if $options.bjx_eventTF and $slime gt 0>>\n    <br>\n    <span class='red'>你忍受着皮肤上的刺痛。</span>\n    <br>\n    <<violence 20>>\n<</if>>\n/* 北极星 */\n<<exhibitionism1>>"
  },
  {
    "passage": "Asylum Shower Wash Hair",
    "findString": "<<if $o_long_and_beautiful gte 6>>",
    "replace": "/* 北极星模组 */终于，她小声答应了你。你们一起走进了淋浴间，开始洗澡。<<if $options.bjx_eventTF and $slime gt 0>>\n    <br>\n    <span class='red'>你忍受着皮肤上的刺痛。</span>\n    <br>\n    <<violence 20>>\n<</if>>其他人早就洗完了，淋浴间里只有你们两人。长发女孩"
  },
  {
    "passage": "Asylum Shower Wash",
    "findString": "\t你脱光衣服，走进淋浴间。你站在一个大房间的中央，和其他病人一起洗澡。",
    "replace": "\t你脱光衣服，走进淋浴间。你站在一个大房间的中央，和其他病人一起洗澡。\n\t/* 北极星模组 */\n\t<<if $options.bjx_eventTF and $slime gt 0>>\n\t    <br>\n\t    <span class='red'>你忍受着皮肤上的刺痛。</span>\n\t    <br>\n\t    <<violence 20>>\n    <</if>>\n    /* 北极星 */"
  },
  {
    "passage": "Asylum Sit Lap",
    "findString": "\t\t<<link [[偷钥匙卡|Asylum Sit Steal]]>><</link>><<promiscuous2>><<skulduggerydifficulty>> <<note \"该动作在低嫌疑时会更容易\" \"italic\">>",
    "replace": "\t\t/* 北极星模组 */\n\t\t<<link [[偷走钥匙卡|Asylum Sit Steal]]>><<set $skulduggeryhands to 1>><</link>><<promiscuous2>><<skulduggerydifficulty>> <<note \"该动作在低嫌疑时会更容易\" \"italic\">>\t\t/* 北极星 */"
  },
  {
    "passage": "Avery Date 4",
    "findString": "($NPCName[$NPCNameList.indexOf(\"Avery\")].love * 10 + $endear * 10 + 10)",
    "replace": "(($NPCName[$NPCNameList.indexOf(\"Avery\")].love * 10 + $endear * 10 + 10) * ($options.bjx_averymoney ? 2 : 1))"
  },
  {
    "passage": "Avery Date 5",
    "findString": "($NPCName[$NPCNameList.indexOf(\"Avery\")].love * 10 + $endear * 10 + 10)",
    "replace": "(($NPCName[$NPCNameList.indexOf(\"Avery\")].love * 10 + $endear * 10 + 10) * ($options.bjx_averymoney ? 2 : 1))"
  },
  {
    "passage": "Avery Date Sex Finish",
    "findString": "<<ejaculation>><<set $money += (($NPCName[$NPCNameList.indexOf(\"Avery\")].love * 10 + $endear * 10 + 10) * 100)>>",
    "replace": " /* 北极星模组 */\n\t<<ejaculation>><<set $money += ((($NPCName[$NPCNameList.indexOf(\"Avery\")].love * 10 + $endear * 10 + 10) * ($options.bjx_averymoney ? 2 : 1)) * 100)>>\n    /* 北极星 */"
  },
  {
    "passage": "Avery Date Sex Finish",
    "findString": "<<ggarage>><<npcincr Avery rage 10>><<set $money += (($NPCName[$NPCNameList.indexOf(\"Avery\")].love * 10 + $endear * 10 + 10) * 100)>>",
    "replace": "/* 北极星模组 */\n\t<<ggarage>><<npcincr Avery rage 10>><<set $money += ((($NPCName[$NPCNameList.indexOf(\"Avery\")].love * 10 + $endear * 10 + 10) * ($options.bjx_averymoney ? 2 : 1)) * 100)>>\n\t/* 北极星 */"
  },
  {
    "passage": "Avery Date Strip",
    "findString": "<<set $money += (($NPCName[$NPCNameList.indexOf(\"Avery\")].love * 10 + $endear * 10 + 10) * 100)>>",
    "replace": "/* 北极星模组 */\n<<set $money += ((($NPCName[$NPCNameList.indexOf(\"Avery\")].love * 10 + $endear * 10 + 10) * ($options.bjx_averymoney ? 2 : 1)) * 100)>>\n/* 北极星 */"
  },
  {
    "passage": "Avery Hotel Early End",
    "findString": "<<set $money += (($NPCName[$NPCNameList.indexOf(\"Avery\")].love * 10 + $endear * 10 + 10) * 100)>>",
    "replace": "<<set $money += ((($NPCName[$NPCNameList.indexOf(\"Avery\")].love * 10 + $endear * 10 + 10) * ($options.bjx_averymoney ? 2 : 1)) * 100)>>",
    "all": true
  },
  {
    "passage": "Avery Hotel Early End",
    "findString": "<span class=\"gold\">£<<print ($NPCName[$NPCNameList.indexOf(\"Avery\")].love * 10 + $endear * 10 + 10)>></span>",
    "replace": "<span class=\"gold\">£<<print (($NPCName[$NPCNameList.indexOf(\"Avery\")].love * 10 + $endear * 10 + 10) * ($options.bjx_averymoney ? 2 : 1))>></span>",
    "all": true
  },
  {
    "passage": "Avery Hotel Kiss Refuse",
    "findString": "<<set $money += (($NPCName[$NPCNameList.indexOf(\"Avery\")].love * 10 + $endear * 10 + 10) * 100)>>",
    "replace": "/* 北极星模组 */\n<<set $money += ((($NPCName[$NPCNameList.indexOf(\"Avery\")].love * 10 + $endear * 10 + 10) * ($options.bjx_averymoney ? 2 : 1)) * 100)>>\n/* 北极星 */"
  },
  {
    "passage": "Avery Hotel Kiss",
    "findString": "<<set $money += (($NPCName[$NPCNameList.indexOf(\"Avery\")].love * 10 + $endear * 10 + 10) * 100)>>",
    "replace": "/* 北极星模组 */\n<<set $money += ((($NPCName[$NPCNameList.indexOf(\"Avery\")].love * 10 + $endear * 10 + 10) * ($options.bjx_averymoney ? 2 : 1)) * 100)>>\n/* 北极星 */"
  },
  {
    "passage": "Avery Hotel Morning",
    "findString": "<span class=\"gold\">£<<print ($NPCName[$NPCNameList.indexOf(\"Avery\")].love * 10 + $endear * 10 + 10)>></span>",
    "replace": "<span class=\"gold\">£<<print (($NPCName[$NPCNameList.indexOf(\"Avery\")].love * 10 + $endear * 10 + 10) * ($options.bjx_averymoney ? 2 : 1))>></span>"
  },
  {
    "passage": "Avery Hotel Trauma End",
    "findString": "<<set $money += (($NPCName[$NPCNameList.indexOf(\"Avery\")].love * 10 + $endear * 10 + 10) * 100)>>",
    "replace": "/* 北极星模组 */\n<<set $money += ((($NPCName[$NPCNameList.indexOf(\"Avery\")].love * 10 + $endear * 10 + 10) * ($options.bjx_averymoney ? 2 : 1)) * 100)>>\n/* 北极星 */"
  },
  {
    "passage": "Avery Hotel Trauma End",
    "findString": "<span class=\"gold\">£<<print ($NPCName[$NPCNameList.indexOf(\"Avery\")].love * 10 + $endear * 10 + 10)>></span>",
    "replace": "<span class=\"gold\">£<<print (($NPCName[$NPCNameList.indexOf(\"Avery\")].love * 10 + $endear * 10 + 10) * ($options.bjx_averymoney ? 2 : 1))>></span>"
  },
  {
    "passage": "Barb Exposed",
    "findString": "\t<<if $exposed lte 0>>\n\t\t<<buswait>>\n\t<</if>>",
    "replace": "\t<<if $exposed lte 0>>\n\t\t<<buswait>>\n\t<</if>>\n\t/* 北极星模组 */\n\t<<if $options.bjx_animal and ($transformationParts.bird.wings isnot \"disabled\" and $birdFly gte 1 or $transformationParts.dragon.wings isnot \"disabled\")>>\n\t\t<<flywait>>\n\t<</if>>\n\t/* 北极星 */"
  },
  {
    "passage": "Barb Street",
    "findString": "\t\t\t<<if $exposed lte 0>>\n\t\t\t\t<<buswait>>\n\t\t\t<</if>>",
    "replace": "\t\t\t<<if $exposed lte 0>>\n\t\t\t\t<<buswait>>\n\t\t\t<</if>>\n\t\t\t/* 北极星模组 */\n\t\t\t<<if $options.bjx_animal and ($transformationParts.bird.wings isnot \"disabled\" and $birdFly gte 1 or $transformationParts.dragon.wings isnot \"disabled\")>>\n\t\t\t\t<<flywait>>\n\t\t\t<</if>>\n\t\t\t/* 北极星 */"
  },
  {
    "passage": "Bath",
    "findString": "\t你洗得干干净净。<<wash>>\n\t<br><br>",
    "replace": "\t你洗得干干净净。<<wash>>\n\t<br><br>\n\t\n\t/* 北极星模组 */\n\t<<if $options.bjx_eventTF and $slime gt 0>>\n\t    <<violence 100>>\n\t    <span class='red'>你承受了巨大的痛苦。你是一只史莱姆，你干嘛这么干？</span>\n\t    <br><br>\n\t<</if>>\n\t/* 北极星 */",
    "all": true
  },
  {
    "passage": "Bath",
    "findString": "你洗得干干净净。<<wash>>\n<br><br>",
    "replace": "你洗得干干净净。<<wash>>\n<br><br>\n\n    /* 北极星模组 */\n\t<<if $options.bjx_eventTF and $slime gt 0>>\n\t    <<violence 100>>\n\t    <span class='red'>你承受了巨大的痛苦。你是一只史莱姆，你干嘛这么干？</span>\n\t    <br><br>\n\t<</if>>\n\t/* 北极星 */"
  },
  {
    "passage": "Bathroom",
    "findString": "<<pregnancyTest \"Bedroom\">>",
    "replace": "/* 北极星模组 */\n<<mushroomtfoptions>>\n/* 北极星 */\n<<pregnancyTest \"Bedroom\">>"
  },
  {
    "passage": "Beach Cave Open",
    "findString": "Beach Cave Examine]]>><</link>><<skulduggerydifficulty>>",
    "replace": "Beach Cave Examine]]>><<set $skulduggeryhands to 1>><</link>><<skulduggerydifficulty>>"
  },
  {
    "passage": "Bedroom",
    "findString": "你正待在你的卧室中。",
    "replace": "/* 北极星模组 */\n<span class=\"camouflage text\"><a onclick=\"V.codeinput = 0\">\n你正待在你的卧室中。\n</a></span><br><br>\n/* 北极星 */"
  },
  {
    "passage": "Bedroom",
    "findString": "<<tableText \"noicon\">> /* If fish tank option available, table/chair location appears here, in line with bed/wardrobe locations */",
    "replace": "<<tableText \"noicon\">> /* If fish tank option available, table/chair location appears here, in line with bed/wardrobe locations */\n/* 北极星模组 */\n<<if $options.bjx_antiques and ($museumAntiques.antiques.antiqueliquor is \"found\" or $museumAntiques.antiques.antiqueliquor is \"take\")>>\n    <<link [[喝古董酒|Forest Mansion Bottle Drink]]>><<set $lastpassage to \"Bedroom\">><</link>>\n    <br>\n<</if>>\n<<if $options.bjx_antiques and $worn.neck.name isnot \"ivory necklace\" and ($museumAntiques.antiques.antiqueivorynecklace is \"found\" or $museumAntiques.antiques.antiqueivorynecklace is \"take\")>>\n    <<link [[戴上象牙项链|Antique Ivory Neck Lace Wear]]>><<set $lastpassage to \"Bedroom\">><</link>>\n    <br>\n<</if>>\n<<if $options.bjx_antiques and ($museumAntiques.antiques.antiquescroll is \"found\" or $museumAntiques.antiques.antiquescroll is \"take\")>>\n    <<link [[展开言灵卷轴|Home Open Antiquescroll]]>><<set $lastpassage to \"Bedroom\">><</link>>\n    <br>\n<</if>>\n/* 北极星 */"
  },
  {
    "passage": "Bedroom",
    "findString": "<<attitudesControlCheck>>\n<<if $attitudesControl.showGoldLink is true>>",
    "replace": "/* 北极星模组 */\n<<if V.codeinput is 1>><<link [[输入代码|Code]]>><</link>><br><</if>>\n/* 北极星 */\n<<attitudesControlCheck>>\n<<if $attitudesControl.showGoldLink is true>>"
  },
  {
    "passage": "Bird Tower Bask",
    "findString": "\t\t<<beasttype>>稍微停下了<<bhis>>的歌曲，观察着你的翅膀。",
    "replace": "\t/* 北极星模组 */\n\t<<elseif $dragon gte 6>>\n\t\t<<beasttype>>短暂地停下了歌声，望向了你的翅膀。\n\t\t<<if $monster is 1>>\n\t\t\t<<bHis>>轻柔地触摸着你，你的身体从<<bhis>>双手抚摸你翅膀的动作中得到了快感。<<arousal 1000>><<garousal>>\n\t\t<<else>>\n\t\t\t<<bHe>>开始用自己的羽翼按摩你的翅膀，在你的身体里掀起快感的浪潮。<<arousal 1000>><<garousal>>\n\t\t<</if>>\n\t\t<<if $arousal gte $arousalmax>>\n\t\t\t<<orgasm>>\n\t\t\t<<if $monster is 1>>\n\t\t\t\t你在<<bhis>>的怀抱中弓起背，对着<<if $daystate is \"dawn\">>清晨的空气<<elseif $daystate is \"dusk\">>傍晚的空气<<else>>风<</if>>发出快乐的呼喊。<<bHe>>将你抱得更紧了。\"你的交配之歌很动听，我们很快就能互相梳洗了。\"\n\t\t\t\t你轻轻地颤抖，然后<<bhe>>开始悄悄地对你咕咕叫起来。\n\t\t\t<<else>>\n\t\t\t\t你弓起背部，<<bhim>>将<<bhis>>的翅膀包裹在你周围，以防止你摔倒。<<bHe>>悄悄地对你嘀嘀咕咕。\n\t\t\t<</if>>\n\t\t\t<<npcincr \"Great Hawk\" dom 5>><<ggdom>>\n\t\t\t<br><br>\n\t\t\t<<if $bird.activity is \"sing\" or $bird.activity is \"groom\">>\n\t\t\t\t<<link [[回报|Bird Tower Perch Sex]]>><<set $sexstart to 1>><<set $phase to 1>><<npcincr \"Great Hawk\" love 1>><</link>><<deviant1>><<glove>><br>\n\t\t\t<</if>>\n\t\t\t<<bird_perch_options>>\n\t\t<<else>>\n\t\t\t<br><br>\n\t\t\t<<link [[享受 (0:05)|Bird Tower Bask Groom Dragon]]>><<bird_pass 5>><<stress -3>><<npcincr \"Great Hawk\" love 1>><<npcincr \"Great Hawk\" dom 1>><</link>><<lstress>><<glove>><<gdom>><br>\n\t\t\t<<link [[推开|Bird Tower Bask Groom Push]]>><<npcincr \"Great Hawk\" dom -1>><</link>><<ldom>><br>\n\t\t<</if>>\n\t<<elseif $angel gte 6 or $demon gte 6 or $fallenangel gte 2 or $bee gte 6>>\n\t/* 北极星 */\n\t\t<<beasttype>>稍微停下了<<bhis>>的歌曲，观察着你的翅膀。"
  },
  {
    "passage": "Bird Tower Door",
    "findString": "<br><br>",
    "replace": "<br><br>\n\n<<if $options.bjx_eventTF and $ghost gte 1>>\n\t<span class='wraith'>你集中注意力，使自己无形化。</span>你把自己的脑袋穿过活板门，短暂的穿透刚好能让你看见你先前无法进入的楼梯。在光线如此薄弱的情况下有点难看清，但你应该能够在某一时刻直接离开这鸟地方。\n\t<br><br>\n\t<<link [[穿过活板门|Bird Tower Ghost Descend]]>><</link>>\n\t<br>\n<</if>>"
  },
  {
    "passage": "Bird Tower Look",
    "findString": "<<if $harpy gte 6>>",
    "replace": "/* 北极星模组 */\n<<if !$options.bjx_animal and $harpy gte 6 or $options.bjx_animal and ($transformationParts.bird.wings isnot \"disabled\" or $transformationParts.dragon.wings isnot \"disabled\")>>"
  },
  {
    "passage": "Bird Tower Look",
    "findString": "<<elseif $angel gte 6 or $demon gte 6 or $fallenangel gte 2>>",
    "replace": "<<elseif !$options.bjx_animal and ($angel gte 6 or $demon gte 6 or $fallenangel gte 2) or $options.bjx_animal and ($transformationParts.angel.wings isnot \"disabled\" or $transformationParts.fallenAngel.wings isnot \"disabled\" or $transformationParts.demon.wings isnot \"disabled\" or $transformationParts.bee.wings isnot \"disabled\")>>"
  },
  {
    "passage": "Briar Hack 2",
    "findString": "<<if $harpy gte 6 or $angel gte 6 or $demon gte 6 or $fallenangel gte 2>>",
    "replace": "\t\t/* 北极星模组 */\n\t\t<<if !$options.bjx_animal and ($harpy gte 6 or $angel gte 6 or $demon gte 6 or $fallenangel gte 2) or $options.bjx_animal and ($transformationParts.bird.wings isnot \"disabled\" or $transformationParts.dragon.wings isnot \"disabled\" or $transformationParts.angel.wings isnot \"disabled\" or $transformationParts.fallenAngel.wings isnot \"disabled\" or $transformationParts.demon.wings isnot \"disabled\" or $transformationParts.bee.wings isnot \"disabled\")>>\n\t\t/* 北极星 */"
  },
  {
    "passage": "Brothel Shower",
    "findString": "你洗得干干净净。<<wash>>",
    "replace": "你洗得干干净净。<<wash>>\n/* 北极星模组 */\n<<if $options.bjx_eventTF and $slime gt 0>>\n\t<span class='red'>你忍受着刺痛。\n\t<<violence 20>>\n\t</span>\n<</if>>\n/* 北极星 */"
  },
  {
    "passage": "Bully Rob Reversal 2",
    "findString": "<<link [[继续|Bully Alley Rob]]>><</link>><<skulduggerydifficulty>>\n",
    "replace": "/* 北极星模组 */\n<<link [[继续|Bully Alley Rob]]>><<set $skulduggeryhands to 1>><</link>><<skulduggerydifficulty>>\n/* 北极星 */"
  },
  {
    "passage": "Bus Station Back Door",
    "findString": "<<getouticon>><<link [[离开|Bus Station]]>><</link>>",
    "replace": "/* 北极星模组 */\n<<set $ghostIn to false>>\n<<if $options.bjx_eventTF and $ghost gte 1>>\n\t<span class ='wraith'>只要你集中精力，就能穿越这扇门。</span>\n\t<br>\n\t<<link [[穿越 (0:01)|Industrial alleyways]]>><<pass 1>><<set $ghostIn to true>><</link>>\n\t<br>\n<</if>>\n/* 北极星 */\n<<getouticon>><<link [[离开|Bus Station]]>><</link>>"
  },
  {
    "passage": "Bus Station Back Entrance",
    "findString": "<<alleyicon>><<link [[离开|Industrial alleyways]]>><</link>>",
    "replace": "/* 北极星模组 */\n<<set $ghostIn to false>>\n<<if $options.bjx_eventTF and $ghost gte 1>>\n\t<span class ='wraith'>只要你集中精力，就能穿越这扇门。</span>\n\t<br>\n\t<<link [[穿越 (0:01)|Bus Station]]>><<pass 1>><<set $ghostIn to true>><</link>>\n\t<br>\n<</if>>\n/* 北极星 */<<alleyicon>><<link [[离开|Industrial alleyways]]>><</link>>"
  },
  {
    "passage": "Bus Station Entrance",
    "findString": "<<harvest>><<link [[离开|Harvest Street]]>><</link>>",
    "replace": "/* 北极星模组 */\n<<set $ghostIn to false>>\n<<if $options.bjx_eventTF and $ghost gte 1>>\n\t<span class ='wraith'>只要你集中精力，就能穿越这扇门。</span>\n\t<br>\n\t<<link [[穿越 (0:01)|Bus Station]]>><<pass 1>><<set $ghostIn to true>><</link>>\n\t<br>\n<</if>>\n/* 北极星 */<<harvest>><<link [[离开|Harvest Street]]>><</link>>"
  },
  {
    "passage": "Bus Station Front Door",
    "findString": "<<getouticon>><<link [[离开|Bus Station]]>><</link>>",
    "replace": "/* 北极星模组 */\n<<set $ghostIn to false>>\n<<if $options.bjx_eventTF and $ghost gte 1>>\n\t<span class ='wraith'>只要你集中精力，就能穿越这扇门。</span>\n\t<br>\n\t<<link [[穿越 (0:01)|Harvest Street]]>><<pass 1>><<set $ghostIn to true>><</link>>\n\t<br>\n<</if>>\n/* 北极星 */\n<<getouticon>><<link [[离开|Bus Station]]>><</link>>"
  },
  {
    "passage": "Bus Station Livestock",
    "findString": "<<link [[继续|Street Van Journey]]>><</link>>",
    "replace": "/* 北极星模组 */\n<<if $options.bjx_eventTF and $ghost gte 1>>\n\t<span class ='wraith'>只要你集中精力，就能穿越这扇门。</span>\n\t<br>\n\t<<link [[穿越 (0:01)|Ghost Van Escape]]>><<endevent>><<pass 1>><</link>>\n\t<br>\n<</if>>\n/* 北极星 */\n\n<<link [[继续|Street Van Journey]]>><</link>>"
  },
  {
    "passage": "Castle",
    "findString": "<<if $harpy gte 6 and $syndromebird is 1 and $birdFly gte 1>>",
    "replace": "/* 北极星模组 */\n<<if !$options.bjx_animal and ($harpy gte 6 and $syndromebird is 1 and $birdFly gte 1) or $options.bjx_animal and ($transformationParts.bird.wings isnot \"disabled\" and $syndromebird is 1 and $birdFly gte 1 or $transformationParts.dragon.wings isnot \"disabled\" and $syndromebird is 1)>>\n/* 北极星 */"
  },
  {
    "passage": "Castle",
    "findString": "<<getouticon>><<link [[离开|Moor]]>><<set $moor to 100>><</link>>",
    "replace": "/* 北极星模组 */\n<<link [[奇怪的书|Castle Demon Book]]>><</link>>\n<br>\n<<if $options.bjx_eventTF and $slime gt 0 and $slime isnot 3>>\n    <<link [[隐秘水沟 (0:05)|Pure Pool]]>><<pass 5>><</link>>\n    <br>\n<</if>>\n/* 北极星 */\n<<getouticon>><<link [[离开|Moor]]>><<set $moor to 100>><</link>>"
  },
  {
    "passage": "Chalets Work End",
    "findString": "<<if Time.daystate isnot \"night\" and (Time.weekDay is 1 or Time.weekDay is 7)>>",
    "replace": "/* 北极星模组 */\n<<if Time.dayState isnot \"night\" and (Time.weekDay is 1 or Time.weekDay is 7)>>\n/* 北极星 */\n/*BUG*/"
  },
  {
    "passage": "Christmas Mirror End",
    "findString": "<<link [[继续|Bedroom]]>><<endevent>><<endWraith>><</link>>",
    "replace": "/* 北极星模组 */\n<<if $location is \"lakehouse\">>\n\t<<link [[继续|Lake House Bedroom]]>><<endevent>><<endWraith>><</link>>\n<<else>>\n\t<<link [[继续|Bedroom]]>><<endevent>><<endWraith>><</link>>\n<</if>>\n<br>\n/* 北极星 */"
  },
  {
    "passage": "Churchyard Catacombs Lock",
    "findString": "<<getouticon>><<link [[离开|Churchyard]]>><</link>>",
    "replace": "/* 北极星模组 */\n<<set $ghostIn to false>>\n<<if $options.bjx_eventTF and $ghost gte 1>>\n\t<span class ='wraith'>只要你集中精力，就能穿越这扇门。</span>\n\t<br>\n\t<<link [[穿越 (0:01)|Churchyard Catacombs Sneak]]>><<pass 1>><<set $ghostIn to true>><</link>>\n\t<br>\n<</if>>\n/* 北极星 */\n<<getouticon>><<link [[离开|Churchyard]]>><</link>>"
  },
  {
    "passage": "Churchyard",
    "findString": "<<foresticon>><<link [[进入森林|Forest]]>><<endevent>><<set $forest to 10>><</link>>",
    "replace": "/* 北极星模组 */\n<<if $demonbookread is 1 and Time.dayState is \"night\">>\n    <<link [[召唤仪式|Demon Start]]>><</link>>\n    <br>\n<</if>>\n/* 北极星 */\n<<foresticon>><<link [[进入森林|Forest]]>><<endevent>><<set $forest to 10>><</link>>"
  },
  {
    "passage": "Cliff Street Prisoner Escape Fail Run",
    "findString": "<<elseif $rng gte 60 and $harpy gte 6 and $birdFly gte 1>> /* harpies get a bit more chance */",
    "replace": "/* 北极星模组 */\n\t<<elseif $rng gte 60 and (!$options.bjx_animal and $harpy gte 6 and $birdFly gte 1 or $options.bjx_animal and ($transformationParts.bird.wings isnot \"disabled\" and $birdFly gte 1 or $transformationParts.dragon.wings isnot \"disabled\"))>> /* harpies get a bit more chance */\n\t/* 北极星 */"
  },
  {
    "passage": "Cliff Street",
    "findString": "\t\t\t<<loiter>>\n\t\t<</if>>\n\t\t<<add_link \"<br>快捷小路<br>\">><<hideDisplay>>",
    "replace": "\t\t\t/* 北极星模组 */\n\t\t\t<<if $options.bjx_animal and ($transformationParts.bird.wings isnot \"disabled\" and $birdFly gte 1 or $transformationParts.dragon.wings isnot \"disabled\")>>\n\t\t\t\t<<flywait>>\n\t\t\t<</if>>\n\t\t\t/* 北极星 */\n\t\t\t<<loiter>>\n\t\t<</if>>\n\t\t<<add_link \"<br>快捷小路<br>\">><<hideDisplay>>"
  },
  {
    "passage": "Clothing Shop Sneak",
    "findString": "<<getouticon>><<link [[离开|Shopping Centre Top]]>><</link>>",
    "replace": "\t/* 北极星模组 */\n    <<set $ghostIn to false>>\n    <<if $options.bjx_eventTF and $ghost gte 1>>\n    \t<span class ='wraith'>只要你集中精力，就能穿越这扇门。</span>\n    \t<br>\n    \t<<link [[穿越 (0:01)|Clothing Shop]]>><<set $ghostIn to true>><<pass 1>><</link>>\n    \t<br>\n    <</if>>\n    /* 北极星 */\n\n<<getouticon>><<link [[离开|Shopping Centre Top]]>><</link>>"
  },
  {
    "passage": "Club Cosplay Rape 2",
    "findString": "<<maninit>>",
    "replace": "\t/* 北极星模组 */\n\t<<person1>><<person2>><<maninit>>\n\t/* 北极星 */"
  },
  {
    "passage": "Coast Path Farmland",
    "findString": "<<if $harpy gte 6 and $birdFly gte 1>>",
    "replace": "/* 北极星模组 */\n<<if !$options.bjx_animal and ($harpy gte 6 and $birdFly gte 1) or $options.bjx_animal and ($transformationParts.bird.wings isnot \"disabled\" and $birdFly gte 1 or $transformationParts.dragon.wings isnot \"disabled\")>>\n/* 北极星 */"
  },
  {
    "passage": "Coast Path",
    "findString": "<<if $harpy gte 6 and $birdFly gte 1>>",
    "replace": "\t<</if>>\n\t/* 北极星模组 */\n\t<<if !$options.bjx_animal and $harpy gte 6 and $birdFly gte 1 or $options.bjx_animal and ($transformationParts.bird.wings isnot \"disabled\" and $birdFly gte 1 or $transformationParts.dragon.wings isnot \"disabled\")>>\n\t/* 北极星 */"
  },
  {
    "passage": "Commercial rooftops",
    "findString": "<<if $harpy gte 6 or $angel gte 6 or $demon gte 6 or $fallenangel gte 2>>",
    "replace": "\t\t/* 北极星模组 */\n\t\t<<if !$options.bjx_animal and ($harpy gte 6 or $angel gte 6 or $demon gte 6 or $fallenangel gte 2) or $options.bjx_animal and ($transformationParts.bird.wings isnot \"disabled\" or $transformationParts.dragon.wings isnot \"disabled\" or $transformationParts.angel.wings isnot \"disabled\" or $transformationParts.fallenAngel.wings isnot \"disabled\" or $transformationParts.demon.wings isnot \"disabled\" or $transformationParts.bee.wings isnot \"disabled\")>>\n\t\t/* 北极星 */",
    "all": true
  },
  {
    "passage": "Connudatus Street",
    "findString": "\t\t<<if Time.dayState isnot \"dawn\" and Time.dayState isnot \"day\">>",
    "replace": "\t\t/* 北极星模组 */\n\t\t<<if Time.dayState is \"dusk\" and $weather isnot \"rain\" and $caseyagain is 0 and $caseymet is 0>>\n\t\t\t你看到一个年轻的<<if $NPCName[$NPCNameList.indexOf(\"凯西\")].gender is \"m\">>男孩<<else>>女孩<</if>>穿着机车夹克，抽着雪茄，靠在路边，嘴里吐出一口烟雾，涂满油脂的黑发闪闪发光。\n\t\t\t<br><br>\n\t\t\t<<link [[介绍你自己 (0:05)|Casey Introduction]]>><<pass 5>><</link>>\n\t\t\t<br>\n\t\t<<elseif Time.dayState is \"dusk\" and $weather isnot \"rain\" and $caseyagain is 1 and $caseymet is 0>>\n\t\t\t你看到一个年轻的<<if $NPCName[$NPCNameList.indexOf(\"凯西\")].gender is \"m\">>男孩<<else>>女孩<</if>>穿着机车夹克，抽着雪茄，靠在路边，嘴里吐出一口烟雾，涂满油脂的黑发闪闪发光。\n\t\t\t<br><br>\n\t\t\t<<link [[再次尝试交谈 (0:05)|Casey Again]]>><<pass 5>><</link>>\n\t\t\t<br>\n\t\t<<elseif Time.dayState is \"dusk\" and $weather isnot \"rain\" and $caseymet is 1>>\n\t\t\t你看到凯西在老地方抽着雪茄。\n\t\t\t<br><br>\n\t\t\t<<link [[打招呼 (0:20)|Casey Hang Out]]>><<npcincr \"凯西\" love 2>><<pass 20>><</link>><<gglove>>\n\t\t\t<br>\n\t\t<</if>>\n\t\t/* 北极星 */\n\t\t<<if Time.dayState isnot \"dawn\" and Time.dayState isnot \"day\">>"
  },
  {
    "passage": "Connudatus Street",
    "findString": "\t\t\t<<loiter>>\n\t\t<</if>>\n\t\t<<add_link \"<br>快捷小路<br>\">><<hideDisplay>>",
    "replace": "\t\t\t/* 北极星模组 */\n\t\t\t<<if $options.bjx_animal and ($transformationParts.bird.wings isnot \"disabled\" and $birdFly gte 1 or $transformationParts.dragon.wings isnot \"disabled\")>>\n\t\t\t\t<<flywait>>\n\t\t\t<</if>>\n\t\t\t/* 北极星 */\n\t\t\t<<loiter>>\n\t\t<</if>>\n\t\t<<add_link \"<br>快捷小路<br>\">><<hideDisplay>>"
  },
  {
    "passage": "Cosmetics Lock",
    "findString": "<<getouticon>><<link [[离开|Shopping Centre Top]]>><</link>>",
    "replace": "/* 北极星模组 */\n<<set $ghostIn to false>>\n<<if $options.bjx_eventTF and $ghost gte 1>>\n\t<span class ='wraith'>只要你集中精力，就能穿越这扇门。</span>\n\t<br>\n\t<<link [[穿越 (0:01)|Cosmetics Store]]>><<set $ghostIn to true>><<pass 1>><</link>>\n\t<br>\n<</if>>\n/* 北极星 */\n<<getouticon>><<link [[离开|Shopping Centre Top]]>><</link>>"
  },
  {
    "passage": "Dance Job Party Intermission",
    "findString": "<<socialiseicon>><<link [[闲谈|Dance Job Party Schmooze]]>><</link>><<englishdifficulty 1 1000>>",
    "replace": "\t\t/* 北极星模组 */\n\t\t<<link [[偷藏一些食物带给孤儿们|Dance Job Party Food]]>><<set $skulduggeryhands to 1>><</link>><<skulduggerydifficulty>>\n\t\t/* 北极星 */\n\t\t<br>\n\t\t<<socialiseicon>><<link [[闲谈|Dance Job Party Schmooze]]>><</link>><<englishdifficulty 1 1000>>"
  },
  {
    "passage": "Dance Job Stage Explore 2",
    "findString": "<<addinlineevent \"dance_explore_jewelry\">>\n\t<<generate1>><<person1>>\n\t你进入一个长长的房间，里面摆满了陈列柜，展示着珠宝和古董。一个<<person>>靠在最边上的墙上。<<He>>似乎在打瞌睡。\n\t<br><br>\n\t这些箱子都是锁着的，可能还装了警报器。\n\t<br><br>\n\t<<set $skulduggerydifficulty to 1000>>\n\t<<link [[偷珠宝|Dance Job Stage Explore Jewelry]]>><<set $skulduggerydifficulty to 1000>><</link>><<skulduggerydifficulty>><<crime \"thievery\">>\n\t<br>\n\t<<set $skulduggerydifficulty to 600>>\n\t<<link [[偷古董|Dance Job Stage Explore Antique]]>><<set $skulduggerydifficulty to 600>><</link>><<skulduggerydifficulty>><<crime \"thievery\">>\n\t<br>\n<</addinlineevent>>",
    "replace": "<<addinlineevent \"dance_explore_jewelry\">>\n\t<<generate1>><<person1>>\n\t你进入一个长长的房间，里面摆满了陈列柜，展示着珠宝和古董。一个<<person>>靠在最边上的墙上。<<He>>似乎在打瞌睡。\n\t<br><br>\n\t这些箱子都是锁着的，可能还装了警报器。\n\t<br><br>\n\t/* 北极星模组 */\n\t<<set $skulduggerydifficulty to 1000>>\n\t<<link [[偷珠宝|Dance Job Stage Explore Jewelry]]>><<set $skulduggerydifficulty to 1000>><<set $skulduggeryhands to 1>><</link>><<skulduggerydifficulty>><<crime \"thievery\">>\n\t<br>\n\t<<set $skulduggerydifficulty to 600>>\n\t<<link [[偷古董|Dance Job Stage Explore Antique]]>><<set $skulduggerydifficulty to 600>><<set $skulduggeryhands to 1>><</link>><<skulduggerydifficulty>><<crime \"thievery\">>\n\t<br>\n\t/* 北极星 */\n<</addinlineevent>>"
  },
  {
    "passage": "Dance Job Stage Explore 2",
    "findString": "\t<<link [[打开保险箱|Dance Job Stage Explore Safe]]>><</link>><<skulduggerydifficulty>><<crime \"thievery\">>",
    "replace": "\t/* 北极星模组 */\n\t<<link [[打开保险箱|Dance Job Stage Explore Safe]]>><<set $skulduggeryhands to 1>><</link>><<skulduggerydifficulty>><<crime \"thievery\">>\n\t/* 北极星 */"
  },
  {
    "passage": "Dance Studio Lock",
    "findString": "<<getouticon>><<link [[离开|Barb Street]]>><</link>>",
    "replace": "/* 北极星模组 */\n<<set $ghostIn to false>>\n<<if $options.bjx_eventTF and $ghost gte 1>>\n\t<span class ='wraith'>只要你集中精力，就能穿越这扇门。</span>\n\t<br>\n\t<<link [[穿越 (0:01)|Dance Studio]]>><<pass 1>><<set $ghostIn to true>><</link>>\n\t<br>\n<</if>>\n/* 北极星 */\n<<getouticon>><<link [[离开|Barb Street]]>><</link>>"
  },
  {
    "passage": "Danube House Knock",
    "findString": "\t<<runeventpool>>\n\n\t<br><br>",
    "replace": "\t/* 北极星模组 */\n\t<<if $days gte 30 and $hivemember is 0>>\n        <<addinlineevent \"Danube Taylor Mom\">>\n        \t<<set $TaylorMissing to 1>>\n        \t你走到一栋很好看的房子前并敲门。一个眼睛红肿，看起来很伤心的女人开了门。\"孩子，你有什么事情吗？\"\n        \t<br><br>\n        \n        \t<<link [[询问发生了什么事|Missing Poster]]>><</link>>\n        \t<br>\n        \t<<link [[说你敲错门了，然后离开|Danube Street]]>><</link>>\n        \t<br>\n        <</addinlineevent>>\n\t<</if>>\n\t/* 北极星 */\n\n\t<<runeventpool>>\n\n\t<br><br>"
  },
  {
    "passage": "Danube House Lock",
    "findString": "<<danubeicon>><<link [[离开|Danube Street]]>><</link>>",
    "replace": "/* 北极星模组 */\n<<set $ghostIn to false>>\n<<if $options.bjx_eventTF and $ghost gte 1>>\n\t<span class ='wraith'>只要你集中精力，就能穿越这扇门。</span>\n\t<br>\n\t<<link [[穿越 (0:01)|Danube House Sneak]]>><<pass 1>><<set $ghostIn to true>><</link>>\n\t<br>\n<</if>>\n/* 北极星 */\n<<danubeicon>><<link [[离开|Danube Street]]>><</link>>"
  },
  {
    "passage": "Danube House Sneak",
    "findString": "<<set $outside to 0>><<set $location to \"town\">><<effects>><<set $bus to \"danube\">>\n你成功地撬开锁并进入住所。",
    "replace": "<<set $outside to 0>><<set $location to \"town\">><<effects>><<set $bus to \"danube\">>\n/* 北极星模组 */\n<<if $ghostIn>>\n\t你成功地穿门而入。\n<<else>>\n\t你成功地撬开锁并进入住所。\n<</if>>\n/* 北极星 */"
  },
  {
    "passage": "Danube House Sneak",
    "findString": "\t<<link [[尝试打开它|Danube House Wine Cellar]]>><</link>><<skulduggerydifficulty>>",
    "replace": "\t/* 北极星模组 */\n\t<<link [[尝试打开它|Danube House Wine Cellar]]>><<set $skulduggeryhands to 1>><</link>><<skulduggerydifficulty>>\n\t/* 北极星 */"
  },
  {
    "passage": "Danube House Sneak",
    "findString": "\t<<link [[抢劫|Danube House Rob]]>><</link>><<skulduggerydifficulty>><<crime \"thievery\">>",
    "replace": "\t/* 北极星模组 */\n\t<<link [[抢劫|Danube House Rob]]>><<set $skulduggeryhands to 1>><</link>><<skulduggerydifficulty>><<crime \"thievery\">>\n\t/* 北极星 */"
  },
  {
    "passage": "Danube Street",
    "findString": "\t\t<<if $options.mapTop is true>>\n\t\t\t<<map \"danube\">>\n\t\t\t<br>\n\t\t<</if>>",
    "replace": "\t\t<<if $options.mapTop is true>>\n\t\t\t<<map \"danube\">>\n\t\t\t<br>\n\t\t<</if>>\n\t\t/* 北极星模组 */\n\t\t<<if $TaylorFreed is 1 and $TaylorReward is undefined and Time.dayState is not \"night\">>\n\t\t\t你看到泰勒正站在一栋房子门前朝你招手。\n\t\t\t<br><br>\n\t\t\t<<link [[走向泰勒|Taylor Meeting After Freed]]>><</link>>\n\t\t\t<br>\n\t\t<</if>>\n\t\t/* 北极星 */"
  },
  {
    "passage": "Danube Street",
    "findString": "\t\t<<if Time.dayState is \"night\">>",
    "replace": "\t\t/* 北极星模组 */\n\t\t<<if $TaylorFreed gte 1 and $TaylorReward is 1 and Time.dayState isnot \"night\">>\n\t\t\t<<dooricon \"danube\">><<link [[泰勒的家 (0:02)|Taylor Meeting]]>><<pass 2>><</link>>\n\t\t\t<br>\n\t\t<</if>>\n\t\t/* 北极星 */\n\t\t<<if Time.dayState is \"night\">>"
  },
  {
    "passage": "Danube Street",
    "findString": "\t\t\t<<loiter>>\n\t\t<</if>>\n\t\t<<add_link \"<br>快捷小路<br>\">><<hideDisplay>>",
    "replace": "\t\t\t/* 北极星模组 */\n\t\t\t<<if $options.bjx_animal and ($transformationParts.bird.wings isnot \"disabled\" and $birdFly gte 1 or $transformationParts.dragon.wings isnot \"disabled\")>>\n\t\t\t\t<<flywait>>\n\t\t\t<</if>>\n\t\t\t/* 北极星 */\n\t\t\t<<loiter>>\n\t\t<</if>>\n\t\t<<add_link \"<br>快捷小路<br>\">><<hideDisplay>>"
  },
  {
    "passage": "Demon Sex Finish",
    "findString": "<<schooleffects>><<effects>>\n<<unset $o>><<unset $ostart>><<unset $oindex>>\n<<person1>>\n<<if $enemyarousal gte $enemyarousalmax>>\n\t<<ejaculation-demon>>\n\tYou wake on a grassy field, refreshed but drenched in semen and goo... the <<person>> is gone, <span class=\"blue\">leaving you with a deep sense of longing you can't shake or understand.</span>\n\t<br><br>\n\t<<set $tiredness to 1>>\n\t<<set $pain to 0>>\n\t<<drench \"semen\" \"slime\" 5>>\n\t<<clotheson>>\n\t<<endcombat>>\n\t<<link [[Next|Park]]>><</link>>\n<<else>>\n\t<<He>> recoils and vanishes. You are left with a deep sense of longing you can't shake or understand.\n\t<br><br>\n\t<<clotheson>>\n\t<<endcombat>>\n\t<<link [[Next|Hallways]]>><</link>>\n<</if>>",
    "replace": "/* 北极星模组 */\n<<schooleffects>><<effects>>\n<<unset $o>><<unset $ostart>><<unset $oindex>>\n<<person1>>\n<<if $enemyarousal gte $enemyarousalmax>>\n\t<<ejaculation-demon>>\n\t不久之后你醒了过来，浑身沾满了精液和粘液，但你感觉神清气爽，往日疲劳与创伤一扫而空...那<<person>>已经走了，<span class=\"blue\">留给你一种挥之不去的莫名思念。</span>\n\t<br><br>\n\t<<set $tiredness to 1>>\n\t<<set $pain to 0>>\n\t<<drench \"semen\" \"slime\" 5>>\n\t<<clotheson>>\n\t<<endcombat>>\n\t<<link [[继续|Churchyard]]>><</link>>\n<<else>>\n\t<<He>>向后退去，然后消失在空气中，<span class=\"blue\">留给你一种挥之不去的莫名思念。</span>\n\t<br><br>\n\t<<clotheson>>\n\t<<endcombat>>\n\t<<link [[继续|Churchyard]]>><</link>>\n<</if>>\n/* 北极星 */"
  },
  {
    "passage": "Demon Sex",
    "findString": "\t<span class=\"pink\">Prepare yourself, mortal.</span>",
    "replace": "/* 北极星模组 */\n\t<span class=\"pink\">做好准备吧，小家伙。</span>\n\t<br>\n    <<chastityBreakDemon>>\n    /* 北极星 */"
  },
  {
    "passage": "Demon Sex",
    "findString": "You have cum $o times. <span class=\"purple\">The <<person>> grows in power as <<he>> drains you.",
    "replace": "/* 北极星模组 */\n\t你已经高潮了$o次，<span class=\"purple\">那<<person>>吸取了你的意识。\n\t/* 北极星 */"
  },
  {
    "passage": "Demon Sex",
    "findString": "<<if $enemyhealth lte 0>>\n\t<span id=\"next\"><<link [[Next|Demon Sex Finish]]>><</link>></span><<nexttext>>\n<<elseif $enemyarousal gte $enemyarousalmax>>\n\t<span id=\"next\"><<link [[Next|Demon Sex Finish]]>><</link>></span><<nexttext>>\n<<else>>\n\t<span id=\"next\"><<link [[Next|Demon Sex]]>><</link>></span><<nexttext>>\n<</if>>",
    "replace": "/* 北极星模组 */\n<<if $enemyhealth lte 0>>\n\t<span id=\"next\"><<link [[继续|Demon Sex Finish]]>><</link>></span><<nexttext>>\n<<elseif $enemyarousal gte $enemyarousalmax>>\n\t<span id=\"next\"><<link [[继续|Demon Sex Finish]]>><</link>></span><<nexttext>>\n<<else>>\n\t<span id=\"next\"><<link [[继续|Demon Sex]]>><</link>></span><<nexttext>>\n<</if>>\n/* 北极星 */"
  },
  {
    "passage": "Demon Start",
    "findString": "<<set $outside to 0>><<set $location to \"school\">><<schooleffects>><<effects>>\n<!-- Generate Demon -->\n<<generateDemon 1>><<person1>>\nYou investigate the noise coming from the school's hallway.\n\nSuddenly, with a HERMMMMM-POP a portal swirls open in front out you. From the portal <span class=\"blue\">a <<person>> strides out,</span> <<his>> red eyes never leaving contact with yours.\n<br><br>\n\nThe <<person>> opens <<his>> mouth and roars hotly. <span class=\"red\">Your clothes are shredded to nothing in a blast of heat and wind as you wince from the impact,</span> your skin glowing hotly.\n<<tanned 2400>><<gggtanned>>\n<br>\n<<set $worn.lower.integrity to 0>><<set $worn.upper.integrity to 0>><<set $worn.under_lower.integrity to 0>><<set $worn.under_upper.integrity to 0>>\n<<headruined>><<legsruined>><<feetruined>>\n<<integritycheck>>\n<br>\nYou look up, feeling a combination of awe and terror. The <<persons>> $NPCList[0].breastsdesc are standing straight out in defiance of gravity, <<his>> $NPCList[0].penisdesc dangling semi-engorged over <<his>> vagina... while the <<person>> is standing in front of you, everything shifts about lazily, as if you were looking at painting being swirled.\n<br><br>\n\nThe <<person>> speaks in a commanding voice breaking your reverie, \"Serve me well mortal and you shall be rewarded.\"\n<br><br>\n\nYou consider your options...\n<br><br>\n\n<<link [[Run away screaming|Oxford Street]]>><</link>>\n<br>\n<<link [[Stay and see what happens...|Demon Sex]]>><<set $sexstart to 1>><</link>>\n<br>",
    "replace": "/* 北极星模组 */\n<<location \"cemetery\">><<set $outside to 1>><<effects>>\n<!-- Generate Demon -->\n<<generateDemon 1>><<person1>>\n就像你在城堡脚下的古书里读到的那样，你在墓地附近找了个安静的地方，用各种找到的石头和树枝摆出一个五芒星。\n<br>\n你用一种禁忌的语言，以单调的声调吟唱着几个世纪以来从来没被串在一起过的词语。\n<br>\n\"螺旋楼梯，独角仙，废弃街道，无花果塔，独角仙，德蕾莎之道，独角仙，特异点，乔托，天使，绣球花，独角仙，特异点，秘密皇帝！\"\n<br><br>\n<span class=\"red\">突然间，一道传送门从你面前如漩涡般打开。<span class=\"blue\">一个<<person>>从传送门走出</span>，<<his>>鲜红的眼睛一直盯着你。</span>\n<br><br>\n\n你抬头看去，心里泛起莫名的敬畏与恐惧。那<<persons>>$NPCList[0].breastsdesc违反地心引力般的挺翘着，<<his>>充血的$NPCList[0].penisdesc在<<his>>的小穴上面悬立着...那<<person>>站立在你面前，你眼前的一切开始缓缓地转动，就像在看一副旋转的画。\n<br><br>\n\n<<if $angel gte 6>>\n    那<<person>>语带怒意地冷笑道: \n    <br>\n    <span class=\"red\">\"一位天使？！当初困住我那么久，现在居然还敢召唤我，因为太过久远忘记了我的厉害？正好让我给你个深刻的教训...\"</span>\n    <br><br>\n<<elseif $fallenangel gte 2>>\n    那<<person>>用嘲弄的语气说道: \n    <br>\n    <span class=\"lewd\">\"看来那些困住我的天使们抛弃了你，嗯哼？别担心，我会帮你度过一段快乐时光，让你忘记烦恼。\"</span>\n    <br><br>\n<<elseif $demon gte 6>>\n    那<<person>>用淫荡的语气说道: \n    <br>\n    <span class=\"lewd\">\"啊哈，来了个小家伙，是来找前辈学习经验的吗？来吧，让我们找点乐子。\"</span>\n    <br><br>\n<<else>>\n    那<<person>>的娇媚声音传入你的脑海，让你感到有些眩晕。\n    <br>\n    <span class=\"blue\">\"好好服侍我，凡人，你会得到奖赏。\"</span>\n    <br><br>\n<</if>>\n\n<<if $demon gte 6>>\n    要和这位恶魔玩一玩吗?\n    <br><br>\n<<else>>\n    你慎重地思考着决定...\n    <br><br>\n<</if>>\n\n<<if $angel lt 6>>\n    <<link [[等待看看会发生什么|Demon Sex]]>><<set $sexstart to 1>><</link>>\n    <br>\n<</if>>\n<<if $angel gte 6>>\n    <<link [[害怕地捂住脸|Demon Rape 1]]>><<set $molestationstart to 1>><</link>>\n    <br>\n<<else>>\n    <<link [[尝试逃跑|Demon Rape 2]]>><<set $molestationstart to 1>><</link>>\n    <br>\n<</if>>\n/* 北极星 */"
  },
  {
    "passage": "Docks Sneak Start",
    "findString": "<<getouticon>><<link [[离开|Docks]]>><<endevent>><<set $bus to \"mer\">><</link>>",
    "replace": "/* 北极星模组 */\n<<set $ghostIn to false>>\n<<if $options.bjx_eventTF and $ghost gte 1>>\n\t<span class ='wraith'>只要你集中精力，就能穿越这扇门。</span>\n\t<br>\n\t<<link [[穿越 (0:01)|Docks Sneak Pick]]>><<pass 1>><<endevent>><<set $ghostIn to true>><</link>>\n\t<br>\n<</if>>\n/* 北极星 */\n<<getouticon>><<link [[离开|Docks]]>><<endevent>><<set $bus to \"mer\">><</link>>"
  },
  {
    "passage": "Docks",
    "findString": "<<if $robindebtevent gte 1 and $docksrobinintro isnot 1>>",
    "replace": "/* 北极星模组 */\n<<if $money gte 100000 and $history gte 700 and $exposed lte 0>>\n\t<<link [[找船去四季岛 (0:20)|Docks Ride]]>><<pass 20>><</link>>\n\t<br>\n<</if>>\n/* 北极星 */\n<<if $robindebtevent gte 1 and $docksrobinintro isnot 1>>"
  },
  {
    "passage": "Domus Delivery",
    "findString": "<<link [[打开|Domus Delivery2]]>><<set $phase to 2>><<crimeUp 5 \"petty\">><</link>><<skulduggerydifficulty>><<crime \"petty\">>",
    "replace": "/* 北极星模组 */\n<<link [[打开|Domus Delivery2]]>><<set $phase to 2>><<crimeUp 5 \"petty\">><<set $skulduggeryhands to 1>><</link>><<skulduggerydifficulty>><<crime \"petty\">>\n/* 北极星 */"
  },
  {
    "passage": "Domus House Lock",
    "findString": "<<domusicon>><<link [[离开|Domus Street]]>><</link>>",
    "replace": "/* 北极星模组 */\n<<set $ghostIn to false>>\n<<if $options.bjx_eventTF and $ghost gte 1>>\n\t<span class ='wraith'>只要你集中精力，就能穿越这扇门。</span>\n\t<br>\n\t<<link [[穿越 (0:01)|Domus House Sneak]]>><<pass 1>><<set $ghostIn to true>><</link>>\n\t<br>\n<</if>>\n/* 北极星 */\n<<domusicon>><<link [[离开|Domus Street]]>><</link>>"
  },
  {
    "passage": "Domus House Sneak",
    "findString": "<<set $outside to 0>><<set $location to \"town\">><<effects>><<set $bus to \"domus\">>\n你成功地撬开了锁并进到了这栋房子里。",
    "replace": "<<set $outside to 0>><<set $location to \"town\">><<effects>><<set $bus to \"domus\">>\n/* 北极星模组 */\n<<if $ghostIn>>\n\t你成功地穿门而入。\n<<else>>\n\t你成功地撬开了锁并进到了这栋房子里。\n<</if>>\n/* 北极星 */"
  },
  {
    "passage": "Domus Street",
    "findString": "\t\t\t\t<br>\n\t\t\t<</if>>\n\t\t\t<<add_link \"<br>快捷小路<br>\">><<hideDisplay>>",
    "replace": "\t\t\t\t/* 北极星模组 */\n    \t\t\t<<if $options.bjx_animal and ($transformationParts.bird.wings isnot \"disabled\" and $birdFly gte 1 or $transformationParts.dragon.wings isnot \"disabled\")>>\n    \t\t\t\t<<flywait>>\n    \t\t\t<</if>>\n    \t\t\t/* 北极星 */\n\t\t\t\t<br>\n\t\t\t<</if>>\n\t\t\t<<add_link \"<br>快捷小路<br>\">><<hideDisplay>>"
  },
  {
    "passage": "Doren Shower 1",
    "findString": "你将自己洗到干干净净为止。\n<br><br>",
    "replace": "你将自己洗到干干净净为止。\n<br><br>\n/* 北极星模组 */\n<<if $options.bjx_eventTF and $slime gt 0>>\n    <span class='red'>你忍受着剧烈的痛苦。你是一只史莱姆，请尽力避开水。</span>\n    <br><br>\n    <<violence 100>>\n<</if>>\n/* 北极星 */"
  },
  {
    "passage": "Drain Ladder",
    "findString": "<<if $historytrait gte 1>>\n\t你听说过雨水渠下面的旧下水道。它们已经有一个多世纪没有被使用过了，据说很危险。还有着关于怪物和宝藏的传言。\n<<else>>\n\t你还记得关于雨水渠下面的旧下水道的谣言。下面有宝藏和怪物。你不确定这条传言的真假，但无论如何要保持警惕。\n<</if>>",
    "replace": "/* 北极星模组 */\n<<if $historytrait gte 1>>\n\t你听说过雨水渠下面的旧下水道。它们已经有一个多世纪没有被使用过了，据说很危险。还有着关于怪物和宝藏的传言。\n\t<<if $slimedisable is \"f\">>\n    \t<span class=\"green\">\n    \t你突然想起有小道消息称，在下水道和垃圾填埋场里存在着一种奇怪的黏液生物。\n    \t</span>\n\t<</if>>\n\t你怀疑这些说法的真实性，但无论如何都要保持警惕。\n<<else>>\n\t你模糊记得关于雨水渠下面的旧下水道的传言，据说那里有着宝藏和怪物。\n\t<<if $slimedisable is \"f\">>\n    \t<span class=\"green\">\n    \t里面还有一些关于奇怪的黏液生物的传说......也可能是当地的垃圾填埋场。\n    \t</span>\n\t<</if>> \n\t你还记得关于雨水渠下面的旧下水道的谣言。下面有宝藏和怪物。你不确定这条传言的真假，但无论如何要保持警惕。\n<</if>>\n/* 北极星 */"
  },
  {
    "passage": "Drain Slime Physique 2",
    "findString": "<<link [[继续|Drain Struggle]]>><<set $phase to 1>><<set $struggle_start to 1>><</link>>",
    "replace": "\t/* 北极星模组 */\n    <<if $parasite.left_ear.name is \"slime\" and $parasite.right_ear.name is \"slime\" and $ghost is 0 and $mushroom is 0>>\n    \t大型史莱姆的行动似乎让你耳朵里的史莱姆也变得疯狂起来! 它们蠕动着，似乎产生了某种共鸣，起初共鸣频率很慢，但很快就开始剧烈加速。\n    \t<br><br>\n    \t与此同时，一股暖流从你的头顶蔓延开来，流遍全身。<span class='green'>吞噬你的史莱姆化作球状将你完全包裹起来，</span>尽管情况如此，你却感到异常平静。\n    \t<br><br>\n    \t这种感觉既陌生又熟悉，犹如在母亲的子宫中，让你感到安宁，昏昏欲睡。周围的粘液开始有节奏地抚摸着你的身体，而你渐渐沉入梦乡...\n    \t<br><br>\n    \t<<link [[顺其自然|Slime Transformation 1]]>><<pass 60>><</link>>\n        <br>\n\t<</if>>\n\t<<link [[抵抗|Drain Struggle]]>><<set $phase to 1>><<set $struggle_start to 1>><</link>>\n\t<br>\n\t/* 北极星 */"
  },
  {
    "passage": "Drain Slime Watch",
    "findString": "<<link [[继续|Drain Struggle]]>><<set $phase to 1>><<set $struggle_start to 1>><</link>>",
    "replace": "\t/* 北极星模组 */\n    <<if $parasite.left_ear.name is \"slime\" and $parasite.right_ear.name is \"slime\" and $ghost is 0 and $mushroom is 0>>\n\t    在你的反复高潮中，你耳朵里的史莱姆也变得疯狂起来! 它们蠕动着，似乎产生了某种共鸣，起初共鸣频率很慢，但很快就开始剧烈加速。\n\t    <br><br>\n    \t与此同时，一股暖流从你的头顶蔓延开来，流遍全身。<span class='green'>吞噬你的史莱姆化作球状将你完全包裹起来，</span>尽管情况如此，你却感到异常平静。\n    \t<br><br>\n    \t这种感觉既陌生又熟悉，犹如在母亲的子宫中，让你感到安宁，昏昏欲睡。周围的粘液开始有节奏地抚摸着你的身体，而你渐渐沉入梦乡...\n    \t<br><br>\n    \t<<link [[顺其自然|Slime Transformation 1]]>><<pass 60>><</link>>\n        <br>\n\t<</if>>\n\t<<link [[抵抗|Drain Struggle]]>><<set $phase to 1>><<set $struggle_start to 1>><</link>>\n\t<br>\n\t/* 北极星 */"
  },
  {
    "passage": "Drain Water Passout",
    "findString": "<<if isPlayerNonparasitePregnancyEnding()>>",
    "replace": "/* 北极星模组 */\n<<if $parasite.left_ear.name is \"slime\" and $parasite.right_ear.name is \"slime\">>\n\t你失去知觉的身体被水流带走，直到撞上下水道的河岸，昏了过去。\n\t<br><br>\n\t不知过了多久，你被耳边传来的奇怪声音惊醒，带着眩晕感勉强睁开眼睛，努力辨认着黑暗中向你接近的黑影。\n\t<br><br>\n\t一只巨大的黏液生物向你靠近，那是一只史莱姆！你想要逃跑，却被你的耳中史莱姆控制，无法移动，只能惊恐地看着它慢慢开始吞噬你的身体。\n\t<br><br>\n\t<<link [[继续|Sewers Slime]]>><</link>>\n\t<br>\n<<elseif isPlayerNonparasitePregnancyEnding()>>\n/* 北极星 */"
  },
  {
    "passage": "Eden Bath",
    "findString": "\t<<wash>>\n\t<br><br>",
    "replace": "\t/* 北极星模组 */\n\t<<if $options.bjx_eventTF and $slime gt 0>>\n        <br>\n        <span class='red'>你忍受着皮肤上的刺痛。</span>\n        <br>\n        <<violence 20>>\n    <</if>>\n    /* 北极星 */"
  },
  {
    "passage": "Eerie Mirror 5",
    "findString": "<<link [[离开|Bedroom]]>><<unset $mirrorMenu>><<unset $bodywritingSet>><<postMirror>><</link>>",
    "replace": "\t/* 北极星模组 */\n    <<if $location is \"lakehouse\">>\n    \t<<link [[离开|Lake House Bedroom]]>><<unset $mirrorMenu>><<unset $bodywritingSet>><<postMirror>><</link>>\n    <<else>>\n    \t<<link [[离开|Bedroom]]>><<unset $mirrorMenu>><<unset $bodywritingSet>><<postMirror>><</link>>\n    <</if>>\n    /* 北极星 */"
  },
  {
    "passage": "Eerie Mirror Stop",
    "findString": "<<link [[离开|Bedroom]]>><<unset $mirrorMenu>><<unset $bodywritingSet>><<postMirror>><</link>>",
    "replace": "/* 北极星模组 */\n<<if $location is \"lakehouse\">>\n\t<<link [[离开|Lake House Bedroom]]>><<unset $mirrorMenu>><<unset $bodywritingSet>><<postMirror>><</link>>\n<<else>>\n\t<<link [[离开|Bedroom]]>><<unset $mirrorMenu>><<unset $bodywritingSet>><<postMirror>><</link>>\n<</if>>\n/* 北极星 */"
  },
  {
    "passage": "Eerie Mirror Tentacle Plains",
    "findString": "<<link [[继续|Tentacle Plains]]>><<set $tentacleEntrance to \"mirror\">><</link>>",
    "replace": "/* 北极星模组 */\n<<if $location is \"lakehouse\">>\n\t<<link [[继续|Tentacle Plains]]>><<set $tentacleEntrance to \"lakehouse\">><</link>>\n<<else>>\n\t<<link [[继续|Tentacle Plains]]>><<set $tentacleEntrance to \"mirror\">><</link>>\n<</if>>\n/* 北极星 */"
  },
  {
    "passage": "Elk Compound Central",
    "findString": "<<getouticon>><<link [[离开|Elk Compound]]>><</link>>",
    "replace": "/* 北极星模组 */\n<<set $ghostIn to false>>\n<<if $options.bjx_eventTF and $ghost gte 1>>\n\t<span class ='wraith'>只要你集中精力，就能穿越这扇门。</span>\n\t<br>\n\t<<link [[穿越 (0:01)|Elk Compound Interior]]>><<set $ghostIn to true>><<pass 1>><</link>>\n\t<br>\n<</if>>\n/* 北极星 */\n<<getouticon>><<link [[离开|Elk Compound]]>><</link>>"
  },
  {
    "passage": "Elk Compound Interior",
    "findString": "你成功地撬开了锁，进入了建筑里。",
    "replace": "/* 北极星模组 */\n<<if $ghostIn>>\n\t你成功地穿门而入。\n<<else>>\n\t你成功地撬开了锁，进入了建筑里。\n<</if>>\n/* 北极星 */"
  },
  {
    "passage": "Elk Street",
    "findString": "\t\t\t<<loiter>>\n\t\t<</if>>\n\t\t<<add_link \"<br>快捷小路<br>\">><<hideDisplay>>",
    "replace": "\t\t\t/* 北极星模组 */\n\t\t\t<<if $options.bjx_animal and ($transformationParts.bird.wings isnot \"disabled\" and $birdFly gte 1 or $transformationParts.dragon.wings isnot \"disabled\")>>\n\t\t\t\t<<flywait>>\n\t\t\t<</if>>\n\t\t\t/* 北极星 */\n\t\t\t<<loiter>>\n\t\t<</if>>\n\t\t<<add_link \"<br>快捷小路<br>\">><<hideDisplay>>"
  },
  {
    "passage": "English Play Rehearse Alone",
    "findString": "<<link [[继续|Bedroom]]>><</link>>",
    "replace": "/* 北极星模组 */\n<<if $location is \"lakehouse\">>\n\t<<link [[继续|Lake House Bedroom]]>><</link>>\n\t<br>\n<<else>>\n\t<<link [[继续|Bedroom]]>><</link>>\n\t<br>\n<</if>>\n/* 北极星 */"
  },
  {
    "passage": "Farm Alex Dry 2",
    "findString": "<<if $weather is \"rain\" and (!$worn.head.type.includes(\"rainproof\") || !$worn.handheld.type.includes(\"rainproof\"))>>",
    "replace": "/* 北极星模组 */\n<<if $weather is \"rain\" and !$worn.head.type.includes(\"rainproof\") and !$worn.over_head.type.includes(\"rainproof\")>>\n/* 北极星 */"
  },
  {
    "passage": "Farm Intro 10",
    "findString": "<<link [[接受|Farm Intro Accept]]>><<set $farm_stage to 2>><</link>>",
    "replace": "/* 北极星模组 */\n<<link [[接受|Farm Intro Accept]]>><<set $farm_stage to 2>><<set $farm_stage_cheat to 1>><</link>>\n/* 北极星 */"
  },
  {
    "passage": "Farm Kennel",
    "findString": "\t<<else>>\n\n\t\t一只<<beasttype>>抬起头来。很快，整个狗窝都看向了你。",
    "replace": "\t/* 北极星模组 */\n\t<<elseif $dragon gte 6>>\n        它们审视着你的龙角，看起来很是困惑。\n        <br><br>\n\n        <<kennel_intro>>\n        <br><br>\n    /* 北极星 */\n\n\t<<else>>\n\n\t\t一只<<beasttype>>抬起头来。很快，整个狗窝都看向了你。"
  },
  {
    "passage": "Farm Phone Cuddle",
    "findString": "<<if ($demon gte 2 and $transformationParts.demon.horns isnot \"hidden\") or ($cow gte 2 and $transformationParts.cow.horns isnot \"hidden\")>>",
    "replace": "/* 北极星模组 */\n\t\t<<if !$options.bjx_animal and (($demon gte 2 and $transformationParts.demon.horns isnot \"hidden\") or ($cow gte 2 and $transformationParts.cow.horns isnot \"hidden\")) or $options.bjx_animal and (($transformationParts.cow.horns isnot \"disabled\" or $transformationParts.sheep.horns isnot \"disabled\") or ($transformationParts.demon.horns isnot \"disabled\" or $transformationParts.deer.horns isnot \"disabled\" or $transformationParts.dragon.horns isnot \"disabled\"))>>\n\t\t/* 北极星 */"
  },
  {
    "passage": "Farm Shave",
    "findString": "<<if $pblevel gte 2 or $pbstrip gte 1 or $pblevelballs gte 2>>",
    "replace": "/* 北极星模组 */\n<<if ($pblevel gte 2 or $pbstrip gte 1 or $pblevelballs gte 2) and $slime gt 0 and $options.bjx_eventTF>>\n\t<<link [[自动脱毛 (0:15)->Farm Slime Shave]]>><<pass 15>><<arousal 100>><<set $pblevel to 0>><<set $pbgrowth to 0>><<set $pblevelballs to 0>><<set $pbgrowthballs to 0>><<set $pbstrip to 0>><<set $makeup.pbcolour to 0>><</link>><<slime>>\n\t<br>\n<</if>>\n/* 北极星 */\n<<if $pblevel gte 2 or $pbstrip gte 1 or $pblevelballs gte 2>>"
  },
  {
    "passage": "Farm Shower Sex",
    "findString": "<br><br>\n\n<<effectsman>>",
    "replace": "/* 北极星模组 */\n<<if $slime gt 0 and $options.bjx_eventTF>>\n\t<span class='red'>你忍受着刺痛。\n\t<<violence 20>>\n\t</span>\n<</if>>\n/* 北极星 */\n<br><br>\n\n<<effectsman>>"
  },
  {
    "passage": "Farm Shower",
    "findString": "<br><br>\n\n<<set $danger to random(1, 10000)>><<set $dangerevent to 0>>",
    "replace": "/* 北极星模组 */\n<<if $slime gt 0 and $options.bjx_eventTF>>\n\t<span class='red'>你忍受着刺痛。\n\t<<violence 20>>\n\t</span>\n<</if>>\n/* 北极星 */\n<br><br>\n\n<<set $danger to random(1, 10000)>><<set $dangerevent to 0>>"
  },
  {
    "passage": "Farm Work",
    "findString": "<<if $farm.build isnot undefined and $farm.build isnot 0>>\n",
    "replace": "/* 北极星模组 */\n<<if $farm isnot undefined>>\n\t<<if $farm.tractor is undefined>>\n\t\t<<set $farm.tractor to 0>>\n\t\t<<set $farm.tractorplough to false>>\n\t\t<<set $farm.tractorseeddrill to false>>\n\t\t<<set $farm.tractorharvester to false>>\n\t\t<<set $farm.tractorloader to false>>\n\t<</if>>\n<</if>>\n/* 北极星 */\n\n<<if $farm.build isnot undefined and $farm.build isnot 0>>"
  },
  {
    "passage": "Farm Yard Hurl net",
    "findString": "<<if $danceSuccess and $athleticsSuccess>>\n\t<span class=\"green\">网结实地扣住了它。</span>你将这个生物收入自己的囊中。",
    "replace": "/* 北极星模组 */\n<<if $lurkers_held gte 1>>\n    <span class=\"red\">由于你的捕网满了，之前的潜伏者跑掉了。</span>\n    <<set $lurkers_held -= 1>>\n<</if>>\n/* 北极星 */\n<<if $danceSuccess and $athleticsSuccess>>\n\t<span class=\"green\">网结实地扣住了它。</span>你将这个生物收入自己的囊中。\n\t/* 北极星模组 */\n\t<<gnet>><<prof net 1>>\n\t/* 北极星 */"
  },
  {
    "passage": "Farm Yard",
    "findString": "<<if $farm_stage gte 10 and $lurkers_held lt 1>>",
    "replace": "\t\t/* 北极星模组 */\n\t\t<<if $farm_stage gte 10>>\n\t\t/* 北极星 */"
  },
  {
    "passage": "Farmland",
    "findString": "<<if $farm_stage is undefined>>",
    "replace": "/* 北极星模组 */\n这附近有个汉堡摊。\n<br><br>\n/* 北极星 */\n\n<<if $farm_stage is undefined>>"
  },
  {
    "passage": "Farmland",
    "findString": "<<farmicon \"barn\">><<link [[接受农场的工作 (0:05)|Farm Intro Accept 2]]>><<pass 5>><<set $farm_stage to 2>><</link>>",
    "replace": " /* 北极星模组 */\n\t\t\t<<farmicon \"barn\">><<link [[接受农场的工作(0:05)|Farm Intro Accept 2]]>><<pass 5>><<set $farm_stage to 2>><<set $farm_stage_cheat to 1>><</link>>\n\t\t\t/* 北极星 */"
  },
  {
    "passage": "Farmland",
    "findString": "\t<<if $exposed lte 0>>\n\t\t<<if Time.dayState is \"night\">>",
    "replace": "\t<<if $exposed lte 0>>\n\t    /* 北极星模组 */\n\t    <<if $weather is \"rain\" or $weather is \"snow\" or Time.dayState is \"night\">>\n\t\t\t汉堡摊关门了。\n\t\t\t<br>\n\t\t<<else>>\n\t\t\t<<link [[逛一逛附近的汉堡摊(0:05)|Moor Food Stand]]>><<pass 5>><</link>>\n\t\t\t<br>\n\t\t<</if>>\n\t\t/* 北极星 */\n\t\t<<if Time.dayState is \"night\">>"
  },
  {
    "passage": "Farmland",
    "findString": "\t<<farmicon \"meadow\">><<link [[草地 (0:10)|Meadow]]>><<pass 10>><</link>>",
    "replace": "\t/* 北极星模组 */\n\t<<if $options.bjx_animal and ($transformationParts.bird.wings isnot \"disabled\" and $birdFly gte 1 or $transformationParts.dragon.wings isnot \"disabled\")>>\n\t\t<<flywait>>\n\t<</if>>\n\t/* 北极星 */\n\t<<farmicon \"meadow\">><<link [[草地 (0:10)|Meadow]]>><<pass 10>><</link>>"
  },
  {
    "passage": "Flats Hookah Smoke",
    "findString": "<<if $awareness gte 400>>",
    "replace": "/* 北极星模组 */\n<<if $awareness gte 400 or currentSkillValue('willpower') gte 600>>\n/* 北极星 */"
  },
  {
    "passage": "Flats Lock",
    "findString": "\t<br><br>\n<</if>>",
    "replace": "\t<br><br>\n<</if>>\n/* 北极星模组 */\n<<set $ghostIn to false>>\n<<if $options.bjx_eventTF and $ghost gte 1>>\n\t<span class ='wraith'>只要你集中精力，就能穿越这扇门。</span>\n\t<br>\n\t<<link [[穿越 (0:01)|Flats Sneak]]>><<pass 1>><<set $ghostIn to true>><</link>>\n\t<br>\n<</if>>\n/* 北极星 */"
  },
  {
    "passage": "Flats Sneak",
    "findString": "你成功地撬开了锁并进到了这栋房子里。",
    "replace": "/* 北极星模组 */\n<<if $ghostIn>>\n\t你成功地穿门而入。\n<<else>>\n\t你成功地撬开了锁并进到了这栋房子里。\n<</if>>\n/* 北极星 */"
  },
  {
    "passage": "Forest Deer",
    "findString": "<<location \"forest\">><<effects>>\n\n<<if $rng gte 51>>",
    "replace": "/* 北极星模组 */\n<<location \"forest\">><<effects>><<transform deer 1>><<beastNEWinit 1 deer>>\n<<if $danger gte (9900 - ($allure * $forestmod))>>\n\t你匍匐前进，这只<<beasttype>>仍旧一动不动。你靠近到触手可及的距离，随后伸出了你的手。它嗅了嗅你，随后向你猛扑过来。\n\t<br><br>\n\n\t<<link [[继续|Deer Rape]]>><<set $molestationstart to 1>><</link>>\n\t<br>\n\n<<elseif $rng gte 51>>"
  },
  {
    "passage": "Forest",
    "findString": "\t\t\t\t\t<<lakeicon>><<link [[湖泊 (0:10)|Lake Fishing Rock]]>><<pass 10>><</link>>\n\t\t\t\t<</if>>\n\t\t\t<</if>>",
    "replace": "\t\t\t\t\t<<lakeicon>><<link [[湖泊 (0:10)|Lake Fishing Rock]]>><<pass 10>><</link>>\n\t\t\t\t<</if>>\n\t\t\t<</if>>\n\t\t\t\n\t\t\t/* 北极星模组 */\n\t\t\t<<if $historytrait gte 1>>\n\t\t\t\t<br><<kylarmanoricon>><<link [[废弃庄园 (0:10)|Forest Mansion Explore]]>><</link>>\n\t\t\t<</if>>\n\t\t\t/* 北极星 */"
  },
  {
    "passage": "Forest",
    "findString": "<<elseif $forest lte 99>>",
    "replace": "<<elseif $forest lte 99>>\n    /* 北极星模组 */\n    <<location \"forest\">>\n    /* 北极星 */"
  },
  {
    "passage": "Forest",
    "findString": "\t\t<<if $eventskip is 0>>\n\t\t\t<<rng>>\n\t\t\t<<if $rng gte 81 or ($forest_search is true and $rng gte 61)>>",
    "replace": "\t\t<<if $eventskip is 0>>\n\t\t\t<<rng>>\n\t\t\t/* 北极星模组 */\n\t\t\t<<if $hive_intro isnot 1 and $rng gte 50>>\n\t\t\t\t<<set $hive_intro to 1>>\n\t\t\t\t你在树丛中发现了一个巨大的蜡制蜂巢。你可以看到里面有动静，两只看起来很强壮的黄蜂守在入口处。 \n\t\t\t\t<br><br>\n\t\t\t\t<<link [[靠近 (0:20)|Hive Approach]]>><<pass 20>><<set $eventskip to 1>><</link>>\n\t\t\t\t<br>\n\t\t\t<<elseif $rng gte 81 or ($forest_search is true and $rng gte 61)>>\n\t\t\t/* 北极星 */"
  },
  {
    "passage": "Forest",
    "findString": "\t\t\t\t\t<<foresticon \"river\">><<link [[沿着小溪走 (0:20)|Forest Brook]]>><<pass 20>><</link>>\n\t\t\t\t<</if>>\n\t\t\t\t<br>\n\t\t\t<</if>>",
    "replace": "\t\t\t\t\t<<foresticon \"river\">><<link [[沿着小溪走 (0:20)|Forest Brook]]>><<pass 20>><</link>>\n\t\t\t\t<</if>>\n\t\t\t\t<br>\n\t\t\t<</if>>\n\t\t\t/* 北极星模组 */\n\t\t\t<<if $hive_intro is 1>>\n\t\t\t\t<br>\n\t\t\t\t<<link [[蜂巢 (0:20)|Hive Entrance]]>><<pass 20>><</link>>\n\t\t\t\t<br>\n\t\t\t<</if>>\n\t\t\t/* 北极星 */"
  },
  {
    "passage": "Forest",
    "findString": "<<elseif $forest gte 100>>\n\t<<set $forest to 100>>\n\t<<forestmove>>",
    "replace": "/* 北极星模组 */\n<<elseif $forest lt 150>>\n\t<<location \"bog\">>\n\t<<bogmove>>\n\t<<if $stress gte $stressmax and !$possessed>>\n\t\t<<passoutforest>>\n\t<<else>>\n\t\t<<set $danger to random(1, 10000)>><<set $dangerevent to 0>>\n\t\t<<if $eventskip is 0>>\n\t\t\t<<rng>>\n\t\t\t<<if $rng gte 81 or ($forest_search is true and $rng gte 61)>>\n\t\t\t\t<<eventbogitem>>\n\t\t\t<<elseif $danger gte (9900 - ($allure * $forestmod))>>\n\t\t\t\t<<eventbog>>\n\t\t\t<<else>>\n\t\t\t\t<<eventbogsafe>>\n\t\t\t<</if>>\n\t\t<<elseif $eventskip gte 1>>\n\t\t\t<<if $foresthunt gte 1>>\n\t\t\t\t<span class=\"lblue\">你在沼泽里相对安全，不管是谁在跟踪你，应该都会选择放弃。</span>\n\t\t\t\t<br><br>\n\t\t\t\t<<set $foresthunt to 0>>\n\t\t\t<</if>>\n\t\t\t你穿过森林，来到了一片大沼泽。树木稀疏，静静地停驻在水池中，空气中弥漫着浓重的湿气。\n\t\t\t<br><br>\n\t\t\t<<bogdeeper>>\n\t\t\t<br><br>\n\n\t\t\t<<bogsearch>>\n\t\t\t<br><br>\n\n\t\t\t<<boglessdeep>>\n\t\t<</if>>\n\t<</if>>\n\t\n<<elseif $forest gte 150>>\n\t<<set $forest to 150>>\n\t<<bogmove>>"
  },
  {
    "passage": "Forest",
    "findString": "\t\t\t\t<<eventforestitem>>\n\t\t\t<<elseif $danger gte (9900 - ($allure * $forestmod))>>\n\t\t\t\t<<eventforestdeep>>\n\t\t\t<<else>>\n\t\t\t\t<<eventforestsafe>>\n\t\t\t<</if>>\n\t\t<<elseif $eventskip gte 1>>\n\t\t\t你在森林深处。你可以透过树枝辨认出精神病院。\n\t\t\t<br><br>\n\n\t\t\t<<forestsearch>>\n\t\t\t<br><br>\n\n\t\t\t<<forestlessdeep>>",
    "replace": "\t\t\t\t<<eventbogitem>>\n\t\t\t<<elseif $danger gte (9900 - ($allure * $forestmod))>>\n\t\t\t\t<<eventbog>>\n\t\t\t<<else>>\n\t\t\t\t<<eventbogsafe>>\n\t\t\t<</if>>\n\t\t<<elseif $eventskip gte 1>>\n\t\t\t你在沼泽深处。空气中弥漫着刺鼻的气味，你觉得不应该继续前进。\n\t\t\t<br><br>\n\t\t\t\n\t\t\t<<if $museumAntiques.antiques.antiquemushroom is \"notFound\">>\n\t\t\t    你在沼泽的地上发现了一尊奇怪的蘑菇神像，上面雕刻着繁复而神秘的花纹。\n\t\t\t    <br><br>\n\t\t    <</if>>\n\t\t    \n\t\t    <<if $options.bjx_antiques and $museumAntiques.antiques.antiquemushroom is \"notFound\">>\n    \t\t\t<<link [[捡起蘑菇神像|$passage]]>><<pass 2>><<museumAntiqueStatus \"antiquemushroom\" \"found\">><<set $antiquemoney += 7000>><</link>>\n    \t\t\t<br>\n    \t\t<</if>>\n\n\t\t\t<<bogsearch>>\n\t\t\t<br><br>\n\n\t\t\t<<boglessdeep>>"
  },
  {
    "passage": "Hairdressers Lock",
    "findString": "<<getouticon>><<link [[离开|Shopping Centre]]>><</link>>",
    "replace": "/* 北极星模组 */\n<<set $ghostIn to false>>\n<<if $options.bjx_eventTF and $ghost gte 1>>\n\t<span class ='wraith'>只要你集中精力，就能穿越这扇门。</span>\n\t<br>\n\t<<link [[穿越 (0:01)|Hairdressers]]>><<set $ghostIn to true>><<pass 1>><</link>>\n\t<br>\n<</if>>\n/* 北极星 */\n\n<<getouticon>><<link [[离开|Shopping Centre]]>><</link>>"
  },
  {
    "passage": "Harvest Street",
    "findString": "\t\t\t<<loiter>>\n\t\t<</if>>\n\t\t<<add_link \"<br>快捷小路<br>\">><<hideDisplay>>",
    "replace": "\t\t\t/* 北极星模组 */\n\t\t\t<<if $options.bjx_animal and ($transformationParts.bird.wings isnot \"disabled\" and $birdFly gte 1 or $transformationParts.dragon.wings isnot \"disabled\")>>\n\t\t\t\t<<flywait>>\n\t\t\t<</if>>\n\t\t\t/* 北极星 */\n\t\t\t<<loiter>>\n\t\t<</if>>\n\t\t<<add_link \"<br>快捷小路<br>\">><<hideDisplay>>"
  },
  {
    "passage": "Head's Stash",
    "findString": "<<link [[撬锁 (0:30)|Head's Stash 2]]>><<pass 30>><</link>><<skulduggerydifficulty>>",
    "replace": "/* 北极星模组 */\n<<link [[撬锁 (0:30)|Head's Stash 2]]>><<pass 30>><<set $skulduggeryhands to 1>><</link>><<skulduggerydifficulty>>\n/* 北极星 */"
  },
  {
    "passage": "High Public Pants Down Still 2",
    "findString": "<<if Time.daystate is \"day\">>",
    "replace": "/* 北极星模组 */\n<<if Time.dayState is \"day\">>\n/* 北极星 */"
  },
  {
    "passage": "High Street",
    "findString": "\t\t\t<<loiter>>\n\t\t<</if>>\n\t\t<<add_link \"<br>快捷小路<br>\">><<hideDisplay>>",
    "replace": "\t\t\t/* 北极星模组 */\n\t\t\t<<if $options.bjx_animal and ($transformationParts.bird.wings isnot \"disabled\" and $birdFly gte 1 or $transformationParts.dragon.wings isnot \"disabled\")>>\n\t\t\t\t<<flywait>>\n\t\t\t<</if>>\n\t\t\t/* 北极星 */"
  },
  {
    "passage": "Hospital Foyer",
    "findString": "\t\t<<if $player.breastsize lte 11>>",
    "replace": "\t\t/* 北极星模组 */\n\t\t<<if $demonhunter gte 2 and $demonhunter lte 4>>\n\t\t\t<<askicon>><<link [[要求学习催眠术 (0:10)|Hospital Demonhunter]]>><<pass 10>><</link>><<demonhunter>> <<note \"获取' 摄魂之眼' \" \"italic\">>\n\t\t\t<br>\n\t\t<</if>>\n\t\t<<if $mushroom gte 1>>\n\t\t\t<<askicon>><<link [[咨询你的蘑菇感染问题 (0:10)|Hospital Mushroom]]>><<pass 10>><</link>>\n\t\t\t<br>\n\t\t<</if>>\n\t\t<<if $slime gt 0>>\n\t\t\t<<askicon>><<link [[咨询你的史莱姆情况(0:10)|Harper Slime Inquiry]]>><<pass 10>><</link>>\n\t\t\t<br>\n\t\t<</if>>\n\t\t/* 北极星 */\n\t\t<<if $player.breastsize lte 11>>"
  },
  {
    "passage": "Hospital Parasite",
    "findString": "<br><br>\n\t\t\"不过你说的其他东西倒是有迹可循，这是一种罕见但相对良性的病症，以我们现在的技术应该能够治愈你。\"听此，你松了一口气。\"稍等一下，我马上就好。\"<<He>>在说完之后又转身回到了<<his>>的电脑面前。",
    "replace": "\t\t<br><br>\n\t\t\"顺便说一句，\"<<he>>喃喃自语, \"最近听说我们镇下水道里粘液具有了某种<i>腐蚀性</i>，如果不慎沾染了会腐蚀衣服甚至皮肤，所以如果你要去那里，请务必小心谨慎。甚至有传言说，粘液似乎具有了生命，会主动寻找人类吞噬，被其吞噬的人类也会变成其中一员。不过这都是一些嗑药出了<span class=\"gold\">幻觉</span>的瘾君子的胡言乱语，没有任何科学合理性。\"\n\t\t<br><br>\t\t\"不过你说的其他东西倒是有迹可循，这是一种罕见但相对良性的病症，以我们现在的技术应该能够治愈你。\"听此，你松了一口气。\"稍等一下，我马上就好。\"<<He>>在说完之后又转身回到了<<his>>的电脑面前。"
  },
  {
    "passage": "Hospital Parasite",
    "findString": "\t<<He>>开始敲击面前的键盘。\"你还有什么问题吗？\" 你摇摇头。\n\t<br><br>",
    "replace": "\t\"顺便说一句，\"<<he>>喃喃自语, \"最近听说我们镇下水道里粘液具有了某种<i>腐蚀性</i>，如果不慎沾染了会腐蚀衣服甚至皮肤，所以如果你要去那里，请务必小心谨慎。甚至有传言说，粘液似乎具有了生命，会主动寻找人类吞噬，被其吞噬的人类也会变成其中一员。不过这都是一些嗑药出了<span class=\"gold\">幻觉</span>的瘾君子的胡言乱语，没有任何科学合理性。\"\n\t<br><br>\n\t/* 北极星 */\n\n\t<<He>>开始敲击面前的键盘。\"你还有什么问题吗？\" 你摇摇头。\n\t<br><br>"
  },
  {
    "passage": "Hospital Parasite",
    "findString": "\t<br><br>\n\n\t<<link [[继续|Hospital Foyer]]>><<endevent>><</link>>",
    "replace": "\t<br><br>\n\n\t<<link [[继续|Hospital Foyer]]>><<endevent>><</link>>\n/* 北极星模组 */\n<<elseif $parasite.clit.name is \"livingclothes\" or $parasite.penis.name is \"livingclothes\" or\n\t$parasite.nipples.name is \"livingclothes\" or $parasite.bottom.name is \"livingclothes\">>\n\t<<He>>认真地听着，并时不时的点点头，好像你说的任何事情都没什么奇怪的。在你讲完后之后，<<he>>默默地转向<<his>>的电脑，开始浏览一些东西。\"好吧，\"<<he>>说道。\n\t<br><br>\n\t一种罕见但相对良性的病症，我们现在就能治好你。\"你松了一口气。\"请稍等片刻。\"<<He>>转身回到<<his>>的电脑前。\n\t<br><br>\n\t一分钟后<<he>>回过头来。\"我们可以用一种特殊的电击法对你进行电击, 其波长可以使这种寄生虫丧失能力。它对人完全无害, 但你可能会感到刺痛。\"\n\t<br><br>\n\t\"手术需要 £2500\"<<He>>说。\n\t<br><br>\n\t<<if $money gte 250000>>\n\t\t<<link [[付款 (£2500 0:30)|Hospital Parasite Private Livingclothes]]>><<set $money -= 250000>><<pass 30>><</link>>\n\t\t<br>\n\t<</if>>\n\t<<link [[拒绝治疗并离开|Hospital Foyer]]>><<endevent>><</link>>\n\t<br>\n/* 北极星 */"
  },
  {
    "passage": "Kylar Abduction Free Stairs",
    "findString": "<<link [[退回去|Kylar Abduction Free Breeze]]>><</link>>",
    "replace": "/* 北极星模组 */\n<<set $ghostIn to false>>\n<<if $options.bjx_eventTF and $ghost gte 1>>\n\t<span class ='wraith'>只要你集中精力，就能穿越这扇门。</span>\n\t<br>\n\t<<link [[穿越 (0:01)|Kylar Abduction Free Sneak]]>><<set $ghostIn to true>><<pass 1>><</link>>\n\t<br>\n<</if>>\n/* 北极星 */"
  },
  {
    "passage": "Kylar Halloween Bed",
    "findString": "<<npc Whitney>><<person1>>",
    "replace": "/* 北极星模组 */\n<<set $forestmansionhaunt to 1>>\n/* 北极星 */\n<<npc Whitney>><<person1>>"
  },
  {
    "passage": "Lake Pots",
    "findString": "\t\t<<set $skulduggerydifficulty to 300>>",
    "replace": "\t\t<<set $skulduggerydifficulty to 300>>\n\t\t/* 北极星模组 */\n\t\t<<templeicon \"chastity release\">><<link [[打开|Lake Ruin Box]]>><<wateraction>><<set $skulduggeryhands to 1>><</link>><<skulduggerydifficulty>><<loxygen>>\n\t\t/* 北极星 */"
  },
  {
    "passage": "Lake Ruin Deep Consentacles Leave",
    "findString": "<<if $swimmingSuccess>>\n\t<span class=\"green\">你解开了脚踝，逃脱了。</span>",
    "replace": "/* 北极星模组 */\n<<if $swimmingSuccess or $slime gt 0>>\n\t<span class=\"green\"><<if $slime gt 0>>它们无法牢牢抓住你的四肢。<</if>>你解放出脚踝，然后逃跑。</span>"
  },
  {
    "passage": "Lake Ruin Door",
    "findString": "<br><br>",
    "replace": "<<if $museumAntiques.antiques.antiqueivorynecklace is \"notFound\">>\n    一条象牙项链被放在基座顶部，蓝色的宝石镶嵌其上。\n<</if>>\n/* 北极星 */\n<br><br>"
  },
  {
    "passage": "Lake Ruin Plinth",
    "findString": "<<elseif $tentacledisable is \"f\" and _bmoon and $phase isnot 1 and $museumAntiques.antiques.antiqueivorynecklace isnot \"notFound\">>",
    "replace": "/* 北极星模组 */\n<<elseif $tentacledisable is \"f\" and _bmoon and $phase isnot 1 and $museumAntiques.antiques.antiqueivorynecklace isnot \"notFound\" and $slime gt 0>>\n\t<br><br>\n\t你感觉水在你周围搅动，当你环顾四周时，水搅动得越来越强烈了。在红色月光的微弱照射下，触手从黑暗中伸出。<span class=\"red\">其中两条试图缠住你的脚踝，但无法抓住。</span>\n\t<br><br>\n\n\t<<link [[触碰|Lake Ruin Sit]]>><</link>>\n\t<br>\n/* 北极星 */\n<<elseif $tentacledisable is \"f\" and _bmoon and $phase isnot 1 and $museumAntiques.antiques.antiqueivorynecklace isnot \"notFound\">>"
  },
  {
    "passage": "Lake Ruin Plinth",
    "findString": "<<else>>\n\t在黑暗的房间里，水随着你的动作摇摆。",
    "replace": "\t/* 北极星模组 */\n\t<<if $slime gt 0>>\n    \t<span class=\"green\">你感觉底座对你有股奇怪的吸引力……</span>\n    \t<br><br>\n    \t<<link [[触碰|Lake Ruin Sit]]>><</link>>\n    \t<br><br>\n\t<</if>>\n\t/* 北极星 */\n<<else>>\n\t在黑暗的房间里，水随着你的动作摇摆。"
  },
  {
    "passage": "Lake Ruin Sit",
    "findString": "<<if !(!$player.vaginaExist and playerIsPregnant())>>",
    "replace": "<<if $slime gt 0>>\n\t你猛地后退，痉挛着。房间摇晃颤动，地板上出现了一道裂缝。它变宽了，更多的红光透了进来。\n\t你的全身沐浴在深红色之中。你的身体开始在房间颤抖。你的皮肤开始扭曲和起泡，颜色变成红色，就像里面的核心一样。\n\t<br><br>\n\t与此同时，同样的核心越来越大……\n\t<br><br>\n\t<<link [[继续|Slime Reversion]]>><<pass 10>><</link>><br><br><<elseif !(!$player.vaginaExist and playerIsPregnant())>>"
  },
  {
    "passage": "Lake Shore",
    "findString": "\t\t<<if Time.season isnot \"winter\" and !isBloodmoon()>>",
    "replace": "\t\t/* 北极星模组 */\n\t\t<<if $town_projects.home isnot undefined>>\n\t\t\t<<if $town_projects.home gte 3>>\n\t\t\t\t<<domusicon>><<link [[湖边小屋 (0:02)|Lake House Outdoor]]>><<pass 2>><</link>>\n\t\t\t\t<br>\n\t\t\t<</if>>\n\t\t<</if>>\n\t\t<<if $options.bjx_animal and ($transformationParts.bird.wings isnot \"disabled\" and $birdFly gte 1 or $transformationParts.dragon.wings isnot \"disabled\")>>\n\t\t\t<<flywait>>\n\t\t<</if>>\n\t\t/* 北极星 */\n\t\t<<if Time.season isnot \"winter\" and !isBloodmoon()>>"
  },
  {
    "passage": "Livestock Job Hypnosis 2",
    "findString": "\t<<purity -3>><<internalejac>><<creampie \"self\" \"vagina\">><<set $hygiene += 1000>><<bodyliquid \"vagina\" \"semen\" 3>><<bodyliquid \"vagina\" \"goo\">>",
    "replace": "/* 北极星模组 */\n\t<<purity -3>><<byinternalejac>><<creampie \"self\" \"vagina\">><<set $hygiene += 1000>><<bodyliquid \"vagina\" \"semen\" 3>><<bodyliquid \"vagina\" \"goo\">>\n\t/* 北极星 */"
  },
  {
    "passage": "Livestock Job Hypnosis 2",
    "findString": "\t<<purity -3>><<internalejac>><<creampie \"self\" \"anus\">><<set $hunger -= 200>><<set $thirst -= 200>><<set $hygiene += 1000>><<bodyliquid \"anus\" \"semen\" 3>><<bodyliquid \"anus\" \"goo\">>",
    "replace": "\t/* 北极星模组 */\n\t<<purity -3>><<byinternalejac>><<creampie \"self\" \"anus\">><<set $hunger -= 200>><<set $thirst -= 200>><<set $hygiene += 1000>><<bodyliquid \"anus\" \"semen\" 3>><<bodyliquid \"anus\" \"goo\">>\n\t/* 北极星 */"
  },
  {
    "passage": "Lock",
    "findString": "<<set $compoundcentre to 1>><<set $compoundalarm += 1>>\n",
    "replace": "/* 北极星模组 */\n<<if $ghostIn>>\n\t你成功地穿门而入。\n<<else>>\n\t你成功地撬开门锁，推门而入。\n<</if>>\n/* 北极星 */\n<<set $compoundcentre to 1>><<set $compoundalarm += 1>>\n"
  },
  {
    "passage": "Maths Project Stim",
    "findString": "\t<<else>>\n\t\t<<link [[忍耐 (4:00)|Maths Project Endure Library]]>><<pass 240>><<stress 24>><</link>>",
    "replace": "\t/* 北极星模组 */\n\t<<elseif $location is \"lakehouse\">>\n\t\t<<link [[忍受 (4:00)|Maths Project Endure Lake House]]>><<pass 240>><<stress 24>><</link>><<ggstress>>\n\t\t<br>\n\t\t<<link [[出门|Maths Project Outside Lake House]]>><</link>>\n\t\t<br>\n\t/* 北极星 */\n\t<<else>>\n\t\t<<link [[忍耐 (4:00)|Maths Project Endure Library]]>><<pass 240>><<stress 24>><</link>>\n"
  },
  {
    "passage": "Maths Project Stim",
    "findString": "你坐下来欣赏你的工作，但有些地方出了问题。<<if $location is \"home\">>",
    "replace": "/* 北极星模组 */\n    你坐下来欣赏自己的成果，但有些地方不对劲。<<if $location is \"home\" or $location is \"lakehouse\">>"
  },
  {
    "passage": "Maths Project Stim",
    "findString": "\t<<if $location is \"home\">>\n\t\t<<set $bus to \"residential\">>\n\t<<else>>\n\t\t<<set $bus to \"industrial\">>\n\t<</if>>\n\t<<link [[继续|Maths Project Void]]>><</link>>\n\t<br>",
    "replace": "\t<<if $location is \"home\">>\n\t\t<<set $bus to \"residential\">>\n\t<<else>>\n\t\t<<set $bus to \"industrial\">>\n\t<</if>>\n\t<<if $location is \"lakehouse\">>\n\t\t<<link [[继续|Maths Project Void Lake]]>><</link>>\n\t\t<br>\n\t<<else>>\n\t\t<<link [[继续|Maths Project Void]]>><</link>>\n\t\t<br>\n\t<</if>>\n\t/* 北极星 */"
  },
  {
    "passage": "Maths Project Stim",
    "findString": "\t\t<<if $location is \"home\">>\n\t\t\t<<link [[继续|Bedroom]]>><</link>>\n\t\t<<else>>\n\t\t\t<<link [[继续|School Library]]>><</link>>\n\t\t<</if>>",
    "replace": "\t\t<<if $location is \"home\">>\n\t\t\t<<link [[继续|Bedroom]]>><</link>>\n\t\t/* 北极星模组 */\n\t\t<<elseif $location is \"lakehouse\">>\n\t\t\t<<link [[继续|Lake House Bedroom]]>><</link>>\n\t\t/* 北极星 */\n\t\t<<else>>\n\t\t\t<<link [[继续|School Library]]>><</link>>\n\t\t<</if>>"
  },
  {
    "passage": "Maths Project Work",
    "findString": "\t<<if $location is \"home\">>\n\t\t<<link [[继续|Bedroom]]>><</link>>\n\t<<else>>\n\t\t<<link [[继续|School Library]]>><</link>>\n\t<</if>>",
    "replace": "\t<<if $location is \"home\">>\n\t\t<<link [[继续|Bedroom]]>><</link>>\n\t/* 北极星模组 */\n\t<<elseif $location is \"lakehouse\">>\n\t\t<<link [[停止|Lake House Bedroom]]>><</link>>\n\t/* 北极星 */\n\t<<else>>\n\t\t<<link [[继续|School Library]]>><</link>>\n\t<</if>>"
  },
  {
    "passage": "Maths Project",
    "findString": "<<if $location is \"home\">>\n\t<<getouticon>><<link [[停止|Bedroom]]>><</link>>\n\t<br>\n<<else>>\n\t<<getouticon>><<link [[停止|School Library]]>><</link>>\n\t<br>\n<</if>>",
    "replace": "<<if $location is \"home\">>\n\t<<getouticon>><<link [[停止|Bedroom]]>><</link>>\n\t<br>\n/* 北极星模组 */\n<<elseif $location is \"lakehouse\">>\n\t<<getouticon>><<link [[停止|Lake House Bedroom]]>><</link>>\n\t<br>\n/* 北极星 */\n<<else>>\n\t<<getouticon>><<link [[停止|School Library]]>><</link>>\n\t<br>\n<</if>>"
  },
  {
    "passage": "Maths Whitney Read",
    "findString": "<<link [[试着欺骗惠特尼|Maths Whitney Undies Trick]]>><</link>><<skulduggerydifficulty>>",
    "replace": "\t\t\t/* 北极星模组 */\n\t\t\t<<link [[试着骗过惠特尼|Maths Whitney Undies Trick]]>><<set $skulduggeryhands to 1>><</link>><<skulduggerydifficulty>>\n\t\t\t/* 北极星 */"
  }
]