[
  {
    "passage": "Adult Shop Closed",
    "findString": "\t<</if>>",
    "replace": "\t<</if>>\n\n/* 北极星模组 */\n<<set $ghostIn to false>>\n<<if $options.bjx_eventTF and $ghost gte 1>>\n\t<span class ='wraith'>只要你集中精力，就能穿越这扇门。</span>\n\t<br>\n\t<<link [[穿越 (0:01)|Adult Shop]]>><<pass 1>><<set $ghostIn to true>><</link>>\n\t<br>\n<</if>>\n/* 北极星 */"
  },
  {
    "passage": "Adult Shop",
    "findString": "\t<<if $adultshopstate isnot \"closed\" or $debug is 1>>\n\t\t<br>\n\t\t<<sextoysicon \"strap-on\">><<link [[浏览性玩具 (0:01)|Adult Shop Menu]]>><<pass 1>><</link>>\n\t<</if>>",
    "replace": "\t/* 北极星模组 */\n\t<br>\n\t<<if $adultshopstate isnot \"closed\" or $debug is 1>>\n\t\t<<sextoysicon \"strap-on\">><<link [[浏览性玩具 (0:01)|Adult Shop Menu]]>><<pass 1>><</link>>\n\t\t<br>\n\t<</if>>\n\t<<if $lakehouseinit is undefined>>\n\t\t你看到一匹木马正在出售，却你没有地方放它。\n\t\t<br>\n\t<<elseif $lakehouse.woodenHorse isnot undefined>>\n\t<<elseif $money gte 50000>>\n\t\t<<link [[买一匹木马|$passage]]>><<set $money -= 50000>><<set $lakehouse.woodenHorse to 1>><</link>>\n\t\t<br>\n\t<<else>>\n\t\t你没有足够的钱购买木马。\n\t\t<br>\n\t<</if>>\n\t/* 北极星 */"
  },
  {
    "passage": "Arcade Lock",
    "findString": "<<starfishicon>><<link [[离开|Starfish Street]]>><<set $eventskip to 1>><</link>>",
    "replace": "/* 北极星模组 */\n<<set $ghostIn to false>>\n<<if $options.bjx_eventTF and $ghost gte 1>>\n\t<span class ='wraith'>只要你集中精力，就能穿越这扇门。</span>\n\t<br>\n\t<<link [[穿越 (0:01)|Arcade]]>><<pass 1>><<set $ghostIn to true>><</link>>\n\t<br>\n<</if>>\n/* 北极星 */\n<<starfishicon>><<link [[离开|Starfish Street]]>><<set $eventskip to 1>><</link>>"
  },
  {
    "passage": "Arcade Play",
    "findString": "\t\t\t\t<<set $skulduggerydifficulty to 400>>\n\t\t\t\t<<link [[盗窃|Arcade Steal]]>><<crimeUp 30 \"petty\">><</link>><<skulduggerydifficulty>><<gcrime \"petty\">>",
    "replace": "\t\t\t\t<<set $skulduggerydifficulty to 400>>\n\t\t\t\t/* 北极星模组 */\n\t\t\t\t<<link [[偷钱|Arcade Steal]]>><<crimeUp 30 \"petty\">><<set $skulduggeryhands to 1>><</link>><<skulduggerydifficulty>><<gcrime \"petty\">>\n\t\t\t\t/* 北极星 */"
  },
  {
    "passage": "Asylum Cell",
    "findString": "\t<<if $asylumstate isnot \"sleep\">>\n\t\t<<getouticon>><<link [[离开|Asylum]]>><</link>>\n\t\t<br>\n\t<</if>>",
    "replace": "\t/* 北极星模组 */\n\t<<set $ghostIn to false>>\n\t<<if $asylumstate isnot \"sleep\">>\n\t\t<<getouticon>><<link [[离开|Asylum]]>><</link>>\n\t\t<br>\n\t<<elseif $options.bjx_eventTF and $asylumstate isnot \"sleep\" and $ghost gte 1>>\n\t\t<span class ='wraith'>只要你集中精力，就能穿越这扇门。</span>\n\t\t<br>\n\t\t<<link [[穿越 (0:01)|Asylum]]>><<pass 1>><<set $ghostIn to true>><</link>>\n\t\t<br>\n\t<</if>>\n\t/* 北极星 */",
    "all": true
  },
  {
    "passage": "Asylum Shower Accept",
    "findString": "<<exhibitionism1>>",
    "replace": "/* 北极星模组 */\n<<if $options.bjx_eventTF and $slime gt 0>>\n    <br>\n    <span class='red'>你忍受着皮肤上的刺痛。</span>\n    <br>\n    <<violence 20>>\n<</if>>\n/* 北极星 */\n<<exhibitionism1>>"
  },
  {
    "passage": "Asylum Shower Wash Hair",
    "findString": "<<if $o_long_and_beautiful gte 6>>",
    "replace": "/* 北极星模组 */终于，她小声答应了你。你们一起走进了淋浴间，开始洗澡。<<if $options.bjx_eventTF and $slime gt 0>>\n    <br>\n    <span class='red'>你忍受着皮肤上的刺痛。</span>\n    <br>\n    <<violence 20>>\n<</if>>其他人早就洗完了，淋浴间里只有你们两人。长发女孩"
  },
  {
    "passage": "Asylum Shower Wash",
    "findString": "\t你脱光衣服，走进淋浴间。你站在一个大房间的中央，和其他病人一起洗澡。",
    "replace": "\t你脱光衣服，走进淋浴间。你站在一个大房间的中央，和其他病人一起洗澡。\n\t/* 北极星模组 */\n\t<<if $options.bjx_eventTF and $slime gt 0>>\n\t    <br>\n\t    <span class='red'>你忍受着皮肤上的刺痛。</span>\n\t    <br>\n\t    <<violence 20>>\n    <</if>>\n    /* 北极星 */"
  },
  {
    "passage": "Asylum Sit Lap",
    "findString": "\t\t<<link [[偷钥匙卡|Asylum Sit Steal]]>><</link>><<promiscuous2>><<skulduggerydifficulty>> <<note \"该动作在低嫌疑时会更容易\" \"italic\">>",
    "replace": "\t\t/* 北极星模组 */\n\t\t<<link [[偷走钥匙卡|Asylum Sit Steal]]>><<set $skulduggeryhands to 1>><</link>><<promiscuous2>><<skulduggerydifficulty>> <<note \"该动作在低嫌疑时会更容易\" \"italic\">>\t\t/* 北极星 */"
  },
  {
    "passage": "Avery Date 4",
    "findString": "($NPCName[$NPCNameList.indexOf(\"Avery\")].love * 10 + $endear * 10 + 10)",
    "replace": "(($NPCName[$NPCNameList.indexOf(\"Avery\")].love * 10 + $endear * 10 + 10) * ($options.bjx_averymoney ? 2 : 1))"
  },
  {
    "passage": "Avery Date 5",
    "findString": "($NPCName[$NPCNameList.indexOf(\"Avery\")].love * 10 + $endear * 10 + 10)",
    "replace": "(($NPCName[$NPCNameList.indexOf(\"Avery\")].love * 10 + $endear * 10 + 10) * ($options.bjx_averymoney ? 2 : 1))"
  },
  {
    "passage": "Avery Date Sex Finish",
    "findString": "<<ejaculation>><<set $money += (($NPCName[$NPCNameList.indexOf(\"Avery\")].love * 10 + $endear * 10 + 10) * 100)>>",
    "replace": " /* 北极星模组 */\n\t<<ejaculation>><<set $money += ((($NPCName[$NPCNameList.indexOf(\"Avery\")].love * 10 + $endear * 10 + 10) * ($options.bjx_averymoney ? 2 : 1)) * 100)>>\n    /* 北极星 */"
  },
  {
    "passage": "Avery Date Sex Finish",
    "findString": "<<ggarage>><<npcincr Avery rage 10>><<set $money += (($NPCName[$NPCNameList.indexOf(\"Avery\")].love * 10 + $endear * 10 + 10) * 100)>>",
    "replace": "/* 北极星模组 */\n\t<<ggarage>><<npcincr Avery rage 10>><<set $money += ((($NPCName[$NPCNameList.indexOf(\"Avery\")].love * 10 + $endear * 10 + 10) * ($options.bjx_averymoney ? 2 : 1)) * 100)>>\n\t/* 北极星 */"
  },
  {
    "passage": "Avery Date Strip",
    "findString": "<<set $money += (($NPCName[$NPCNameList.indexOf(\"Avery\")].love * 10 + $endear * 10 + 10) * 100)>>",
    "replace": "/* 北极星模组 */\n<<set $money += ((($NPCName[$NPCNameList.indexOf(\"Avery\")].love * 10 + $endear * 10 + 10) * ($options.bjx_averymoney ? 2 : 1)) * 100)>>\n/* 北极星 */"
  },
  {
    "passage": "Avery Hotel Early End",
    "findString": "<<set $money += (($NPCName[$NPCNameList.indexOf(\"Avery\")].love * 10 + $endear * 10 + 10) * 100)>>",
    "replace": "<<set $money += ((($NPCName[$NPCNameList.indexOf(\"Avery\")].love * 10 + $endear * 10 + 10) * ($options.bjx_averymoney ? 2 : 1)) * 100)>>",
    "all": true
  },
  {
    "passage": "Avery Hotel Early End",
    "findString": "<span class=\"gold\">£<<print ($NPCName[$NPCNameList.indexOf(\"Avery\")].love * 10 + $endear * 10 + 10)>></span>",
    "replace": "<span class=\"gold\">£<<print (($NPCName[$NPCNameList.indexOf(\"Avery\")].love * 10 + $endear * 10 + 10) * ($options.bjx_averymoney ? 2 : 1))>></span>",
    "all": true
  },
  {
    "passage": "Avery Hotel Kiss Refuse",
    "findString": "<<set $money += (($NPCName[$NPCNameList.indexOf(\"Avery\")].love * 10 + $endear * 10 + 10) * 100)>>",
    "replace": "/* 北极星模组 */\n<<set $money += ((($NPCName[$NPCNameList.indexOf(\"Avery\")].love * 10 + $endear * 10 + 10) * ($options.bjx_averymoney ? 2 : 1)) * 100)>>\n/* 北极星 */"
  },
  {
    "passage": "Avery Hotel Kiss",
    "findString": "<<set $money += (($NPCName[$NPCNameList.indexOf(\"Avery\")].love * 10 + $endear * 10 + 10) * 100)>>",
    "replace": "/* 北极星模组 */\n<<set $money += ((($NPCName[$NPCNameList.indexOf(\"Avery\")].love * 10 + $endear * 10 + 10) * ($options.bjx_averymoney ? 2 : 1)) * 100)>>\n/* 北极星 */"
  },
  {
    "passage": "Avery Hotel Morning",
    "findString": "<span class=\"gold\">£<<print ($NPCName[$NPCNameList.indexOf(\"Avery\")].love * 10 + $endear * 10 + 10)>></span>",
    "replace": "<span class=\"gold\">£<<print (($NPCName[$NPCNameList.indexOf(\"Avery\")].love * 10 + $endear * 10 + 10) * ($options.bjx_averymoney ? 2 : 1))>></span>"
  },
  {
    "passage": "Avery Hotel Trauma End",
    "findString": "<<set $money += (($NPCName[$NPCNameList.indexOf(\"Avery\")].love * 10 + $endear * 10 + 10) * 100)>>",
    "replace": "/* 北极星模组 */\n<<set $money += ((($NPCName[$NPCNameList.indexOf(\"Avery\")].love * 10 + $endear * 10 + 10) * ($options.bjx_averymoney ? 2 : 1)) * 100)>>\n/* 北极星 */"
  },
  {
    "passage": "Avery Hotel Trauma End",
    "findString": "<span class=\"gold\">£<<print ($NPCName[$NPCNameList.indexOf(\"Avery\")].love * 10 + $endear * 10 + 10)>></span>",
    "replace": "<span class=\"gold\">£<<print (($NPCName[$NPCNameList.indexOf(\"Avery\")].love * 10 + $endear * 10 + 10) * ($options.bjx_averymoney ? 2 : 1))>></span>"
  },
  {
    "passage": "Barb Exposed",
    "findString": "\t<<if $exposed lte 0>>\n\t\t<<buswait>>\n\t<</if>>",
    "replace": "\t<<if $exposed lte 0>>\n\t\t<<buswait>>\n\t<</if>>\n\t/* 北极星模组 */\n\t<<if $options.bjx_animal and ($transformationParts.bird.wings isnot \"disabled\" and $birdFly gte 1 or $transformationParts.dragon.wings isnot \"disabled\")>>\n\t\t<<flywait>>\n\t<</if>>\n\t/* 北极星 */"
  },
  {
    "passage": "Barb Street",
    "findString": "\t\t\t<<if $exposed lte 0>>\n\t\t\t\t<<buswait>>\n\t\t\t<</if>>",
    "replace": "\t\t\t<<if $exposed lte 0>>\n\t\t\t\t<<buswait>>\n\t\t\t<</if>>\n\t\t\t/* 北极星模组 */\n\t\t\t<<if $options.bjx_animal and ($transformationParts.bird.wings isnot \"disabled\" and $birdFly gte 1 or $transformationParts.dragon.wings isnot \"disabled\")>>\n\t\t\t\t<<flywait>>\n\t\t\t<</if>>\n\t\t\t/* 北极星 */"
  },
  {
    "passage": "Bath",
    "findString": "\t你洗得干干净净。<<wash>>\n\t<br><br>",
    "replace": "\t你洗得干干净净。<<wash>>\n\t<br><br>\n\t\n\t/* 北极星模组 */\n\t<<if $options.bjx_eventTF and $slime gt 0>>\n\t    <<violence 100>>\n\t    <span class='red'>你承受了巨大的痛苦。你是一只史莱姆，你干嘛这么干？</span>\n\t    <br><br>\n\t<</if>>\n\t/* 北极星 */",
    "all": true
  },
  {
    "passage": "Bath",
    "findString": "你洗得干干净净。<<wash>>\n<br><br>",
    "replace": "你洗得干干净净。<<wash>>\n<br><br>\n\n    /* 北极星模组 */\n\t<<if $options.bjx_eventTF and $slime gt 0>>\n\t    <<violence 100>>\n\t    <span class='red'>你承受了巨大的痛苦。你是一只史莱姆，你干嘛这么干？</span>\n\t    <br><br>\n\t<</if>>\n\t/* 北极星 */"
  },
  {
    "passage": "Bathroom",
    "findString": "<<pregnancyTest \"Bedroom\">>",
    "replace": "/* 北极星模组 */\n<<mushroomtfoptions>>\n/* 北极星 */\n<<pregnancyTest \"Bedroom\">>"
  },
  {
    "passage": "Beach Cave Open",
    "findString": "Beach Cave Examine]]>><</link>><<skulduggerydifficulty>>",
    "replace": "Beach Cave Examine]]>><<set $skulduggeryhands to 1>><</link>><<skulduggerydifficulty>>"
  },
  {
    "passage": "Bedroom",
    "findString": "你正待在你的卧室中。",
    "replace": "/* 北极星模组 */\n<span class=\"camouflage text\"><a onclick=\"V.codeinput = 0\">\n你正待在你的卧室中。\n</a></span><br><br>\n/* 北极星 */"
  },
  {
    "passage": "Bedroom",
    "findString": "<<tableText \"noicon\">> /* If fish tank option available, table/chair location appears here, in line with bed/wardrobe locations */",
    "replace": "<<tableText \"noicon\">> /* If fish tank option available, table/chair location appears here, in line with bed/wardrobe locations */\n/* 北极星模组 */\n<<if $options.bjx_antiques and ($museumAntiques.antiques.antiqueliquor is \"found\" or $museumAntiques.antiques.antiqueliquor is \"take\")>>\n    <<link [[喝古董酒|Forest Mansion Bottle Drink]]>><<set $lastpassage to \"Bedroom\">><</link>>\n    <br>\n<</if>>\n<<if $options.bjx_antiques and $worn.neck.name isnot \"ivory necklace\" and ($museumAntiques.antiques.antiqueivorynecklace is \"found\" or $museumAntiques.antiques.antiqueivorynecklace is \"take\")>>\n    <<link [[戴上象牙项链|Antique Ivory Neck Lace Wear]]>><<set $lastpassage to \"Bedroom\">><</link>>\n    <br>\n<</if>>\n<<if $options.bjx_antiques and ($museumAntiques.antiques.antiquescroll is \"found\" or $museumAntiques.antiques.antiquescroll is \"take\")>>\n    <<link [[展开言灵卷轴|Home Open Antiquescroll]]>><<set $lastpassage to \"Bedroom\">><</link>>\n    <br>\n<</if>>\n/* 北极星 */"
  },
  {
    "passage": "Bedroom",
    "findString": "<<attitudesControlCheck>>\n<<if $attitudesControl.showGoldLink is true>>",
    "replace": "/* 北极星模组 */\n<<if V.codeinput is 1>><<link [[输入代码|Code]]>><</link>><br><</if>>\n/* 北极星 */\n<<attitudesControlCheck>>\n<<if $attitudesControl.showGoldLink is true>>"
  },
  {
    "passage": "Bird Tower Bask",
    "findString": "\t\t<<beasttype>>稍微停下了<<bhis>>的歌曲，观察着你的翅膀。",
    "replace": "\t/* 北极星模组 */\n\t<<elseif $dragon gte 6>>\n\t\t<<beasttype>>短暂地停下了歌声，望向了你的翅膀。\n\t\t<<if $monster is 1>>\n\t\t\t<<bHis>>轻柔地触摸着你，你的身体从<<bhis>>双手抚摸你翅膀的动作中得到了快感。<<arousal 1000>><<garousal>>\n\t\t<<else>>\n\t\t\t<<bHe>>开始用自己的羽翼按摩你的翅膀，在你的身体里掀起快感的浪潮。<<arousal 1000>><<garousal>>\n\t\t<</if>>\n\t\t<<if $arousal gte $arousalmax>>\n\t\t\t<<orgasm>>\n\t\t\t<<if $monster is 1>>\n\t\t\t\t你在<<bhis>>的怀抱中弓起背，对着<<if $daystate is \"dawn\">>清晨的空气<<elseif $daystate is \"dusk\">>傍晚的空气<<else>>风<</if>>发出快乐的呼喊。<<bHe>>将你抱得更紧了。\"你的交配之歌很动听，我们很快就能互相梳洗了。\"\n\t\t\t\t你轻轻地颤抖，然后<<bhe>>开始悄悄地对你咕咕叫起来。\n\t\t\t<<else>>\n\t\t\t\t你弓起背部，<<bhim>>将<<bhis>>的翅膀包裹在你周围，以防止你摔倒。<<bHe>>悄悄地对你嘀嘀咕咕。\n\t\t\t<</if>>\n\t\t\t<<npcincr \"Great Hawk\" dom 5>><<ggdom>>\n\t\t\t<br><br>\n\t\t\t<<if $bird.activity is \"sing\" or $bird.activity is \"groom\">>\n\t\t\t\t<<link [[回报|Bird Tower Perch Sex]]>><<set $sexstart to 1>><<set $phase to 1>><<npcincr \"Great Hawk\" love 1>><</link>><<deviant1>><<glove>><br>\n\t\t\t<</if>>\n\t\t\t<<bird_perch_options>>\n\t\t<<else>>\n\t\t\t<br><br>\n\t\t\t<<link [[享受 (0:05)|Bird Tower Bask Groom Dragon]]>><<bird_pass 5>><<stress -3>><<npcincr \"Great Hawk\" love 1>><<npcincr \"Great Hawk\" dom 1>><</link>><<lstress>><<glove>><<gdom>><br>\n\t\t\t<<link [[推开|Bird Tower Bask Groom Push]]>><<npcincr \"Great Hawk\" dom -1>><</link>><<ldom>><br>\n\t\t<</if>>\n\t<<elseif $angel gte 6 or $demon gte 6 or $fallenangel gte 2 or $bee gte 6>>\n\t/* 北极星 */\n\t\t<<beasttype>>稍微停下了<<bhis>>的歌曲，观察着你的翅膀。"
  },
  {
    "passage": "Bird Tower Door",
    "findString": "<br><br>",
    "replace": "<br><br>\n\n<<if $options.bjx_eventTF and $ghost gte 1>>\n\t<span class='wraith'>你集中注意力，使自己无形化。</span>你把自己的脑袋穿过活板门，短暂的穿透刚好能让你看见你先前无法进入的楼梯。在光线如此薄弱的情况下有点难看清，但你应该能够在某一时刻直接离开这鸟地方。\n\t<br><br>\n\t<<link [[穿过活板门|Bird Tower Ghost Descend]]>><</link>>\n\t<br>\n<</if>>"
  },
  {
    "passage": "Bird Tower Look",
    "findString": "<<if $harpy gte 6>>",
    "replace": "/* 北极星模组 */\n<<if !$options.bjx_animal and $harpy gte 6 or $options.bjx_animal and ($transformationParts.bird.wings isnot \"disabled\" or $transformationParts.dragon.wings isnot \"disabled\")>>"
  },
  {
    "passage": "Bird Tower Look",
    "findString": "<<elseif $angel gte 6 or $demon gte 6 or $fallenangel gte 2>>",
    "replace": "<<elseif !$options.bjx_animal and ($angel gte 6 or $demon gte 6 or $fallenangel gte 2) or $options.bjx_animal and ($transformationParts.angel.wings isnot \"disabled\" or $transformationParts.fallenAngel.wings isnot \"disabled\" or $transformationParts.demon.wings isnot \"disabled\" or $transformationParts.bee.wings isnot \"disabled\")>>"
  },
  {
    "passage": "Briar Hack 2",
    "findString": "<<if $harpy gte 6 or $angel gte 6 or $demon gte 6 or $fallenangel gte 2>>",
    "replace": "\t\t/* 北极星模组 */\n\t\t<<if !$options.bjx_animal and ($harpy gte 6 or $angel gte 6 or $demon gte 6 or $fallenangel gte 2) or $options.bjx_animal and ($transformationParts.bird.wings isnot \"disabled\" or $transformationParts.dragon.wings isnot \"disabled\" or $transformationParts.angel.wings isnot \"disabled\" or $transformationParts.fallenAngel.wings isnot \"disabled\" or $transformationParts.demon.wings isnot \"disabled\" or $transformationParts.bee.wings isnot \"disabled\")>>\n\t\t/* 北极星 */"
  },
  {
    "passage": "Brothel Shower",
    "findString": "你洗得干干净净。<<wash>>",
    "replace": "你洗得干干净净。<<wash>>\n/* 北极星模组 */\n<<if $options.bjx_eventTF and $slime gt 0>>\n\t<span class='red'>你忍受着刺痛。\n\t<<violence 20>>\n\t</span>\n<</if>>\n/* 北极星 */"
  },
  {
    "passage": "Bully Rob Reversal 2",
    "findString": "<<link [[继续|Bully Alley Rob]]>><</link>><<skulduggerydifficulty>>\n",
    "replace": "/* 北极星模组 */\n<<link [[继续|Bully Alley Rob]]>><<set $skulduggeryhands to 1>><</link>><<skulduggerydifficulty>>\n/* 北极星 */"
  },
  {
    "passage": "Bus Station Back Door",
    "findString": "<<getouticon>><<link [[离开|Bus Station]]>><</link>>",
    "replace": "/* 北极星模组 */\n<<set $ghostIn to false>>\n<<if $options.bjx_eventTF and $ghost gte 1>>\n\t<span class ='wraith'>只要你集中精力，就能穿越这扇门。</span>\n\t<br>\n\t<<link [[穿越 (0:01)|Industrial alleyways]]>><<pass 1>><<set $ghostIn to true>><</link>>\n\t<br>\n<</if>>\n/* 北极星 */\n<<getouticon>><<link [[离开|Bus Station]]>><</link>>"
  },
  {
    "passage": "Bus Station Back Entrance",
    "findString": "<<alleyicon>><<link [[离开|Industrial alleyways]]>><</link>>",
    "replace": "/* 北极星模组 */\n<<set $ghostIn to false>>\n<<if $options.bjx_eventTF and $ghost gte 1>>\n\t<span class ='wraith'>只要你集中精力，就能穿越这扇门。</span>\n\t<br>\n\t<<link [[穿越 (0:01)|Bus Station]]>><<pass 1>><<set $ghostIn to true>><</link>>\n\t<br>\n<</if>>\n/* 北极星 */<<alleyicon>><<link [[离开|Industrial alleyways]]>><</link>>"
  },
  {
    "passage": "Bus Station Entrance",
    "findString": "<<harvest>><<link [[离开|Harvest Street]]>><</link>>",
    "replace": "/* 北极星模组 */\n<<set $ghostIn to false>>\n<<if $options.bjx_eventTF and $ghost gte 1>>\n\t<span class ='wraith'>只要你集中精力，就能穿越这扇门。</span>\n\t<br>\n\t<<link [[穿越 (0:01)|Bus Station]]>><<pass 1>><<set $ghostIn to true>><</link>>\n\t<br>\n<</if>>\n/* 北极星 */<<harvest>><<link [[离开|Harvest Street]]>><</link>>"
  },
  {
    "passage": "Bus Station Front Door",
    "findString": "<<getouticon>><<link [[离开|Bus Station]]>><</link>>",
    "replace": "/* 北极星模组 */\n<<set $ghostIn to false>>\n<<if $options.bjx_eventTF and $ghost gte 1>>\n\t<span class ='wraith'>只要你集中精力，就能穿越这扇门。</span>\n\t<br>\n\t<<link [[穿越 (0:01)|Harvest Street]]>><<pass 1>><<set $ghostIn to true>><</link>>\n\t<br>\n<</if>>\n/* 北极星 */\n<<getouticon>><<link [[离开|Bus Station]]>><</link>>"
  },
  {
    "passage": "Bus Station Livestock",
    "findString": "<<link [[继续|Street Van Journey]]>><</link>>",
    "replace": "/* 北极星模组 */\n<<if $options.bjx_eventTF and $ghost gte 1>>\n\t<span class ='wraith'>只要你集中精力，就能穿越这扇门。</span>\n\t<br>\n\t<<link [[穿越 (0:01)|Ghost Van Escape]]>><<endevent>><<pass 1>><</link>>\n\t<br>\n<</if>>\n/* 北极星 */\n\n<<link [[继续|Street Van Journey]]>><</link>>"
  },
  {
    "passage": "Castle",
    "findString": "<<if $harpy gte 6 and $syndromebird is 1 and $birdFly gte 1>>",
    "replace": "/* 北极星模组 */\n<<if !$options.bjx_animal and ($harpy gte 6 and $syndromebird is 1 and $birdFly gte 1) or $options.bjx_animal and ($transformationParts.bird.wings isnot \"disabled\" and $syndromebird is 1 and $birdFly gte 1 or $transformationParts.dragon.wings isnot \"disabled\" and $syndromebird is 1)>>\n/* 北极星 */"
  },
  {
    "passage": "Castle",
    "findString": "<<getouticon>><<link [[离开|Moor]]>><<set $moor to 100>><</link>>",
    "replace": "/* 北极星模组 */\n<<link [[奇怪的书|Castle Demon Book]]>><</link>>\n<br>\n<<if $options.bjx_eventTF and $slime gt 0 and $slime isnot 3>>\n    <<link [[隐秘水沟 (0:05)|Pure Pool]]>><<pass 5>><</link>>\n    <br>\n<</if>>\n/* 北极星 */\n<<getouticon>><<link [[离开|Moor]]>><<set $moor to 100>><</link>>"
  },
  {
    "passage": "Chalets Work End",
    "findString": "<<if Time.daystate isnot \"night\" and (Time.weekDay is 1 or Time.weekDay is 7)>>",
    "replace": "/* 北极星模组 */\n<<if Time.dayState isnot \"night\" and (Time.weekDay is 1 or Time.weekDay is 7)>>\n/* 北极星 */\n/*BUG*/"
  },
  {
    "passage": "Christmas Mirror End",
    "findString": "<<link [[继续|Bedroom]]>><<endevent>><<endWraith>><</link>>",
    "replace": "/* 北极星模组 */\n<<if $location is \"lakehouse\">>\n\t<<link [[继续|Lake House Bedroom]]>><<endevent>><<endWraith>><</link>>\n<<else>>\n\t<<link [[继续|Bedroom]]>><<endevent>><<endWraith>><</link>>\n<</if>>\n<br>\n/* 北极星 */"
  },
  {
    "passage": "Churchyard Catacombs Lock",
    "findString": "<<getouticon>><<link [[离开|Churchyard]]>><</link>>",
    "replace": "/* 北极星模组 */\n<<set $ghostIn to false>>\n<<if $options.bjx_eventTF and $ghost gte 1>>\n\t<span class ='wraith'>只要你集中精力，就能穿越这扇门。</span>\n\t<br>\n\t<<link [[穿越 (0:01)|Churchyard Catacombs Sneak]]>><<pass 1>><<set $ghostIn to true>><</link>>\n\t<br>\n<</if>>\n/* 北极星 */\n<<getouticon>><<link [[离开|Churchyard]]>><</link>>"
  },
  {
    "passage": "Churchyard",
    "findString": "<<foresticon>><<link [[进入森林|Forest]]>><<endevent>><<set $forest to 10>><</link>>",
    "replace": "/* 北极星模组 */\n<<if $demonbookread is 1 and Time.dayState is \"night\">>\n    <<link [[召唤仪式|Demon Start]]>><</link>>\n    <br>\n<</if>>\n/* 北极星 */\n<<foresticon>><<link [[进入森林|Forest]]>><<endevent>><<set $forest to 10>><</link>>"
  },
  {
    "passage": "Cliff Street Prisoner Escape Fail Run",
    "findString": "<<elseif $rng gte 60 and $harpy gte 6 and $birdFly gte 1>> /* harpies get a bit more chance */",
    "replace": "/* 北极星模组 */\n\t<<elseif $rng gte 60 and (!$options.bjx_animal and $harpy gte 6 and $birdFly gte 1 or $options.bjx_animal and ($transformationParts.bird.wings isnot \"disabled\" and $birdFly gte 1 or $transformationParts.dragon.wings isnot \"disabled\"))>> /* harpies get a bit more chance */\n\t/* 北极星 */"
  },
  {
    "passage": "Cliff Street",
    "findString": "\t\t\t<<loiter>>\n\t\t<</if>>\n\t\t<<add_link \"<br>快捷小路<br>\">><<hideDisplay>>",
    "replace": "\t\t\t/* 北极星模组 */\n\t\t\t<<if $options.bjx_animal and ($transformationParts.bird.wings isnot \"disabled\" and $birdFly gte 1 or $transformationParts.dragon.wings isnot \"disabled\")>>\n\t\t\t\t<<flywait>>\n\t\t\t<</if>>\n\t\t\t/* 北极星 */\n\t\t\t<<loiter>>\n\t\t<</if>>\n\t\t<<add_link \"<br>快捷小路<br>\">><<hideDisplay>>"
  },
  {
    "passage": "Clothing Shop Sneak",
    "findString": "<<getouticon>><<link [[离开|Shopping Centre Top]]>><</link>>",
    "replace": "\t/* 北极星模组 */\n    <<set $ghostIn to false>>\n    <<if $options.bjx_eventTF and $ghost gte 1>>\n    \t<span class ='wraith'>只要你集中精力，就能穿越这扇门。</span>\n    \t<br>\n    \t<<link [[穿越 (0:01)|Clothing Shop]]>><<set $ghostIn to true>><<pass 1>><</link>>\n    \t<br>\n    <</if>>\n    /* 北极星 */\n\n<<getouticon>><<link [[离开|Shopping Centre Top]]>><</link>>"
  }
]