[
  {
    "passage": "Tentacle Plains",
    "findString": "你在触手平原上。\n<<if $phase is 5>>\n\t当你朝着它想要你去的方向前进时，你感觉到脑子里的史莱姆发出了奇怪的声音。从地面生长出的触手似乎都在避让你，而空气似乎也比先前更加清新。\n\t<<if $tentacleorgasmignore is 0>><<set $tentacleorgasmignore to 1>><</if>>\n<<else>>\n\t从地面生长出的触手伸向你的<<genitals>>，并爱抚着你的大腿和\n\t他们可以到达的任何其他地方。空气是甜的。\n\t<<drugs 10>><<ggarousal>><<arousal 1200>>\n<</if>>",
    "replace": "/* 北极星模组 */\n<<if $options.bjx_divine and $tentacledemonhunter is 1>>\n    你在触手平原上，空气中弥漫着香甜的气息。\n    之前满眼的触手全部消失不见，似乎在刻意躲避着你。\n    <<drugs 10>>\n    <br><br>\n<<elseif $options.bjx_animal and $tentaclefox gte 1>>\n    你在触手平原上，空气中弥漫着香甜的气息。\n    触手从地面伸直伸向你，听从你的安排，温柔地抚摸着你要求被抚摸的地方。\n    <<drugs 10>><<garousal>><<arousal 1200>>\n    <br><br>\n<<else>>\n    你在触手平原上，空气中弥漫着香甜的气息。\n    触手从地面伸直伸向你的<<genitals>>，抚摸着你的大腿和它们可以到达的任何其他地方。\n    <<drugs 10>><<ggarousal>><<arousal 1200>>\n    <br><br>\n<</if>>\n/* 北极星 */"
  },
  {
    "passage": "Tentacle Plains",
    "findString": "<<if $stress gte $stressmax>>\n\t<<passouttentacleworld>>",
    "replace": "<<if $stress gte $stressmax>>\n\t<<passouttentacleworld>>\n/* 北极星模组 */\n<<elseif $arousal gte $arousalmax and $tentaclefox gte 3 and $options.bjx_animal>>\n    <<orgasm>>\n    听着你满足的呻吟，触手们炫耀似的晃动着，似乎在请求你的奖赏。\n\t<br><br>\n    <<link [[奖励它们|Tentacle Plains Admire Sex]]>><<set $sexstart to 1>><</link>>\n    <br>\n    <<link [[告诉它们还不够|Tentacle Plains]]>><</link>>\n    <br>\n<<elseif $arousal gte $arousalmax and $tentacledemonhunter is 1>>\n    <<orgasm>>\n    尽管你又一次高潮了，但那些触手依旧无动于衷，看来同样的伎俩已经骗不到它们，你对此感到一丝遗憾。\n\t<br><br>\n    <<link [[继续|Tentacle Plains]]>><<set $tentacledemonhunter to 1>><</link>>\n    <br>"
  },
  {
    "passage": "Tentacle Plains",
    "findString": "<<elseif $arousal gte $arousalmax and $eventskip isnot 1 and $tentacleorgasmignore lte 0>>\n\t<<orgasm>>\n\t充满活力，你周围的触手比平时飞得更高。他们缠住你的手臂，把你拖到地上。\n\t<br><br>\n\t<<link [[继续|Tentacle Rape]]>><<set $molestationstart to 1>><</link>>\n\t<br>",
    "replace": "<<elseif $arousal gte $arousalmax and $eventskip isnot 1 and $tentacleorgasmignore lte 0>>\n\t<<orgasm>>\n\t充满活力地，你周围的触手猛然间伸出很长。他们缠住你的手臂，把你拖到地上。\n\t<br><br>\n\t<<if $options.bjx_divine and $demonhunter gte 2>>\n\t    触手们迫不及待地蜂拥而来，然而等待它们的却是你滚烫又致命的腐蚀性体液。\n\t    <br><br>\n\t    接触到体液的触手们痛苦地翻滚着，仿佛遇到除草剂的杂草们接连死去。远处的触手们瑟瑟发抖，钻进地里不见了踪影。\n\t    <br><br>\n\t\t<<link [[冷笑|Tentacle Plains]]>><<set $tentacledemonhunter to 1>><</link>><<demonhunter>>\n\t\t<br>\n\t<<else>>\n\t    <<link [[继续|Tentacle Rape]]>><<set $molestationstart to 1>><</link>>\n\t    <br>\n\t<</if>>\n/* 北极星 */"
  },
  {
    "passage": "Tentacle Plains",
    "findString": "\t\t\t<<mirroricon \"blood\">><<link [[漫步|Tentacle Home Return]]>><</link>>",
    "replace": "\t\t\t<<mirroricon \"blood\">><<link [[漫步|Tentacle Home Return]]>><</link>>\n\t\t/* 北极星模组 */\n\t\t<<elseif $tentacleEntrance is \"lakehouse\">>\n\t\t\t你站在镜子前。\n\t\t\t<br>\n\t\t\t<<mirroricon \"blood\">><<link [[走进去|Tentacle Lake House Return]]>><</link>>\n\t\t/* 北极星 */"
  },
  {
    "passage": "Tentacle Plains",
    "findString": "\t<<if $tentnorth lt 5>>",
    "replace": "\t/* 北极星模组 */\n\t<<if $tentnorth is -2 and $tenteast is -2 and $tentcloth isnot 1>>\n\t\t一套造型奇特的衣服悬浮在空中，与胸口齐高，由细长的卷须托着。\n\t\t<br>\n\t\t<<link [[触碰|Living Clothes Discovery]]>><<set $tentcloth to 1>><</link>>\n\t\t<br><br>\n\t<</if>>\n\t/* 北极星 */\n\t<<if $tentnorth lt 5>>"
  },
  {
    "passage": "Tentacle Plains",
    "findString": "\t<<if $fox gte 6>>\n\t\t<<ind>><<link [[寻找能偷的东西|Tentacle Plains Fox]]>><<transform fox 1>><</link>><<fox>>\n\t\t<br>\n\t<</if>>",
    "replace": "\t/* 北极星模组 */\n\t<<if !$options.bjx_animal and $fox gte 6>>\n\t\t<<ind>><<link [[寻找能偷的东西|Tentacle Plains Fox]]>><<transform fox 1>><</link>><<fox>>\n\t\t<br>\t\t\n\t<</if>>\n\t<<if $options.bjx_animal and $fox gte 6>>\n\t\t<<ind>><<link [[尝试调教触手|Tentacle Plains Fox New]]>><<transform fox 1>><</link>><<fox>>\n\t\t<br>\t\t\n\t<</if>>\n\t<<if $options.bjx_animal and $dragon gte 6>>\n\t\t<<ind>><<link [[龙之咆哮|Tentacle Plains Dragon]]>><<transform dragon 1>><</link>><<dragon>>\n\t\t<br>\n\t<</if>>\n\t/* 北极星 */"
  }
]