[
  {
    "passage": "Traits",
    "findString": "{\n\t\t\t\t\tname: \"纯洁提升\",\n\t\t\t\t\tcolour: \"green\",\n\t\t\t\t\thas: $featsPurityBoost gt 0,\n\t\t\t\t\ttext: () => {\n\t\t\t\t\t\tlet dailyPurity = 1;\n\t\t\t\t\t\tif (V.fallenangel >= 2) dailyPurity -= 10;\n\t\t\t\t\t\tif (V.player.virginity.vaginal === true && V.player.virginity.penile === true) dailyPurity += 2;\n\t\t\t\t\t\tif (dailyPurity + V.featsPurityBoost > 0) return \"你每一天都在变得更加纯洁。\";\n\t\t\t\t\t\tif (dailyPurity + V.featsPurityBoost === 0) return \"你并没有在昨天的基础上变得更加纯洁。\";\n\t\t\t\t\t\treturn \"你每天都在失去纯洁度。\";\n\t\t\t\t\t},\n\t\t\t\t}",
    "replace": "{\n\t\t\t\t\tname: \"纯洁提升\",\n\t\t\t\t\tcolour: \"green\",\n\t\t\t\t\thas: $featsPurityBoost gt 0,\n\t\t\t\t\ttext: () => {\n\t\t\t\t\t\tlet dailyPurity = 1;\n\t\t\t\t\t\t/* 北极星模组 */\n\t\t\t\t\t\tif (V.fallenangel >= 2 && V.fallenangel <= 4) dailyPurity -= 10;\n\t\t\t\t\t\t/* 北极星 */\n\t\t\t\t\t\tif (V.player.virginity.vaginal === true && V.player.virginity.penile === true) dailyPurity += 2;\n\t\t\t\t\t\tif (dailyPurity + V.featsPurityBoost > 0) return \"你每一天都在变得更加纯洁.\";\n\t\t\t\t\t\tif (dailyPurity + V.featsPurityBoost === 0) return \"你并没有在昨天的基础上变得更加纯洁。\";\n\t\t\t\t\t\treturn \"你每天都在失去纯洁度。\";\n\t\t\t\t\t},\n\t\t\t\t\ttext: \"你每日都会获得额外的纯洁\",\n\t\t\t\t}"
  },
  {
    "passage": "Traits",
    "findString": "{\n\t\t\t\t\tname: \"纯洁破坏\",\n\t\t\t\t\tcolour: \"red\",\n\t\t\t\t\thas: $featsPurityBoost lt 0,\n\t\t\t\t\ttext: () => {\n\t\t\t\t\t\tlet dailyPurity = 1;\n\t\t\t\t\t\tif (V.fallenangel >= 2) dailyPurity -= 10;\n\t\t\t\t\t\tif (V.player.virginity.vaginal === true && V.player.virginity.penile === true) dailyPurity += 2;\n\t\t\t\t\t\tif (dailyPurity + V.featsPurityBoost > 0) return \"你的纯洁每天都在下降。\";\n\t\t\t\t\t\tif (dailyPurity + V.featsPurityBoost === 0) return \"你并没有在昨天的基础上变得更加纯洁。\";\n\t\t\t\t\t\treturn \"你每天都在失去纯洁度。\";\n\t\t\t\t\t},\n\t\t\t\t}",
    "replace": "{\n\t\t\t\t\tname: \"纯洁破坏\",\n\t\t\t\t\tcolour: \"red\",\n\t\t\t\t\thas: $featsPurityBoost lt 0,\n\t\t\t\t\ttext: () => {\n\t\t\t\t\t\tlet dailyPurity = 1;\n\t\t\t\t\t\t/* 北极星模组 */\n\t\t\t\t\t\tif (V.fallenangel >= 2 && V.fallenangel <= 4) dailyPurity -= 10;\n\t\t\t\t\t\t/* 北极星 */\n\t\t\t\t\t\tif (V.player.virginity.vaginal === true && V.player.virginity.penile === true) dailyPurity += 2;\n\t\t\t\t\t\tif (dailyPurity + V.featsPurityBoost > 0) return \"你的纯洁每天都在下降。\";\n\t\t\t\t\t\tif (dailyPurity + V.featsPurityBoost === 0) return \"你并没有在昨天的基础上变得更加纯洁。\";\n\t\t\t\t\t\treturn \"你每天都在失去纯洁度。\";\n\t\t\t\t\t},\n\t\t\t\t}"
  },
  {
    "passage": "Traits",
    "findString": "{\n\t\t\t\t\tname: \"狼<<girl>>\",\n\t\t\t\t\tcolour: \"grey\",\n\t\t\t\t\thas: $wolfgirl gte 6,\n\t\t\t\t\ttext: \"野性的灵魂与你融为一体，随着时间的推移，你的反抗也会随之增加，同时你的耳朵和尾巴会让你更显眼\",\n\t\t\t\t},\n\t\t\t\t{\n\t\t\t\t\tname: \"猫<<girl>>\",\n\t\t\t\t\tcolour: \"grey\",\n\t\t\t\t\thas: $cat gte 6,\n\t\t\t\t\ttext: '你有一种舔舐奶油的冲动。身上带着淫秽液体跳舞时会解锁\"理毛\"动作，同时你的耳朵和尾巴也使你更显眼',\n\t\t\t\t},\n\t\t\t\t{\n\t\t\t\t\tname: () => {\n\t\t\t\t\t\tif(V.player.gender_appearance is \"m\"){\n\t\t\t\t\t\t\tif(V.player.gender is \"f\"){\n\t\t\t\t\t\t\t\treturn \"公牛男孩(♀)\";\n\t\t\t\t\t\t\t}\n\t\t\t\t\t\t\treturn \"公牛男孩\";\n\t\t\t\t\t\t}else{\n\t\t\t\t\t\t\tif(V.player.gender is \"m\"){\n\t\t\t\t\t\t\t\treturn \"奶牛女孩(♂)\";\n\t\t\t\t\t\t\t}\n\t\t\t\t\t\t\treturn \"奶牛女孩\";\n\t\t\t\t\t\t}\n\t\t\t\t\t},\n\t\t\t\t\tcolour: \"brat\",\n\t\t\t\t\thas: $cow gte 6,\n\t\t\t\t\ttext: \"你渴望被挤奶。牛奶和精液量得到增加，同时某些身体部位可能会增长。你的角、耳朵和尾巴会让你更加显眼\",\n\t\t\t\t},\n\t\t\t\t{\n\t\t\t\t\tname: () => V.hallucinations gte 2 || V.bestialitydisable is \"t\" ? \"哈比\" : \"鸟<<girl>>\",\n\t\t\t\t\tcolour: \"grey\",\n\t\t\t\t\thas: $harpy gte 6,\n\t\t\t\t\ttext: \"天空在召唤\",\n\t\t\t\t},\n\t\t\t\t{\n\t\t\t\t\tname: () => {\n\t\t\t\t\t\tif(V.player.gender_appearance is \"m\"){\n\t\t\t\t\t\t\tif(V.player.gender is \"f\"){\n\t\t\t\t\t\t\t\treturn \"雄狐(♀)\";\n\t\t\t\t\t\t\t}\n\t\t\t\t\t\t\treturn \"雄狐\";\n\t\t\t\t\t\t}else{\n\t\t\t\t\t\t\tif(V.player.gender is \"m\"){\n\t\t\t\t\t\t\t\treturn \"雌狐(♂)\";\n\t\t\t\t\t\t\t}\n\t\t\t\t\t\t\treturn \"雌狐\";\n\t\t\t\t\t\t}\n\t\t\t\t\t},\n\t\t\t\t\tcolour: \"\",\n\t\t\t\t\tstyle: `background: linear-gradient(to right,#fe9000 0%, #ffffff 100%);-webkit-background-clip: text;-webkit-text-fill-color: transparent;`,\n\t\t\t\t\thas: $fox gte 6,\n\t\t\t\t\ttext: \"你渴望将他人财物据为己有，这将加强诡术能力。毛茸茸的耳朵和大尾巴使你更加诱人，且更具魅力。\",\n\t\t\t\t},",
    "replace": "/* 北极星模组 */\n\t\t\t\t{\n\t\t\t\t\tname: \"狼<<girl>>\",\n\t\t\t\t\tcolour: \"grey\",\n\t\t\t\t\thas: $wolfgirl gte 6,\n\t\t\t\t\ttext: ($options.bjx_animal ? '野性的灵魂与你融为一体，伤害敌人使你兴奋，你的施虐每天都会上升。同时解锁\"咆哮\"行动，可以威慑敌人或用于调情' : \"野性的灵魂与你融为一体，随着时间的推移，你的反抗也会随之增加，同时你的耳朵和尾巴会让你更显眼\"),\n\t\t\t\t},\n\t\t\t\t{\n\t\t\t\t\tname: \"猫<<girl>>\",\n\t\t\t\t\tcolour: \"grey\",\n\t\t\t\t\thas: $cat gte 6,\n\t\t\t\t\ttext: ($options.bjx_animal ? '你有一种舔舐奶油的冲动，带着淫秽液体跳舞时解锁\"理毛\"动作。同时你迅捷灵敏，大幅增强舞蹈能力，且舞蹈时能够躲避霉运' : '你有一种舔舐奶油的冲动。身上带着淫秽液体跳舞时会解锁\"理毛\"动作，同时你的耳朵和尾巴也使你更显眼'),\n\t\t\t\t},\n\t\t\t\t{\n\t\t\t\t\tname: () => {\n\t\t\t\t\t\tif(V.player.gender_appearance is \"m\"){\n\t\t\t\t\t\t\tif(V.player.gender is \"f\"){\n\t\t\t\t\t\t\t\treturn \"公牛男孩(♀)\";\n\t\t\t\t\t\t\t}\n\t\t\t\t\t\t\treturn \"公牛男孩\";\n\t\t\t\t\t\t}else{\n\t\t\t\t\t\t\tif(V.player.gender is \"m\"){\n\t\t\t\t\t\t\t\treturn \"奶牛女孩(♂)\";\n\t\t\t\t\t\t\t}\n\t\t\t\t\t\t\treturn \"奶牛女孩\";\n\t\t\t\t\t\t}\n\t\t\t\t\t},\n\t\t\t\t\tcolour: \"brat\",\n\t\t\t\t\thas: $cow gte 6,\n\t\t\t\t\ttext: ($options.bjx_animal ? \"你渴望被挤奶。牛奶和精液量增加，某些身体部位会增长。同时你的意志无比坚韧，意志不会每天衰减\" : \"你渴望被挤奶。牛奶和精液量得到增加，同时某些身体部位可能会增长。你的角、耳朵和尾巴会让你更加显眼\"),\n\t\t\t\t},\n\t\t\t\t{\n\t\t\t\t\tname: () => V.hallucinations gte 2 || V.bestialitydisable is \"t\" ? \"哈比\" : \"鸟<<girl>>\",\n\t\t\t\t\tcolour: \"grey\",\n\t\t\t\t\thas: $harpy gte 6,\n\t\t\t\t\ttext: ($options.bjx_animal ? '天空在召唤，你的翅膀足以带你翱翔天际，解锁\"唱歌\"行动，可以大幅减少对方愤怒' : \"天空在召唤\"),\n\t\t\t\t},\n\t\t\t\t{\n\t\t\t\t\tname: () => {\n\t\t\t\t\t\tif(V.player.gender_appearance is \"m\"){\n\t\t\t\t\t\t\tif(V.player.gender is \"f\"){\n\t\t\t\t\t\t\t\treturn \"狐狸(♀)\";\n\t\t\t\t\t\t\t}\n\t\t\t\t\t\t\treturn \"狐狸\";\n\t\t\t\t\t\t}else{\n\t\t\t\t\t\t\tif(V.player.gender is \"m\"){\n\t\t\t\t\t\t\t\treturn \"雌狐(♂)\";\n\t\t\t\t\t\t\t}\n\t\t\t\t\t\t\treturn \"雌狐\";\n\t\t\t\t\t\t}\n\t\t\t\t\t},\n\t\t\t\t\tcolour: \"\",\n\t\t\t\t\tstyle: `background: linear-gradient(to right,#fe9000 0%, #ffffff 100%);-webkit-background-clip: text;-webkit-text-fill-color: transparent;`,\n\t\t\t\t\thas: $fox gte 6,\n\t\t\t\t\ttext: ($options.bjx_animal ? '你天生媚骨，一颦一笑勾人心魄，大幅提高容貌且更具吸引力。同时解锁\"撒娇\"行动，大幅增加对方信任' : \"你有占取他人财物的强烈冲动。这将加强偷窃能力，同时你的耳朵和尾巴使你更加诱人，且更具吸引力\"),\n\t\t\t\t},\n\t\t\t\t/* 北极星 */"
  },
  {
    "passage": "Traits",
    "findString": "{\n\t\t\t\t\tname: \"锐目\",\n\t\t\t\t\tcolour: \"def\",\n\t\t\t\t\thas: $transformationParts.traits.sharpEyes isnot \"disabled\",\n\t\t\t\t\ttext: \"你明察秋毫，+5%诡术\",\n\t\t\t\t},",
    "replace": "/* 北极星模组 */\n\t\t\t\t{\n\t\t\t\t\tname: \"锐利的眼神\",\n\t\t\t\t\tcolour: \"gold\",\n\t\t\t\t\thas: $transformationParts.traits.sharpEyes isnot \"disabled\",\n\t\t\t\t\ttext: \"没有谁能逃过你的眼睛，+5%诡术\",\n\t\t\t\t},\n\t\t\t\t{\n\t\t\t\t\tname: \"蜥蜴之眼\",\n\t\t\t\t\tcolour: \"gold\",\n\t\t\t\t\thas: $options.bjx_animal and $transformationParts.lizard.eyes isnot \"disabled\",\n\t\t\t\t\ttext: \"你的眼睛不会放过每处细微，+5%诡术\",\n\t\t\t\t},\n\t\t\t\t{\n\t\t\t\t\tname: \"龙睛\",\n\t\t\t\t\tcolour: \"gold\",\n\t\t\t\t\thas: $options.bjx_animal and $transformationParts.dragon.eyes isnot \"disabled\",\n\t\t\t\t\ttext: \"你的眼睛甚至比鹰眼还要犀利，+10%诡术\",\n\t\t\t\t},\n\t\t\t\t{\n\t\t\t\t\tname: \"龙翼\",\n\t\t\t\t\tcolour: \"gold\",\n\t\t\t\t\thas: $options.bjx_animal and $transformationParts.dragon.wings isnot \"disabled\",\n\t\t\t\t\ttext: \"你是天空的主宰者，你可以快速飞越整个小镇\",\n\t\t\t\t},\n\t\t\t\t{\n\t\t\t\t\tname: \"龙性本淫\",\n\t\t\t\t\tcolour: \"gold\",\n\t\t\t\t\thas: $options.bjx_animal and $dragon gte 6,\n\t\t\t\t\ttext: '你可以在对手高潮后强行再做一次，对方越虚弱成功率越高',\n\t\t\t\t},\n\t\t\t\t{\n\t\t\t\t\tname: \"大容量肺\",\n\t\t\t\t\tcolour: \"lblue\",\n\t\t\t\t\thas: $options.bjx_animal and $transformationParts.traits.lungs isnot \"disabled\",\n\t\t\t\t\ttext: \"你现在可以屏息更长时间\",\n\t\t\t\t},\n\t\t\t\t{\n\t\t\t\t\tname: \"盗圣本能\",\n\t\t\t\t\tstyle: `background: linear-gradient(to bottom,#FFFFF0 0%, #00000F 150%);-webkit-background-clip: text;-webkit-text-fill-color: transparent;`,\n\t\t\t\t\thas: $options.bjx_animal and $raccoon gte 6,\n\t\t\t\t\ttext: \"你每天都会产生一种新的犯罪冲动，当天进行此类犯罪时不会留下证据\",\n\t\t\t\t},\n\t\t\t\t{\n\t\t\t\t\tname: \"易容术\",\n\t\t\t\t\tstyle: `background: linear-gradient(to bottom,#FFFFF0 0%, #00000F 150%);-webkit-background-clip: text;-webkit-text-fill-color: transparent;`,\n\t\t\t\t\thas: $options.bjx_animal and $transformationParts.traits.incognito isnot \"disabled\",\n\t\t\t\t\ttext: \"你使用易容术伪装了脸部，你的美貌将不会增加你的诱惑力\",\n\t\t\t\t},\n\t\t\t\t{\n\t\t\t\t\tname: \"受虐之羊\",\n\t\t\t\t\tcolour: \"green\",\n\t\t\t\t\thas: $options.bjx_animal and $sheep gte 6,\n\t\t\t\t\ttext: \"你是天生的受虐狂，你渴望疼痛，你的受虐狂会每日增加\",\n\t\t\t\t},\n\t\t\t\t{\n\t\t\t\t\tname: \"蜂之毒刺\",\n\t\t\t\t\tcolour: \"yellow\",\n\t\t\t\t\thas: $options.bjx_animal and $transformationParts.bee.tail is \"default\",\n\t\t\t\t\ttext: \"你可以用尾巴刺击敌人，造成伤害并注入毒素，使之逐渐失去生命\",\n\t\t\t\t},\n\t\t\t\t{\n\t\t\t\t\tname: \"森林是我家\",\n\t\t\t\t\tcolour: \"green\",\n\t\t\t\t\thas: $options.bjx_animal and $deer gte 6,\n\t\t\t\t\ttext: \"你受到森林的庇护，可以在森林中自由穿梭，并避开潜在的危险\",\n\t\t\t\t},\n\t\t\t\t{\n\t\t\t\t\tname: \"香甜之梦\",\n\t\t\t\t\tcolour: \"purple\",\n\t\t\t\t\thas: $options.bjx_animal and ($sheep gte 6 or $bear gte 2 or $pig gte 6),\n\t\t\t\t\ttext: \"你睡得无比安稳，做甜甜的美梦，减少大量压力\",\n\t\t\t\t},\n\t\t\t\t{\n\t\t\t\t\tname: \"蜥蜴再生\",\n\t\t\t\t\tcolour: \"brat\",\n\t\t\t\t\thas: $options.bjx_animal and $lizard gte 6,\n\t\t\t\t\ttext: \"你拥有强大的再生力，在危机时刻可以迅速恢复生命力\",\n\t\t\t\t},\n\t\t\t\t{\n\t\t\t\t\tname: \"水战精通\",\n\t\t\t\t\tcolour: \"blue\",\n\t\t\t\t\thas: $options.bjx_animal and $dolphin gte 6,\n\t\t\t\t\ttext: \"你对海洋无比熟悉，精通水战，在水中战斗时可以造成更高伤害\",\n\t\t\t\t},\n\t\t\t\t{\n\t\t\t\t\tname: \"聪明伶俐\",\n\t\t\t\t\tcolour: \"blue\",\n\t\t\t\t\thas: $options.bjx_animal and $dolphin gte 6,\n\t\t\t\t\ttext: \"你变得聪明伶俐，记忆力增强，学科水平提高，且学科成绩不再随时间下降\",\n\t\t\t\t},\n\t\t\t\t{\n\t\t\t\t\tname: \"大海是我家\",\n\t\t\t\t\tcolour: \"blue\",\n\t\t\t\t\thas: $options.bjx_animal and $fish gte 6,\n\t\t\t\t\ttext: \"你是大海的宠儿，在水里会感到安逸与轻松，逐渐减少压力\",\n\t\t\t\t},\n\t\t\t\t{\n\t\t\t\t\tname: \"摇尾祈怜\",\n\t\t\t\t\tcolour: \"pink\",\n\t\t\t\t\thas: $options.bjx_animal and $transformationParts.dog.tail is \"default\",\n\t\t\t\t\ttext: \"战斗中你可以摇动尾巴，讨好对方，每次战斗第一次摇尾巴还会增加对方好感\",\n\t\t\t\t},\n\t\t\t\t{\n\t\t\t\t\tname: \"蜘蛛毒牙\",\n\t\t\t\t\tcolour: \"purple\",\n\t\t\t\t\thas: $options.bjx_animal and $spider gte 6,\n\t\t\t\t\ttext: \"你的牙齿充满剧毒，咬敌人时会同时注入毒素，使之逐渐失去生命\",\n\t\t\t\t},\n\t\t\t\t{\n\t\t\t\t\tname: \"蜘蛛丝\",\n\t\t\t\t\tcolour: \"purple\",\n\t\t\t\t\thas: $options.bjx_animal and $transformationParts.spider.tail is \"default\",\n\t\t\t\t\ttext: \"你可以每天储存蛛丝，在战斗中从尾部射出，网住束缚敌人\",\n\t\t\t\t},\n\t\t\t\t{\n\t\t\t\t\tname: \"蛙之捕食\",\n\t\t\t\t\tcolour: \"green\",\n\t\t\t\t\thas: $options.bjx_animal and $frog gte 6,\n\t\t\t\t\ttext: \"你的舌头又长又灵活，你可以用它捕食一些小型蚊虫\",\n\t\t\t\t},\n\t\t\t\t{\n\t\t\t\t\tname: \"肥力便便\",\n\t\t\t\t\tcolour: \"green\",\n\t\t\t\t\thas: $options.bjx_animal and $pig gte 6,\n\t\t\t\t\ttext: \"你的便便充满肥力，每天三次，你可以用之给土地施肥\",\n\t\t\t\t},\n\t\t\t\t{\n\t\t\t\t\tname: \"龙息\",\n\t\t\t\t\tstyle: `background: linear-gradient(to bottom,#FFFFF0 0%, #FF0000 150%);-webkit-background-clip: text;-webkit-text-fill-color: transparent;`,\n\t\t\t\t\thas: $options.bjx_animal and $dragon gte 6,\n\t\t\t\t\ttext: \"你的龙族天性被完全唤醒，使你可以向袭击者喷火\",\n\t\t\t\t},\n\t\t\t\t{\n\t\t\t\t\tname: \"熊壮\",\n\t\t\t\t\tstyle: `background: linear-gradient(to bottom,#FFFFFF 0%, #997950 150%);-webkit-background-clip: text;-webkit-text-fill-color: transparent;`,\n\t\t\t\t\thas: $options.bjx_animal and $bear gte 6,\n\t\t\t\t\ttext: \"你的小身体蕴含着大力量，天生巨力，体格大大增加\",\n\t\t\t\t},\n\t\t\t\t{\n\t\t\t\t\tname: \"强健大腿\",\n\t\t\t\t\tcolour: \"def\",\n\t\t\t\t\thas: $options.bjx_animal and $transformationParts.traits.kicks isnot \"disabled\",\n\t\t\t\t\ttext: \"你的踢击非常致命\",\n\t\t\t\t},\n\t\t\t\t{\n\t\t\t\t\tname: \"蛙蹼\",\n\t\t\t\t\tcolour: \"lblue\",\n\t\t\t\t\thas: $options.bjx_animal and $transformationParts.traits.webbedfeet isnot \"disabled\",\n\t\t\t\t\ttext: \"你的游泳水平提高\",\n\t\t\t\t},\n\t\t\t\t{\n\t\t\t\t\tname: \"长舌\",\n\t\t\t\t\tcolour: \"lewd\",\n\t\t\t\t\thas: $options.bjx_animal and $transformationParts.traits.longtongue isnot \"disabled\",\n\t\t\t\t\ttext: \"你的舌头又长又灵活，能在遭遇战时增强舔舐效果\",\n\t\t\t\t},\n\t\t\t\t{\n\t\t\t\t\tname: \"灵敏的鼻子\",\n\t\t\t\t\tcolour: \"green\",\n\t\t\t\t\thas: $options.bjx_animal and $transformationParts.traits.strongnose isnot \"disabled\",\n\t\t\t\t\ttext: \"你可以嗅出有活性的植物样本，从而提高收获量\",\n\t\t\t\t},\n\t\t\t\t{\n\t\t\t\t\tname: \"活力四射\",\n\t\t\t\t\tstyle: `background: linear-gradient(to bottom,#FFFF00 50%, #00000F 150%);-webkit-background-clip: text;-webkit-text-fill-color: transparent;`,\n\t\t\t\t\thas: $options.bjx_animal and $transformationParts.traits.vigorous isnot \"disabled\",\n\t\t\t\t\ttext: \"你的耐力和运动能力近乎超人\",\n\t\t\t\t},\n\t\t\t\t{\n\t\t\t\t\tname: \"海洋生灵\",\n\t\t\t\t\tstyle: `background: linear-gradient(to bottom,#FFFFFF 30%, #000FFF 140%);-webkit-background-clip: text;-webkit-text-fill-color: transparent;`,\n\t\t\t\t\thas: $options.bjx_animal and $fish gte 6 or $options.bjx_eventTF and $ghost is 4,\n\t\t\t\t\ttext: \"你可以从水中吸收氧气，并可以在水中说话\",\n\t\t\t\t},\n\t\t\t\t{\n\t\t\t\t\tname: \"冲击吸收\",\n\t\t\t\t\tcolour: \"green\",\n\t\t\t\t\thas: $options.bjx_eventTF and $slime gt 0,\n\t\t\t\t\ttext: \"如果条件允许，你柔韧的身体可以抵抗攻击，并在战斗结束后自行恢复\",\n\t\t\t\t},\n\t\t\t\t{\n\t\t\t\t\tname: \"感性粘液\",\n\t\t\t\t\tcolour: \"purple\",\n\t\t\t\t\thas: $options.bjx_eventTF and $slime is 2,\n\t\t\t\t\ttext: \"你体内的春药会在你使用性技时增强对方的性奋增长\",\n\t\t\t\t},\n\t\t\t\t{\n\t\t\t\t\tname: \"腐蚀\",\n\t\t\t\t\tcolour: \"def\",\n\t\t\t\t\thas: $options.bjx_eventTF and $slime is 1,\n\t\t\t\t\ttext: \"下水道中的有害物质渗透到了你的体内。你在遭遇战时的反抗行动得到加强\",\n\t\t\t\t},\n\t\t\t\t{\n\t\t\t\t\tname: \"坚不可摧\",\n\t\t\t\t\tcolour: \"blue\",\n\t\t\t\t\thas: $options.bjx_eventTF and $slime is 3,\n\t\t\t\t\ttext: \"你史莱姆化的身体是纯净无瑕的，你对疼痛的忍耐力无人能及\",\n\t\t\t\t},\n\t\t\t\t{\n\t\t\t\t\tname: \"滑溜溜\",\n\t\t\t\t\tcolour: \"green\",\n\t\t\t\t\thas: $options.bjx_eventTF and $slime gt 0,\n\t\t\t\t\ttext: \"尝试逃脱 <i>抓握</i> 更容易成功，但是捆绑和镣铐不行\",\n\t\t\t\t},\n\t\t\t\t{\n\t\t\t\t\tname: \"粘液身体\",\n\t\t\t\t\tcolour: \"green\",\n\t\t\t\t\thas: $options.bjx_eventTF and $slime gt 0,\n\t\t\t\t\ttext: \"你史莱姆化的身体不再需要你主动呼吸，但长时间与水接触会让你溶化\",\n\t\t\t\t},\n\t\t\t\t{\n\t\t\t\t\tname: \"无实体\",\n\t\t\t\t\tcolour: \"wraith\",\n\t\t\t\t\thas: $options.bjx_eventTF and $transformationParts.ghost.eyes isnot \"disabled\",\n\t\t\t\t\ttext: \"你可以将身体灵体化，上锁的门对你不再是障碍，也可以在战斗中避免伤害\",\n\t\t\t\t},\n\t\t\t\t{\n\t\t\t\t\tname: \"纯灵体\",\n\t\t\t\t\tcolour: \"wraith\",\n\t\t\t\t\thas: $options.bjx_eventTF and $ghost is 1,\n\t\t\t\t\ttext: \"你是纯粹的灵体，你的能量上限和能量恢复增加50%\",\n\t\t\t\t},\n\t\t\t\t{\n\t\t\t\t\tname: \"冰灵体\",\n\t\t\t\t\tcolour: \"lblue\",\n\t\t\t\t\thas: $options.bjx_eventTF and $ghost is 2,\n\t\t\t\t\ttext: \"你是冰雪的灵体，温度越冷你越轻松，可以在寒冷状态下抵御并减少压力\",\n\t\t\t\t},\n\t\t\t\t{\n\t\t\t\t\tname: \"炎灵体\",\n\t\t\t\t\tcolour: \"orange\",\n\t\t\t\t\thas: $options.bjx_eventTF and $ghost is 3,\n\t\t\t\t\ttext: \"你是火焰的灵体，温度越热你越活力，可以在炎热状态下抵御并减少疲劳\",\n\t\t\t\t},\n\t\t\t\t{\n\t\t\t\t\tname: \"孢子信息素\",\n\t\t\t\t\tcolour: \"yellow\",\n\t\t\t\t\thas: $options.bjx_eventTF and $mushroom gt 0,\n\t\t\t\t\ttext: \"你身上的孢子散发着信息素，可以驱散人和动物避开你，也可以用于催情增强诱惑效果\",\n\t\t\t\t},\n\t\t\t\t{\n\t\t\t\t\tname: \"夜猫子\",\n\t\t\t\t\tcolour: \"yellow\",\n\t\t\t\t\thas: $options.bjx_eventTF and $mushroom gt 0,\n\t\t\t\t\ttext: \"你可以在室内或夜间缓缓治愈伤痛和缓解压力\",\n\t\t\t\t},\n\t\t\t\t{\n\t\t\t\t\tname: \"保护伞\",\n\t\t\t\t\tcolour: \"yellow\",\n\t\t\t\t\thas: $options.bjx_eventTF and $mushroom gt 0,\n\t\t\t\t\ttext: \"你的蘑菇帽可以作为防雨头套\",\n\t\t\t\t},\n\t\t\t\t{\n\t\t\t\t\tname: \"真菌绽放\",\n\t\t\t\t\tcolour: \"yellow\",\n\t\t\t\t\thas: $options.bjx_eventTF and $mushroom gt 0,\n\t\t\t\t\ttext: \"你可以在镜子前生成有机的蘑菇服装\",\n\t\t\t\t},\n\t\t\t\t{\n\t\t\t\t\tname: \"无尽成长\",\n\t\t\t\t\tcolour: \"yellow\",\n\t\t\t\t\thas: $options.bjx_eventTF and $mushroom gt 0,\n\t\t\t\t\ttext: \"你的身体正在储存营养，如果你能储存足够多的营养，你可以进化自身并强化蘑菇能力\",\n\t\t\t\t},\n\t\t\t\t{\n\t\t\t\t\tname: \"死域霜寒\",\n\t\t\t\t\tcolour: \"lblue\",\n\t\t\t\t\thas: $options.bjx_eventTF and $ghost is 2,\n\t\t\t\t\ttext: \"你可以消耗能量释放霜寒灵能，使体温急速降低，攻击时有20%几率冰冻敌人\",\n\t\t\t\t},\n\t\t\t\t{\n\t\t\t\t\tname: \"烈焰缠身\",\n\t\t\t\t\tcolour: \"orange\",\n\t\t\t\t\thas: $options.bjx_eventTF and $ghost is 3,\n\t\t\t\t\ttext: \"你可以消耗能量释放烈焰灵能，用烈焰包裹全身，被攻击时将反弹等量伤害\",\n\t\t\t\t},\n\t\t\t\t{\n\t\t\t\t\tname: \"海洋葬歌\",\n\t\t\t\t\tcolour: \"blue\",\n\t\t\t\t\thas: $options.bjx_eventTF and $ghost is 4,\n\t\t\t\t\ttext: \"你可以消耗能量奏响海洋葬歌，你的攻击将会吸取敌人生命力，恢复自身\",\n\t\t\t\t},\n\t\t\t\t/* 北极星 */"
  },
  {
    "passage": "Traits",
    "findString": "{\n\t\t\t\t\tname: \"强壮的双角\",\n\t\t\t\t\tcolour: \"def\",\n\t\t\t\t\thas: $cow gte 2 and $demon lt 2,\n\t\t\t\t\ttext: \"头槌不会再伤害到你自己\",\n\t\t\t\t},",
    "replace": "\t/* 北极星模组 */\n\t\t\t\t{\n\t\t\t\t\tname: \"强壮的双角\",\n\t\t\t\t\tcolour: \"def\",\n\t\t\t\t\thas: !$options.bjx_animal and ($cow gte 2 and $demon lt 2) or $options.bjx_animal and ($chimera.demoncow.horns isnot \"default\" and ($transformationParts.cow.horns isnot \"disabled\" or $transformationParts.sheep.horns isnot \"disabled\" or $transformationParts.dragon.horns isnot \"disabled\")),\n\t\t\t\t\ttext: \"头槌不会再伤害到你自己\",\n\t\t\t\t},\n\t\t\t\t{\n\t\t\t\t\tname: \"深色利角\",\n\t\t\t\t\tcolour: \"def\",\n\t\t\t\t\thas: !$options.bjx_animal and ($cow lt 2 and $demon gte 2) or $options.bjx_animal and ($chimera.demoncow.horns isnot \"default\" and ($transformationParts.demon.horns isnot \"disabled\" or $transformationParts.deer.horns isnot \"disabled\")),\n\t\t\t\t\ttext: \"头槌会造成双倍的伤害\",\n\t\t\t\t},\n\t\t\t\t{\n\t\t\t\t\tname: \"复合犄角\",\n\t\t\t\t\tcolour: \"def\",\n\t\t\t\t\thas: !$options.bjx_animal and ($cow gte 2 and $demon gte 2) or $options.bjx_animal and ($chimera.demoncow.horns is \"default\"),\n\t\t\t\t\ttext: \"你的头槌无人能挡。现在头槌可以造成四倍的伤害，且不会对你造成伤害\",\n\t\t\t\t},\n\t\t\t\t/* 北极星 */"
  },
  {
    "passage": "Traits",
    "findString": "{\n\t\t\t\t\tname: \"终生伴侣\",\n\t\t\t\t\tcolour: \"\",\n\t\t\t\t\tstyle: `background: linear-gradient(to right,#e646c6 0%, #ffffff 100%);-webkit-background-clip: text;-webkit-text-fill-color: transparent;`,\n\t\t\t\t\thas: $transformationParts.traits.mateForLife isnot \"disabled\",\n\t\t\t\t\ttext: \"与你的爱侣同眠或做爱会获得增益，但更换爱侣会造成压力和创伤。\",\n\t\t\t\t},\n\t\t\t\t{\n\t\t\t\t\tname: \"堕天使\",\n\t\t\t\t\tcolour: \"black\",\n\t\t\t\t\thas: $fallenangel gte 3,\n\t\t\t\t\ttext: '世界是如此残酷，虽然你感到自己的纯洁正与日俱减，但你不会放弃你自己。解锁\"讥讽\"行动。',\n\t\t\t\t},\n\t\t\t\t{\n\t\t\t\t\tname: \"堕天使\",\n\t\t\t\t\tcolour: \"black\",\n\t\t\t\t\thas: $fallenangel is 2,\n\t\t\t\t\ttext: \"世界是如此残酷。你感到自己的纯洁正在与日俱减\",\n\t\t\t\t},\n\t\t\t\t{\n\t\t\t\t\tname: \"天使\",\n\t\t\t\t\tcolour: \"gold\",\n\t\t\t\t\thas: $angel gte 6,\n\t\t\t\t\ttext: '你散发着纯洁的光芒，每次战斗时可解锁一次\"宽恕\"行动，消除本场战斗已经获得的创伤。但要小心，失去你的贞操会使你失去这一特性，并使你的光环破碎',\n\t\t\t\t},\n\t\t\t\t{\n\t\t\t\t\tname: () => {\n\t\t\t\t\t\tif(V.player.gender_appearance is \"m\"){\n\t\t\t\t\t\t\tif(V.player.gender is \"f\"){\n\t\t\t\t\t\t\t\treturn \"魅影(♀)\";\n\t\t\t\t\t\t\t}\n\t\t\t\t\t\t\treturn \"魅影\";\n\t\t\t\t\t\t}else{\n\t\t\t\t\t\t\tif(V.player.gender is \"m\"){\n\t\t\t\t\t\t\t\treturn \"魅魔(♂)\";\n\t\t\t\t\t\t\t}\n\t\t\t\t\t\t\treturn \"魅魔\";\n\t\t\t\t\t\t}\n\t\t\t\t\t},\n\t\t\t\t\tcolour: \"red\",\n\t\t\t\t\thas: $demon gte 6,\n\t\t\t\t\ttext: \"你失去了纯洁，所以每当有东西在你体内射精，或者你在别的体内射精时，你会减少创伤。触手能减少压力和痛苦，但不能减少创伤。一定要小心，保有任何纯洁而不是以最低限度的纯洁来结束一天的话，你将会收到意想不到的压力\",\n\t\t\t\t},\n\t\t\t\t{\n\t\t\t\t\tname: \"圣光璀璨\",\n\t\t\t\t\tcolour: \"gold\",\n\t\t\t\t\thas: $angel gte 4,\n\t\t\t\t\ttext: '你纯洁无瑕，这将解锁\"放逐\"行动，使用次数基于你的天使化程度。这可以对一个触手造成重创，且在达到最大纯洁时，其强度会大大增加。今日所剩次数：($angelBanish / $angelBanishMax)',\n\t\t\t\t},\n\t\t\t\t{\n\t\t\t\t\tname: \"暗黑利角\",\n\t\t\t\t\tcolour: \"def\",\n\t\t\t\t\thas: $cow lt 2 and $demon gte 2,\n\t\t\t\t\ttext: \"头槌会造成双倍的伤害\",\n\t\t\t\t},\n\t\t\t\t{\n\t\t\t\t\tname: \"复合犄角\",\n\t\t\t\t\tcolour: \"def\",\n\t\t\t\t\thas: $cow gte 2 and $demon gte 2,\n\t\t\t\t\ttext: \"你的头槌无人能挡。现在头槌可以造成四倍的伤害，且不会对你造成伤害\",\n\t\t\t\t},\n\t\t\t\t{\n\t\t\t\t\tname: \"强健羽翼\",\n\t\t\t\t\tcolour: \"gold\",\n\t\t\t\t\thas: $harpy gte 6 and $birdFly gte 1,\n\t\t\t\t\ttext: \"使你能从高处滑翔，并在顺风处飞行\",\n\t\t\t\t},\n\t\t\t\t{\n\t\t\t\t\tname: \"翅膀\",\n\t\t\t\t\tcolour: \"grey\",\n\t\t\t\t\thas: !($harpy gte 6 and $birdFly gte 1) and ($angel gte 6 or $fallenangel gte 2 or $demon gte 6 or $harpy gte 6),\n\t\t\t\t\ttext: \"使你能从高处滑翔\",\n\t\t\t\t},",
    "replace": "{\n\t\t\t\t\tname: \"终生伴侣\",\n\t\t\t\t\tcolour: \"\",\n\t\t\t\t\tstyle: `background: linear-gradient(to right,#e646c6 0%, #ffffff 100%);-webkit-background-clip: text;-webkit-text-fill-color: transparent;`,\n\t\t\t\t\thas: $transformationParts.traits.mateForLife isnot \"disabled\",\n\t\t\t\t\ttext: \"与你的爱侣同眠或做爱会获得增益，但更换爱侣会造成压力和创伤。\",\n\t\t\t\t},\n\t\t\t\t/* 北极星模组 */\n\t\t\t\t{\n                \tname: \"混沌真谛\",\n                \tcolour: \"grey\",\n                \thas: $options.bjx_divine and $fallenangel is 6,\n                \ttext: '你于光暗之中寻到了混沌的真谛，你能在每天恢复童贞时治愈自身，且当你失去童贞时，你可以爆发混沌之力，无视任何压力',\n                },\n                {\n                \tname: \"永恒救赎\",\n                \tcolour: \"black\",\n                \thas: $options.bjx_divine and $fallenangel is 5,\n                \ttext: '你于堕落中寻找到了永恒的救赎，你的童贞能够在每天自动恢复，且当你失去童贞时，你可以短暂爆发混沌之力，清除所有压力',\n                },\n\t\t\t\t{\n\t\t\t\t\tname: \"混沌天使\",\n\t\t\t\t\tcolour: \"grey\",\n\t\t\t\t\thas: $options.bjx_divine and $fallenangel gte 5,\n\t\t\t\t\ttext: '世界并非黑白分明，混沌才是世界真相。当你抓住触手时，你可以吞噬它获取力量。解锁\"报应\"行动，每场战斗可用一次，增加你的伤害50%',\n\t\t\t\t},                \n\t\t\t\t{\n\t\t\t\t\tname: \"堕天使\",\n\t\t\t\t\tcolour: \"black\",\n\t\t\t\t\thas: $fallenangel gte 3 and $fallenangel lte 4,\n\t\t\t\t\ttext: ($options.bjx_divine ? '世界是如此残酷，虽然你觉得自己越来越不纯洁，但你不会放弃努力。每次遭遇战时解锁一次 \"报应 \"行动，伤害提高 50%' : '世界是如此残酷，虽然你觉得自己越来越不纯洁，但你不会放弃努力'),\n\t\t\t\t},\n\t\t\t\t{\n\t\t\t\t\tname: \"堕天使\",\n\t\t\t\t\tcolour: \"black\",\n\t\t\t\t\thas: $fallenangel is 2,\n\t\t\t\t\ttext: ($options.bjx_divine ? '这个世界如此残酷，你觉得自己越来越不纯洁了。每次遭遇时解锁一次 \"报应 \"行动，伤害提高 50%' : '这个世界如此残酷，你觉得自己越来越不纯洁了'),\n\t\t\t\t},\n\t\t\t\t{\n\t\t\t\t\tname: \"神圣天使\",\n\t\t\t\t\tcolour: \"gold\",\n\t\t\t\t\thas: $angel gte 6,\n\t\t\t\t\ttext: '你散发着纯洁的光芒，每次战斗时可解锁一次\"宽恕\"行动，' + ($options.bjx_divine ? '消除并阻止本场战斗获得任何创伤。' : '消除本场战斗已经获得的创伤') + '但要小心，失去你的贞操会使你失去这一特性，并使你的光环破碎',\n\t\t\t\t},\n\t\t\t\t{\n\t\t\t\t\tname: \"惩戒天使\",\n\t\t\t\t\tcolour: \"gold\",\n\t\t\t\t\thas: $options.bjx_divine and $angel gte 5,\n\t\t\t\t\ttext: '作为天使，你有责任给予罪人惩戒，破除其贪嗔痴，令其醒悟。你的攻击会同时减少敌人的性奋，且敌人愤怒值低于20%时，你的攻击可以造成双倍伤害',\n\t\t\t\t},\n\t\t\t\t{\n\t\t\t\t\tname: \"圣洁光辉\",\n\t\t\t\t\tcolour: \"gold\",\n\t\t\t\t\thas: $angel gte 4,\n\t\t\t\t\ttext: '你非常的纯洁，这将解锁\"放逐\"行为，使用次数基于你的天使化程度。这可以对一个触手造成重创，而且在达到最大纯洁时，其强度会大大增加。今日所剩次数：($angelBanish / $angelBanishMax)',\n\t\t\t\t},\n\t\t\t\t{\n\t\t\t\t\tname: () => {\n\t\t\t\t\t\tif(V.player.gender_appearance is \"m\"){\n\t\t\t\t\t\t\tif(V.player.gender is \"f\"){\n\t\t\t\t\t\t\t\treturn \"魅影(♀)\";\n\t\t\t\t\t\t\t}\n\t\t\t\t\t\t\treturn \"魅影\";\n\t\t\t\t\t\t}else{\n\t\t\t\t\t\t\tif(V.player.gender is \"m\"){\n\t\t\t\t\t\t\t\treturn \"魅魔(♂)\";\n\t\t\t\t\t\t\t}\n\t\t\t\t\t\t\treturn \"魅魔\";\n\t\t\t\t\t\t}\n\t\t\t\t\t},\n\t\t\t\t\tcolour: \"purple\",\n\t\t\t\t\thas: $options.bjx_divine and $demon gte 2 or $demon gte 6,\n\t\t\t\t\ttext: ($options.bjx_divine ? '你失去了所有纯洁，被内射时可以吸收精华恢复状态，内射或破处别人会使你感到愉悦。每次遭遇时解锁一次 \"诱惑 \"行动，使敌人高度性奋' : '你失去了所有纯洁，每当有东西在你体内射精，或者你在别人体内射精时，你会减少创伤。触手能减少压力和疼痛，但不再减少创伤。注意，当你没有以最低纯洁度结束一天时将增加大量压力'),\n\t\t\t\t},\n\t\t\t\t{\n\t\t\t\t\tname: \"魅魔欲望\",\n\t\t\t\t\tcolour: \"purple\",\n\t\t\t\t\thas: $options.bjx_divine and $demon gte 6,\n\t\t\t\t\ttext: '战斗中你的对手高潮后，你可以引诱其再做一次♡',\n\t\t\t\t},\n\t\t\t\t{\n\t\t\t\t\tname: \"百练之躯\",\n\t\t\t\t\tcolour: \"red\",\n\t\t\t\t\thas: $options.bjx_divine and $demonhunter gte 6,\n\t\t\t\t\ttext: '你的身体适应了高潮时的感觉，高潮不再剥夺你的行动能力',\n\t\t\t\t},\n\t\t\t\t{\n\t\t\t\t\tname: \"摄魂之眼\",\n\t\t\t\t\tcolour: \"red\",\n\t\t\t\t\thas: $options.bjx_divine and $demonhunter gte 5,\n\t\t\t\t\ttext: '你的眼睛摄人心灵，结合哈勃那学得的催眠音波，每次战斗时可解锁一次\"催眠\"行动，阻止对方以任何方式到达高潮',\n\t\t\t\t},\n\t\t\t\t{\n\t\t\t\t\tname: \"恶魔猎手\",\n\t\t\t\t\tcolour: \"red\",\n\t\t\t\t\thas: $options.bjx_divine and $demonhunter gte 2,\n\t\t\t\t\ttext: '你的体液发生了变异，变得炽热而有腐蚀性。当你高潮时会获得极大满足，射出的爱液可以造成大量伤害。但要小心，非触手的体液对你来说过于纯洁，纳入体内可能会伤害自身',\n\t\t\t\t},\n\t\t\t\t{\n\t\t\t\t\tname: \"强健羽翼\",\n\t\t\t\t\tcolour: \"gold\",\n\t\t\t\t\thas: !$options.bjx_animal and ($harpy gte 6 and $birdFly gte 1) or $options.bjx_animal and ($transformationParts.bird.wings isnot \"disabled\" and $birdFly gte 1 or $transformationParts.dragon.wings isnot \"disabled\"),\n\t\t\t\t\ttext: ($options.bjx_animal ? \"使你能从空旷处起飞，并可乘风而行\" : \"使你能从高处滑翔，并在顺风处飞行\"),\n\t\t\t\t},\n\t\t\t\t{\n\t\t\t\t\tname: \"翅膀\",\n\t\t\t\t\tcolour: \"grey\",\n\t\t\t\t\thas: !$options.bjx_animal and !($harpy gte 6 and $birdFly gte 1) and ($angel gte 6 or $fallenangel gte 2 or $demon gte 6 or $harpy gte 6) or $options.bjx_animal and !($transformationParts.bird.wings isnot \"disabled\" and $birdFly gte 1 or $transformationParts.dragon.wings isnot \"disabled\") and ($transformationParts.angel.wings isnot \"disabled\" or $transformationParts.fallenAngel.wings isnot \"disabled\" or $transformationParts.demon.wings isnot \"disabled\" or $transformationParts.bee.wings isnot \"disabled\" or $transformationParts.bird.wings isnot \"disabled\"),\n\t\t\t\t\ttext: \"使你能从高处滑翔\",\n\t\t\t\t},\n\t\t\t\t/* 北极星 */"
  },
  {
    "passage": "Traits",
    "findString": "{\n\t\t\t\t\tname: () => V.submissive <= 850 ? \"享乐主义\" : \"高潮上瘾\",\n\t\t\t\t\tcolour: \"lewd\",\n\t\t\t\t\thas: $orgasmtrait gte 1,\n\t\t\t\t\ttext: \"大量的高潮已经产生了生理上的影响，现在的你高潮会更加困难，但愉悦的高潮可以缓解更多的压力，并且痛苦的高潮不再增加压力\",\n\t\t\t\t},",
    "replace": "{\n\t\t\t\t\tname: () => V.submissive <= 850 ? \"享乐主义\" : \"高潮上瘾\",\n\t\t\t\t\tcolour: \"lewd\",\n\t\t\t\t\thas: $orgasmtrait gte 1,\n\t\t\t\t\t/* 北极星模组 */\n\t\t\t\t\ttext: \"大量的高潮已经产生了生理上的影响，现在的你高潮会更加\" + ($demonhunter gte 1 ? \"容易\" : \"困难\") + \"，但愉悦的高潮可以缓解更多的压力，并且痛苦的高潮不再增加压力\",\n\t\t\t\t\t/* 北极星 */\n\t\t\t\t},"
  },
  {
    "passage": "Traits",
    "findString": "{\n\t\t\ttitle: \"催眠特质\",\n\t\t\ttraits: [\n\t\t\t\t{\n\t\t\t\t\tname: \"催眠暗示\",\n\t\t\t\t\tcolour: \"pink\",\n\t\t\t\t\thas: $hypnosis gte 1,\n\t\t\t\t\ttext: \"哈珀医生对你说了些什么，但你记不清了\",\n\t\t\t\t},\n\t\t\t\t{\n\t\t\t\t\tname: \"压抑的渴望\",\n\t\t\t\t\tcolour: \"lblue\",\n\t\t\t\t\thas: $hypnosis_traits.scream is 1,\n\t\t\t\t\ttext: \"尖叫也许会转变为请求粗暴的对待\",\n\t\t\t\t},\n\t\t\t\t{\n\t\t\t\t\tname: \"诱惑的渴望\",\n\t\t\t\t\tcolour: \"blue\",\n\t\t\t\t\thas: $hypnosis_traits.scream is 2,\n\t\t\t\t\ttext: \"尖叫有时会转变为请求粗暴的对待\",\n\t\t\t\t},\n\t\t\t\t{\n\t\t\t\t\tname: \"迷醉的渴望\",\n\t\t\t\t\tcolour: \"purple\",\n\t\t\t\t\thas: $hypnosis_traits.scream is 3,\n\t\t\t\t\ttext: \"尖叫经常会转变为请求粗暴的对待\",\n\t\t\t\t},\n\t\t\t\t{\n\t\t\t\t\tname: \"幻梦的渴望\",\n\t\t\t\t\tcolour: \"pink\",\n\t\t\t\t\thas: $hypnosis_traits.scream is 4,\n\t\t\t\t\ttext: \"尖叫常常会转变为请求粗暴的对待\",\n\t\t\t\t},\n\t\t\t\t{\n\t\t\t\t\tname: \"极致的渴望\",\n\t\t\t\t\tcolour: \"red\",\n\t\t\t\t\thas: $hypnosis_traits.scream is 5,\n\t\t\t\t\ttext: \"尖叫会转变为请求粗暴的对待\",\n\t\t\t\t},\n\t\t\t\t{\n\t\t\t\t\tname: \"压抑的炫耀\",\n\t\t\t\t\tcolour: \"lblue\",\n\t\t\t\t\thas: $hypnosis_traits.cover is 1,\n\t\t\t\t\ttext: \"炫耀偶然会替代遮掩动作\",\n\t\t\t\t},\n\t\t\t\t{\n\t\t\t\t\tname: \"诱惑的炫耀\",\n\t\t\t\t\tcolour: \"blue\",\n\t\t\t\t\thas: $hypnosis_traits.cover is 2,\n\t\t\t\t\ttext: \"炫耀有时会替代遮掩动作\",\n\t\t\t\t},\n\t\t\t\t{\n\t\t\t\t\tname: \"迷醉的炫耀\",\n\t\t\t\t\tcolour: \"purple\",\n\t\t\t\t\thas: $hypnosis_traits.cover is 3,\n\t\t\t\t\ttext: \"炫耀经常会替代遮掩动作\",\n\t\t\t\t},\n\t\t\t\t{\n\t\t\t\t\tname: \"沉溺的炫耀\",\n\t\t\t\t\tcolour: \"pink\",\n\t\t\t\t\thas: $hypnosis_traits.cover is 4,\n\t\t\t\t\ttext: \"炫耀会常常替代遮掩动作\",\n\t\t\t\t},\n\t\t\t\t{\n\t\t\t\t\tname: \"崇高的炫耀\",\n\t\t\t\t\tcolour: \"red\",\n\t\t\t\t\thas: $hypnosis_traits.cover is 5,\n\t\t\t\t\ttext: \"炫耀会替代遮掩动作\",\n\t\t\t\t},\n\t\t\t\t{\n\t\t\t\t\tname: \"压抑性异种癖\",\n\t\t\t\t\tcolour: \"lblue\",\n\t\t\t\t\thas: $hypnosis_traits.deviancy is 1,\n\t\t\t\t\ttext: \"在遭遇战开始时可能会挑衅野兽\",\n\t\t\t\t},\n\t\t\t\t{\n\t\t\t\t\tname: \"异种癖吸引\",\n\t\t\t\t\tcolour: \"blue\",\n\t\t\t\t\thas: $hypnosis_traits.deviancy is 2,\n\t\t\t\t\ttext: \"有时会在遭遇战开始时会挑衅野兽\",\n\t\t\t\t},\n\t\t\t\t{\n\t\t\t\t\tname: \"异种癖迷醉\",\n\t\t\t\t\tcolour: \"purple\",\n\t\t\t\t\thas: $hypnosis_traits.deviancy is 3,\n\t\t\t\t\ttext: \"大概率在遭遇战开始时挑衅野兽\",\n\t\t\t\t},\n\t\t\t\t{\n\t\t\t\t\tname: \"异种癖沉溺\",\n\t\t\t\t\tcolour: \"pink\",\n\t\t\t\t\thas: $hypnosis_traits.deviancy is 4,\n\t\t\t\t\ttext: \"更大概率在遭遇战开始时挑衅野兽\",\n\t\t\t\t},\n\t\t\t\t{\n\t\t\t\t\tname: \"极致性异种癖\",\n\t\t\t\t\tcolour: \"red\",\n\t\t\t\t\thas: $hypnosis_traits.deviancy is 5,\n\t\t\t\t\ttext: \"在遭遇战开始时一定挑衅野兽\",\n\t\t\t\t},\n\t\t\t],\n\t\t},\n\t\t{\n\t\t\ttitle: \"接纳特质\",\n\t\t\ttraits: [\n\t\t\t\t{\n\t\t\t\t\tname: \"接受: 幼嫩阴茎\",\n\t\t\t\t\tcolour: \"green\",\n\t\t\t\t\thas: $acceptance_penis_tiny gte 1000 and $player.penissize lte 0,\n\t\t\t\t\ttext: \"小小的真的很可爱\",\n\t\t\t\t},\n\t\t\t\t{\n\t\t\t\t\tname: \"已接受: 偏小的阴茎\",\n\t\t\t\t\tcolour: \"green\",\n\t\t\t\t\thas: $acceptance_penis_small gte 1000 and $player.penissize is 1,\n\t\t\t\t\ttext: \"你为自己小小的阴茎感到自豪\",\n\t\t\t\t},\n\t\t\t\t{\n\t\t\t\t\tname: \"接受: 异装癖 (女装) \",\n\t\t\t\t\tcolour: \"green\",\n\t\t\t\t\thas: $acceptance_tomgirl gte 100 and $acceptance_penis_tiny gte 1000,\n\t\t\t\t\ttext: \"你为女装感到自豪\",\n\t\t\t\t},\n\t\t\t\t{\n\t\t\t\t\tname: \"接受: 宏伟的阴茎\",\n\t\t\t\t\tcolour: \"green\",\n\t\t\t\t\thas: $acceptance_penis_big gte 1000 and $player.penissize gte 4,\n\t\t\t\t\ttext: \"你为你的宏伟阴茎感到骄傲\",\n\t\t\t\t},\n\t\t\t\t{\n\t\t\t\t\tname: \"接受: 平胸\",\n\t\t\t\t\tcolour: \"green\",\n\t\t\t\t\thas: $acceptance_breasts_tiny gte 1000 and $player.breastsize lte 0 and $player.gender is \"f\",\n\t\t\t\t\ttext: \"你为自己平坦的胸部感到自豪\",\n\t\t\t\t},\n\t\t\t\t{\n\t\t\t\t\tname: \"已接受: 小巧玲珑的乳房\",\n\t\t\t\t\tcolour: \"green\",\n\t\t\t\t\thas: $acceptance_breasts_small gte 1000 and $player.breastsize gte 1 and $player.breastsize lte 5,\n\t\t\t\t\ttext: \"你为自己小小的胸部感到自豪\",\n\t\t\t\t},\n\t\t\t\t{\n\t\t\t\t\tname: \"接受: 巨大的乳房\",\n\t\t\t\t\tcolour: \"green\",\n\t\t\t\t\thas: $acceptance_breasts_big gte 1000 and $player.breastsize gte 8,\n\t\t\t\t\ttext: \"你为自己巨大的胸部感到自豪\",\n\t\t\t\t},\n\t\t\t\t{\n\t\t\t\t\tname: () => playerAwareTheyArePregnant() ? \"接受: 孕肚\" : \"接受: 像是怀孕一样的肚子\",\n\t\t\t\t\tcolour: \"green\",\n\t\t\t\t\thas: $acceptance_pregnancy gte 1000 and playerBellySize() gte 8,\n\t\t\t\t\ttext: () => playerAwareTheyArePregnant() ? \"你为自己孕育生命的肚子感到自豪\" : \"你为自己的大肚子感到自豪\",\n\t\t\t\t},\n\t\t\t],\n\t\t},",
    "replace": "{\n\t\t\ttitle: \"催眠特质\",\n\t\t\ttraits: [\n\t\t\t\t{\n\t\t\t\t\tname: \"催眠暗示\",\n\t\t\t\t\tcolour: \"pink\",\n\t\t\t\t\thas: $hypnosis gte 1,\n\t\t\t\t\ttext: \"哈珀医生对你说了些什么，但你记不清了\",\n\t\t\t\t},\n\t\t\t\t{\n\t\t\t\t\tname: \"压抑的渴望\",\n\t\t\t\t\tcolour: \"lblue\",\n\t\t\t\t\thas: $hypnosis_traits.scream is 1,\n\t\t\t\t\ttext: \"也许你会祈求痛苦，而不是大声尖叫\",\n\t\t\t\t},\n\t\t\t\t{\n\t\t\t\t\tname: \"诱惑的渴望\",\n\t\t\t\t\tcolour: \"blue\",\n\t\t\t\t\thas: $hypnosis_traits.scream is 2,\n\t\t\t\t\ttext: \"你祈求着痛苦，而不是大声尖叫\",\n\t\t\t\t},\n\t\t\t\t{\n\t\t\t\t\tname: \"迷醉的渴望\",\n\t\t\t\t\tcolour: \"purple\",\n\t\t\t\t\thas: $hypnosis_traits.scream is 3,\n\t\t\t\t\ttext: \"你祈求更多痛苦，而不是放声尖叫\",\n\t\t\t\t},\n\t\t\t\t{\n\t\t\t\t\tname: \"幻梦的渴望\",\n\t\t\t\t\tcolour: \"pink\",\n\t\t\t\t\thas: $hypnosis_traits.scream is 4,\n\t\t\t\t\ttext: \"你祈求着大量的痛苦，而不是放声尖叫\",\n\t\t\t\t},\n\t\t\t\t{\n\t\t\t\t\tname: \"极致的渴望\",\n\t\t\t\t\tcolour: \"red\",\n\t\t\t\t\thas: $hypnosis_traits.scream is 5,\n\t\t\t\t\ttext: \"你本身就痴迷着痛苦，忘了尖叫吧\",\n\t\t\t\t},\n\t\t\t\t{\n\t\t\t\t\tname: \"压抑的炫耀\",\n\t\t\t\t\tcolour: \"lblue\",\n\t\t\t\t\thas: $hypnosis_traits.cover is 1,\n\t\t\t\t\ttext: \"比起遮掩自己，你可能更想炫耀——炫耀偶然会替代遮掩动作\",\n\t\t\t\t},\n\t\t\t\t{\n\t\t\t\t\tname: \"诱惑的炫耀\",\n\t\t\t\t\tcolour: \"blue\",\n\t\t\t\t\thas: $hypnosis_traits.cover is 2,\n\t\t\t\t\ttext: \"比起遮掩自己，你可能更想炫耀——炫耀有时会替代遮掩动作\",\n\t\t\t\t},\n\t\t\t\t{\n\t\t\t\t\tname: \"迷醉的炫耀\",\n\t\t\t\t\tcolour: \"purple\",\n\t\t\t\t\thas: $hypnosis_traits.cover is 3,\n\t\t\t\t\ttext: \"比起遮掩自己，你更愿意去炫耀——炫耀经常会替代遮掩动作\",\n\t\t\t\t},\n\t\t\t\t{\n\t\t\t\t\tname: \"沉溺的炫耀\",\n\t\t\t\t\tcolour: \"pink\",\n\t\t\t\t\thas: $hypnosis_traits.cover is 4,\n\t\t\t\t\ttext: \"比起遮掩自己，还不如去炫耀——炫耀会常常替代遮掩动作\",\n\t\t\t\t},\n\t\t\t\t{\n\t\t\t\t\tname: \"崇高的炫耀\",\n\t\t\t\t\tcolour: \"red\",\n\t\t\t\t\thas: $hypnosis_traits.cover is 5,\n\t\t\t\t\ttext: \"你是如此的完美，为什么还要遮掩自己？忘掉羞耻吧——炫耀会替代遮掩动作\",\n\t\t\t\t},\n\t\t\t\t{\n\t\t\t\t\tname: \"压抑性异种癖\",\n\t\t\t\t\tcolour: \"lblue\",\n\t\t\t\t\thas: $hypnosis_traits.deviancy is 1,\n\t\t\t\t\ttext: \"放轻松，没什么可怕的——在遭遇战开始时可能会挑衅野兽\",\n\t\t\t\t},\n\t\t\t\t{\n\t\t\t\t\tname: \"诱惑性异种癖\",\n\t\t\t\t\tcolour: \"blue\",\n\t\t\t\t\thas: $hypnosis_traits.deviancy is 2,\n\t\t\t\t\ttext: \"是时候该克服恐惧了——有时会在遭遇战开始时会挑衅野兽\",\n\t\t\t\t},\n\t\t\t\t{\n\t\t\t\t\tname: \"迷醉性异种癖\",\n\t\t\t\t\tcolour: \"purple\",\n\t\t\t\t\thas: $hypnosis_traits.deviancy is 3,\n\t\t\t\t\ttext: \"它们似乎没那么可怕——大概率在遭遇战开始时挑衅野兽\",\n\t\t\t\t},\n\t\t\t\t{\n\t\t\t\t\tname: \"沉溺性异种癖\",\n\t\t\t\t\tcolour: \"pink\",\n\t\t\t\t\thas: $hypnosis_traits.deviancy is 4,\n\t\t\t\t\ttext: \"它们没什么可怕的——更大概率在遭遇战开始时挑衅野兽\",\n\t\t\t\t},\n\t\t\t\t{\n\t\t\t\t\tname: \"极致性异种癖\",\n\t\t\t\t\tcolour: \"red\",\n\t\t\t\t\thas: $hypnosis_traits.deviancy is 5,\n\t\t\t\t\ttext: \"没什么可怕的，它们是动物，而你是人——在遭遇战开始时一定挑衅野兽\",\n\t\t\t\t},\n\t\t\t],\n\t\t},\n\t\t{\n\t\t\ttitle: \"接纳特质\",\n\t\t\ttraits: [\n\t\t\t\t{\n\t\t\t\t\tname: \"接受: 幼嫩阴茎\",\n\t\t\t\t\tcolour: \"green\",\n\t\t\t\t\thas: $acceptance_penis_tiny gte 1000 and $player.penissize lte 0,\n\t\t\t\t\ttext: \"小小的真的很可爱\",\n\t\t\t\t},\n\t\t\t\t{\n\t\t\t\t\tname: \"已接受: 偏小的阴茎\",\n\t\t\t\t\tcolour: \"green\",\n\t\t\t\t\thas: $acceptance_penis_small gte 1000 and $player.penissize is 1,\n\t\t\t\t\ttext: \"小小的也很可爱\",\n\t\t\t\t},\n\t\t\t\t{\n\t\t\t\t\tname: \"接受: 异装癖 (女装) \",\n\t\t\t\t\tcolour: \"green\",\n\t\t\t\t\thas: $acceptance_tomgirl gte 100 and $acceptance_penis_tiny gte 1000,\n\t\t\t\t\ttext: \"你为女装感到自豪\",\n\t\t\t\t},\n\t\t\t\t{\n\t\t\t\t\tname: \"接受: 宏伟的阴茎\",\n\t\t\t\t\tcolour: \"green\",\n\t\t\t\t\thas: $acceptance_penis_big gte 1000 and $player.penissize gte 4,\n\t\t\t\t\ttext: \"那些人只是在嫉妒罢了，你难道不屌吗？\",\n\t\t\t\t},\n\t\t\t\t{\n\t\t\t\t\tname: \"接受: 平胸\",\n\t\t\t\t\tcolour: \"green\",\n\t\t\t\t\thas: $acceptance_breasts_tiny gte 1000 and $player.breastsize lte 0 and $player.gender is \"f\",\n\t\t\t\t\ttext: \"平胸真的很好，轻松且穿衣漂亮\",\n\t\t\t\t},\n\t\t\t\t{\n\t\t\t\t\tname: \"已接受: 小巧玲珑的乳房\",\n\t\t\t\t\tcolour: \"green\",\n\t\t\t\t\thas: $acceptance_breasts_small gte 1000 and $player.breastsize gte 1 and $player.breastsize lte 5,\n\t\t\t\t\ttext: \"最完美的尺寸，也不影响运动\",\n\t\t\t\t},\n\t\t\t\t{\n\t\t\t\t\tname: \"接受: 巨大的乳房\",\n\t\t\t\t\tcolour: \"green\",\n\t\t\t\t\thas: $acceptance_breasts_big gte 1000 and $player.breastsize gte 8,\n\t\t\t\t\ttext: \"他们真的很嫉妒你，而你'心胸宽广'\",\n\t\t\t\t},\n\t\t\t\t{\n\t\t\t\t\tname: () => playerAwareTheyArePregnant() ? \"接受: 孕肚\" : \"接受: 孕肚\",\n\t\t\t\t\tcolour: \"green\",\n\t\t\t\t\thas: $acceptance_pregnancy gte 1000 and playerBellySize() gte 8,\n\t\t\t\t\ttext: () => playerAwareTheyArePregnant() ? \"这孕育着一个奇迹。\" : \"你为自己的大肚子感到自豪\",\n\t\t\t\t},\n\t\t\t],\n\t\t},"
  }
]