[
  {
    "passage": "Transformation Widgets",
    "findString": "\t\t<<if $specialTransform is 1>>\n\t\t\t<<if $angel gte 4>>",
    "replace": "\t\t/* 北极星模组 */\n\t\t<<run $.extend($transformationParts.traits, {lungs:\"disabled\", incognito:\"disabled\", aquatic:\"disabled\", vigorous:\"disabled\", webbedfeet:\"disabled\", kicks:\"disabled\", longtongue:\"disabled\", strongnose:\"disabled\", bearbuild:\"disabled\"})>>\n\t\t<<run $.extend($transformationParts, {\n\t\t\tbee: {ears:\"disabled\", tail:\"disabled\", wings:\"disabled\"},\n\t\t\tsheep: {ears:\"disabled\", tail:\"disabled\", horns:\"disabled\"},\n\t\t\tdeer: {ears:\"disabled\", tail:\"disabled\", horns:\"disabled\"},\n\t\t\tbear: {ears:\"disabled\", tail:\"disabled\"},\n\t\t\tdragon: {tail:\"disabled\", wings:\"disabled\", eyes:\"disabled\", horns:\"disabled\", claws:\"disabled\"},\n\t\t\tlizard: {horns:\"disabled\", tail:\"disabled\", eyes:\"disabled\"},\n\t\t\tdolphin: {tail:\"disabled\"},\n\t\t\tdog: {ears:\"disabled\", tail:\"disabled\"},\n\t\t\traccoon: {mask:\"disabled\", ears: \"disabled\", tail: \"disabled\"},\n\t\t\tfish: {fins:\"disabled\", tail:\"disabled\"},\n\t\t\thorse: {ears:\"disabled\", tail:\"disabled\"},\n\t\t\tfrog: {eyes:\"disabled\", cheeks: \"disabled\"},\n\t\t\tspider: {eyes:\"disabled\", tail:\"disabled\"},\n\t\t\tpig: {ears:\"disabled\", tail:\"disabled\"},\n\t\t\tghost: {eyes:\"disabled\", hitodama:\"disabled\", mist:\"disabled\"},\n\t\t\tslime: {bubble:\"disabled\", stream:\"disabled\", core:\"disabled\"},\n\t\t\tmushroom: {cap:\"disabled\", eyes:\"disabled\", spores:\"disabled\", mushrooms:\"disabled\"},\n\t\t})>>\n\t\t/* 北极星 */\n\t\t<<if $specialTransform is 1>>\n\t\t\t<<if $angel gte 4>>"
  },
  {
    "passage": "Transformation Widgets",
    "findString": "\t\t<<if $wolfgirl gte 6>>\n\t\t\t<<set $transformationParts.wolf.cheeks to \"hidden\">>",
    "replace": "\t\t<<if $wolfgirl gte 6>>\n\t\t    /* 北极星模组 */\n\t\t\t<<set $transformationParts.wolf.cheeks to \"feral\">>\n\t\t\t/* 北极星 */"
  },
  {
    "passage": "Transformation Widgets",
    "findString": "\t<<if $transformationParts.traits is undefined>>\n\t\t<<set $transformationParts.traits to {fangs:\"disabled\", sharpEyes:\"disabled\", mateForLife:\"disabled\", flaunting:\"disabled\"}>>\n",
    "replace": "\t<<if $transformationParts.traits is undefined>>\n\t\t<<set $transformationParts.traits to {fangs:\"disabled\", sharpEyes:\"disabled\", mateForLife:\"disabled\", flaunting:\"disabled\"}>>\n\t\t/* 北极星模组 */\n\t\t<<run $.extend($transformationParts.traits, {lungs:\"disabled\", incognito:\"disabled\", aquatic:\"disabled\", vigorous:\"disabled\", webbedfeet:\"disabled\", kicks:\"disabled\", longtongue:\"disabled\", strongnose:\"disabled\", bearbuild:\"disabled\"})>>\n\t\t/* 北极星 */\n"
  },
  {
    "passage": "Transformation Widgets",
    "findString": "\t\t\t<<case \"fallen\">> <<set $fallenbuild = Math.clamp($fallenbuild + _args[1], 0, 100)>>\n\t\t\t<<case \"demon\">> <<set $demonbuild = Math.clamp($demonbuild + _args[1], 0, 100)>>",
    "replace": "\t\t\t<<case \"fallen\">> <<set $fallenbuild = Math.clamp($fallenbuild + _args[1], 0, 100)>>\n\t\t\t<<case \"demon\">> <<set $demonbuild = Math.clamp($demonbuild + _args[1], 0, 100)>>\n\t\t\t/* 北极星模组 */\n\t\t\t<<case \"hunter\">> <<set $hunterbuild = Math.clamp($hunterbuild + _args[1], 0, 100)>>\n\t\t\t<<case \"bee\">> <<set $beebuild = Math.clamp($beebuild + _args[1], 0, 100)>>\n\t\t\t<<case \"sheep\">> <<set $sheepbuild = Math.clamp($sheepbuild + _args[1], 0, 100)>>\n\t\t\t<<case \"deer\">> <<set $deerbuild = Math.clamp($deerbuild + _args[1], 0, 100)>>\n\t\t\t<<case \"bear\">> <<set $bearbuild = Math.clamp($bearbuild + _args[1], 0, 100)>>\n\t\t\t<<case \"dragon\">> <<set $dragonbuild = Math.clamp($dragonbuild + _args[1], 0, 100)>>\n\t\t\t<<case \"lizard\">> <<set $lizardbuild = Math.clamp($lizardbuild + _args[1], 0, 100)>>\n\t\t\t<<case \"dolphin\">> <<set $dolphinbuild = Math.clamp($dolphinbuild + _args[1], 0, 100)>>\n\t\t\t<<case \"dog\">> <<set $dogbuild = Math.clamp($dogbuild + _args[1], 0, 100)>>\n\t\t\t<<case \"raccoon\">> <<set $raccoonbuild = Math.clamp($raccoonbuild + _args[1], 0, 100)>>\n\t\t\t<<case \"fish\">> <<set $fishbuild = Math.clamp($fishbuild + _args[1], 0, 100)>>\n\t\t\t<<case \"horse\">> <<set $horsebuild = Math.clamp($horsebuild + _args[1], 0, 100)>>\n\t\t\t<<case \"spider\">> <<set $spiderbuild = Math.clamp($spiderbuild + _args[1], 0, 100)>>\n\t\t\t<<case \"frog\">> <<set $frogbuild = Math.clamp($frogbuild + _args[1], 0, 100)>>\n\t\t\t<<case \"pig\">> <<set $pigbuild = Math.clamp($pigbuild + _args[1], 0, 100)>>\n\t\t\t/* 北极星 */"
  },
  {
    "passage": "Transformation Widgets",
    "findString": "\t<<if _args[0] isnot \"angel\" and _args[0] isnot \"demon\" and _args[1] gte 1>>\n\t\t<<if _args[0] isnot \"wolf\" and $worn.neck.name isnot \"spiked collar\" and $worn.neck.name isnot \"spiked collar with leash\">>\n\t\t\t<<set $wolfbuild = Math.clamp($wolfbuild - _args[1], 0, 100)>>\n\t\t<</if>>\n\t\t<<if _args[0] isnot \"cat\" and $worn.neck.name isnot \"cat bell collar\">>\n\t\t\t<<set $catbuild  = Math.clamp($catbuild  - _args[1], 0, 100)>>\n\t\t<</if>>\n\t\t<<if _args[0] isnot \"cow\" and $worn.neck.name isnot \"cow bell\">>\n\t\t\t<<set $cowbuild  = Math.clamp($cowbuild  - _args[1], 0, 100)>>\n\t\t<</if>>\n\t\t<<if _args[0] isnot \"bird\" and $worn.head.name isnot \"feathered hair clip\">>\n\t\t\t<<set $birdbuild = Math.clamp($birdbuild - _args[1], 0, 100)>>\n\t\t<</if>>\n\t\t<<if _args[0] isnot \"fox\" and $worn.head.name isnot \"spirit mask\">>\n\t\t\t<<set $foxbuild = Math.clamp($foxbuild - _args[1], 0, 100)>>\n\t\t<</if>>\n\t<</if>>\n",
    "replace": "\t/* 北极星模组 */\n\t<<if ![\"angel\", \"demon\", \"fallen\", \"hunter\"].includes(_args[0]) and _args[1] gte 1>>\n\t    <<set _protects to []>>\n\t    <<for _active_clothes range Object.keys($worn)>>\n\t\t\t<<if $worn[_active_clothes].type.includes(\"eerie\") and $worn[_active_clothes].eerie isnot undefined>>\n\t\t\t\t<<set _protects to _protects.concat($worn[_active_clothes].eerie)>>\n\t\t\t<</if>>\n\t\t<</for>>\n\t\t<<if _args[0] isnot \"wolf\" and !_protects.includes(\"wolf\")>>\n\t\t\t<<set $wolfbuild = Math.clamp($wolfbuild - _args[1], 0, 100)>>\n\t\t<</if>>\n\t\t<<if _args[0] isnot \"cat\" and !_protects.includes(\"cat\")>>\n\t\t\t<<set $catbuild  = Math.clamp($catbuild  - _args[1], 0, 100)>>\n\t\t<</if>>\n\t\t<<if _args[0] isnot \"cow\" and !_protects.includes(\"cow\")>>\n\t\t\t<<set $cowbuild  = Math.clamp($cowbuild  - _args[1], 0, 100)>>\n\t\t<</if>>\n\t\t<<if _args[0] isnot \"bird\" and !_protects.includes(\"bird\")>>\n\t\t\t<<set $birdbuild = Math.clamp($birdbuild - _args[1], 0, 100)>>\n\t\t<</if>>\n\t\t<<if _args[0] isnot \"fox\" and !_protects.includes(\"fox\")>>\n\t\t\t<<set $foxbuild = Math.clamp($foxbuild - _args[1], 0, 100)>>\n\t\t<</if>>\n\t\t<<if _args[0] isnot \"bee\" and !_protects.includes(\"bee\")>>\n\t\t\t<<set $beebuild = Math.clamp($beebuild - _args[1], 0, 100)>>\n\t\t<</if>>\n\t\t<<if _args[0] isnot \"sheep\" and !_protects.includes(\"sheep\")>>\n\t\t\t<<set $sheepbuild = Math.clamp($sheepbuild - _args[1], 0, 100)>>\n\t\t<</if>>\n\t\t<<if _args[0] isnot \"deer\" and !_protects.includes(\"deer\")>>\n\t\t\t<<set $deerbuild = Math.clamp($deerbuild - _args[1], 0, 100)>>\n\t\t<</if>>\n\t\t<<if _args[0] isnot \"bear\" and !_protects.includes(\"bear\")>>\n\t\t\t<<set $bearbuild = Math.clamp($bearbuild - _args[1], 0, 100)>>\n\t\t<</if>>\n\t\t<<if _args[0] isnot \"dragon\" and !_protects.includes(\"dragon\")>>\n\t\t\t<<set $dragonbuild = Math.clamp($dragonbuild - _args[1], 0, 100)>>\n\t\t<</if>>\n\t\t<<if _args[0] isnot \"lizard\" and !_protects.includes(\"lizard\")>>\n\t\t\t<<set $lizardbuild = Math.clamp($lizardbuild - _args[1], 0, 100)>>\n\t\t<</if>>\n\t\t<<if _args[0] isnot \"dolphin\" and !_protects.includes(\"dolphin\")>>\n\t\t\t<<set $dolphinbuild = Math.clamp($dolphinbuild - _args[1], 0, 100)>>\n\t\t<</if>>\n\t\t<<if _args[0] isnot \"dog\" and !_protects.includes(\"dog\")>>\n\t\t\t<<set $dogbuild = Math.clamp($dogbuild - _args[1], 0, 100)>>\n\t\t<</if>>\n\t\t<<if _args[0] isnot \"raccoon\" and !_protects.includes(\"raccoon\")>>\n\t\t\t<<set $raccoonbuild = Math.clamp($raccoonbuild - _args[1], 0, 100)>>\n\t\t<</if>>\n\t\t<<if _args[0] isnot \"fish\" and !_protects.includes(\"fish\")>>\n\t\t\t<<set $fishbuild = Math.clamp($fishbuild - _args[1], 0, 100)>>\n\t\t<</if>>\n\t\t<<if _args[0] isnot \"horse\" and !_protects.includes(\"horse\")>>\n\t\t\t<<set $horsebuild = Math.clamp($horsebuild - _args[1], 0, 100)>>\n\t\t<</if>>\n\t\t<<if _args[0] isnot \"spider\" and !_protects.includes(\"spider\")>>\n\t\t\t<<set $spiderbuild = Math.clamp($spiderbuild - _args[1], 0, 100)>>\n\t\t<</if>>\n\t\t<<if _args[0] isnot \"frog\" and !_protects.includes(\"frog\")>>\n\t\t\t<<set $frogbuild = Math.clamp($frogbuild - _args[1], 0, 100)>>\n\t\t<</if>>\n\t\t<<if _args[0] isnot \"pig\" and !_protects.includes(\"pig\")>>\n\t\t\t<<set $pigbuild = Math.clamp($pigbuild - _args[1], 0, 100)>>\n\t\t<</if>>\n\t<</if>>\n\t/* 北极星 */\n"
  },
  {
    "passage": "Transformation Widgets",
    "findString": "\t<<if $wolfbuild gte 1 and $worn.neck.name isnot \"spiked collar\" and $worn.neck.name isnot \"spiked collar with leash\" and playerNormalPregnancyType() isnot \"wolf\">>\n\t\t<<transform wolf -1>>\n\t<</if>>\n\n\t<<if $catbuild gte 1 and $worn.neck.name isnot \"cat bell collar\" and playerNormalPregnancyType() isnot \"cat\">>\n\t\t<<transform cat -1>>\n\t<</if>>\n\n\t<<if $cowbuild gte 1 and $worn.neck.name isnot \"cow bell\" and playerNormalPregnancyType() isnot \"cow\">>\n\t\t<<transform cow -1>>\n\t<</if>>\n\n\t<<if $birdbuild gte 1 and $worn.head.name isnot \"feathered hair clip\" and playerNormalPregnancyType() isnot \"hawk\">>\n\t\t<<transform bird -1>>\n\t<</if>>\n\n\t<<if $foxbuild gte 1 and $worn.head.name isnot \"spirit mask\" and playerNormalPregnancyType() isnot \"fox\">>\n\t\t<<transform fox -1>>\n\t<</if>>\n\n\t<<if $wolfgirl gte 6>>\n\t\t<<def 5>>\n\t<</if>>\n\n\t<<transformationAlteration>>\n\n\t<<if $cat gt 0 or $wolfgirl gt 0 or $cow gt 0 or $harpy gt 0 or $fox gt 0>>\n\t\t<<set $physicalTransform to 1>>\n\t<<else>>\n\t\t<<set $physicalTransform to 0>>\n\t<</if>>\n\t<<if $physicalTransform is 1 or $specialTransform is 1>>\n\t\t<<if $harpy gte 6 and ($angel gte 6 or $fallenangel gte 2 or $demon gte 6)>>\n\t\t\t<<if $transformationParts.bird.wings is \"hidden\" and ($transformationParts.demon.wings is \"hidden\" or $transformationParts.angel.wings is \"hidden\" or $transformationParts.fallenAngel.wings is \"hidden\")>>\n\t\t\t<<else>>\n\t\t\t\t<<set _excludeWings to true>>\n\t\t\t<</if>>\n\t\t<</if>>\n\t\t<<set _keys to Object.keys($transformationParts)>>\n\t\t<<if $panicattacks gte 2>>\n\t\t\t<<for _i to 0; _i lt _keys.length; _i++>>\n\t\t\t\t<<set _key to _keys[_i]>>\n\t\t\t\t<<for _label, _value range $transformationParts[_key]>>\n\t\t\t\t\t<<if _value is \"hidden\" and ![\"pubes\", \"pits\", \"cheeks\", \"flaunting\"].includes(_label) and !(_label is \"wings\" and _excludeWings is true)>>\n\t\t\t\t\t\t<<set $transformationParts[clone(_key)][clone(_label)] to \"default\">>\n\t\t\t\t\t\t<<set _hidingFailed to true>>\n\t\t\t\t\t\t<<set $effectsmessage to 1>>\n\t\t\t\t\t\t<<set $hiddenTransformMessage to 1>>\n\t\t\t\t\t<</if>>\n\t\t\t\t<</for>>\n\t\t\t<</for>>\n\t\t<<else>>\n\t\t\t<<for _i to 0; _i lt _keys.length; _i++>>\n\t\t\t\t<<set _key to _keys[_i]>>\n\t\t\t\t<<for _label, _value range $transformationParts[_key]>>\n\t\t\t\t\t<<if _value is \"hidden\" and ![\"pubes\", \"pits\", \"cheeks\", \"flaunting\"].includes(_label) and !(_label is \"wings\" and _excludeWings is true)>>\n\t\t\t\t\t\t<<trauma 15>>\n\t\t\t\t\t\t<<set $effectsmessage to 1>>\n\t\t\t\t\t\t<<set $hiddenTransformMessage to 2>>\n\t\t\t\t\t<</if>>\n\t\t\t\t<</for>>\n\t\t\t<</for>>\n\t\t<</if>>\n\t<</if>>",
    "replace": "    /* 北极星模组 */\n    <<toggleTransform>>\n    <<set _protects to []>>\n    <<for _active_clothes range Object.keys($worn)>>\n\t\t<<if $worn[_active_clothes].type.includes(\"eerie\") and $worn[_active_clothes].eerie isnot undefined>>\n\t\t\t<<set _protects to _protects.concat($worn[_active_clothes].eerie)>>\n\t\t<</if>>\n\t<</for>>\n\t\n\t<<if $wolfbuild gte 1 and playerNormalPregnancyType() isnot \"wolf\" and !_protects.includes(\"wolf\")>>\n\t\t<<transform wolf `-($options.bjx_animal ? $countTransform : 1)`>>\n\t<</if>>\n\n\t<<if $catbuild gte 1 and playerNormalPregnancyType() isnot \"cat\" and !_protects.includes(\"cat\")>>\n\t\t<<transform cat `-($options.bjx_animal ? $countTransform : 1)`>>\n\t<</if>>\n\n\t<<if $cowbuild gte 1 and playerNormalPregnancyType() isnot \"cow\" and !_protects.includes(\"cow\")>>\n\t\t<<transform cow `-($options.bjx_animal ? $countTransform : 1)`>>\n\t<</if>>\n\n\t<<if $birdbuild gte 1 and playerNormalPregnancyType() isnot \"bird\" and !_protects.includes(\"bird\")>>\n\t\t<<transform bird `-($options.bjx_animal ? $countTransform : 1)`>>\n\t<</if>>\n\n\t<<if $foxbuild gte 1 and playerNormalPregnancyType() isnot \"fox\" and !_protects.includes(\"fox\")>>\n\t\t<<transform fox `-($options.bjx_animal ? $countTransform : 1)`>>\n\t<</if>>\n\t\n    <<if $sheepbuild gte 1 and playerNormalPregnancyType() isnot \"sheep\" and !_protects.includes(\"sheep\")>>\n\t\t<<transform sheep `-($options.bjx_animal ? $countTransform : 1)`>>\n\t<</if>>\n\n\t<<if $beebuild gte 1 and playerNormalPregnancyType() isnot \"bee\" and !_protects.includes(\"bee\")>>\n\t\t<<transform bee `-($options.bjx_animal ? $countTransform : 1)`>>\n\t<</if>>\n\n\t<<if $deerbuild gte 1 and playerNormalPregnancyType() isnot \"deer\" and !_protects.includes(\"deer\")>>\n\t\t<<transform deer `-($options.bjx_animal ? $countTransform : 1)`>>\n\t<</if>>\n\n\t<<if $bearbuild gte 1 and playerNormalPregnancyType() isnot \"bear\" and !_protects.includes(\"bear\")>>\n\t\t<<transform bear `-($options.bjx_animal ? $countTransform : 1)`>>\n\t<</if>>\n\n\t<<if $dragonbuild gte 1 and playerNormalPregnancyType() isnot \"dragon\" and !_protects.includes(\"dragon\")>>\n\t\t<<transform dragon `-($options.bjx_animal ? $countTransform : 1)`>>\n\t<</if>>\n\n\t<<if $lizardbuild gte 1 and playerNormalPregnancyType() isnot \"lizard\" and !_protects.includes(\"lizard\")>>\n\t\t<<transform lizard `-($options.bjx_animal ? $countTransform : 1)`>>\n\t<</if>>\n\n\t<<if $dolphinbuild gte 1 and playerNormalPregnancyType() isnot \"dolphin\" and !_protects.includes(\"dolphin\")>>\n\t\t<<transform dolphin `-($options.bjx_animal ? $countTransform : 1)`>>\n\t<</if>>\n\n\t<<if $raccoonbuild gte 1 and playerNormalPregnancyType() isnot \"raccoon\" and !_protects.includes(\"raccoon\")>>\n\t\t<<transform raccoon `-($options.bjx_animal ? $countTransform : 1)`>>\n\t<</if>>\n\n\t<<if $fishbuild gte 1 and playerNormalPregnancyType() isnot \"fish\" and !_protects.includes(\"fish\")>>\n\t\t<<transform fish `-($options.bjx_animal ? $countTransform : 1)`>>\n\t<</if>>\n\n\t<<if $horsebuild gte 1 and playerNormalPregnancyType() isnot \"horse\" and !_protects.includes(\"horse\")>>\n\t\t<<transform horse `-($options.bjx_animal ? $countTransform : 1)`>>\n\t<</if>>\n\n\t<<if $spiderbuild gte 1 and playerNormalPregnancyType() isnot \"spider\" and !_protects.includes(\"spider\")>>\n\t\t<<transform spider `-($options.bjx_animal ? $countTransform : 1)`>>\n\t<</if>>\n\n\t<<if $frogbuild gte 1 and playerNormalPregnancyType() isnot \"frog\" and !_protects.includes(\"frog\")>>\n\t\t<<transform frog `-($options.bjx_animal ? $countTransform : 1)`>>\n\t<</if>>\n\n\t<<if $pigbuild gte 1 and playerNormalPregnancyType() isnot \"pig\" and !_protects.includes(\"pig\")>>\n\t\t<<transform pig `-($options.bjx_animal ? $countTransform : 1)`>>\n\t<</if>>\n\n\t<<if $dogbuild gte 1 and playerNormalPregnancyType() isnot \"dog\" and !_protects.includes(\"dog\")>>\n\t\t<<transform dog `-($options.bjx_animal ? $countTransform : 1)`>>\n\t<</if>>\n\t\n\t<<if $wolfgirl gte 6 and !$options.bjx_animal>>\n\t\t<<def 5>>\n\t<</if>>\n\n\t<<transformationAlteration>>\n\n\t<<toggleTransform>>\n\t\n\t/* 北极星 */"
  },
  {
    "passage": "Transformation Widgets",
    "findString": "<<if $transformdisabledivine is \"f\">>\n\t\t<<if ($demonbuild gte 5 and $specialTransform isnot 1) or ($demon gte 1 and $specialTransform is 1)>>\n\t\t\t<<demonTransform $demon>>",
    "replace": "<<if $transformdisabledivine is \"f\">>\n\t\t<<if ($demonbuild gte 5 and $specialTransform isnot 1) or ($demon gte 1 and $specialTransform is 1)>>\n\t\t\t<<demonTransform $demon>>\n\t\t\t/* 北极星模组 */\n\t\t\t<<if $demonhunter gte 2>>\n\t\t\t    <<hunterButNotOut $demonhunter>>\n\t\t\t<</if>>\n\t\t\t/* 北极星 */"
  },
  {
    "passage": "Transformation Widgets",
    "findString": "<<if $transformdisable is \"f\">>\n\t\t<<if ($wolfbuild gte 5 and $physicalTransform isnot 1) or ($wolfgirl gte 1 and $physicalTransform is 1)>>\n\t\t\t<<wolfTransform $wolfgirl>>\n\t\t<<elseif ($catbuild gte 5 and $physicalTransform isnot 1) or ($cat gte 1 and $physicalTransform is 1)>>\n\t\t\t<<catTransform $cat>>\n\t\t<<elseif ($cowbuild gte 5 and $physicalTransform isnot 1) or ($cow gte 1 and $physicalTransform is 1)>>\n\t\t\t<<cowTransform $cow>>\n\t\t<<elseif ($birdbuild gte 5 and $physicalTransform isnot 1) or ($harpy gte 1 and $physicalTransform is 1)>>\n\t\t\t<<harpyTransform $harpy>>\n\t\t<<elseif ($foxbuild gte 5 and $physicalTransform isnot 1) or ($fox gte 1 and $physicalTransform is 1)>>\n\t\t\t<<foxTransform $fox>>\n\t\t<</if>>\n\t<</if>>",
    "replace": "<<if $transformdisable is \"f\">>\n\t    /* 北极星模组 */\n\t\t<<if ($wolfbuild gte 5 and ($physicalTransform isnot 1 or $options.bjx_animal)) or ($wolfgirl gte 1 and $physicalTransform is 1)>>\n\t\t\t<<wolfTransform $wolfgirl>>\n\t\t<</if>>\n\t\t<<if ($catbuild gte 5 and ($physicalTransform isnot 1 or $options.bjx_animal)) or ($cat gte 1 and $physicalTransform is 1)>>\n\t\t\t<<catTransform $cat>>\n\t\t<</if>>\n\t\t<<if ($cowbuild gte 5 and ($physicalTransform isnot 1 or $options.bjx_animal)) or ($cow gte 1 and $physicalTransform is 1)>>\n\t\t\t<<cowTransform $cow>>\n\t\t<</if>>\n\t\t<<if ($birdbuild gte 5 and ($physicalTransform isnot 1 or $options.bjx_animal)) or ($harpy gte 1 and $physicalTransform is 1)>>\n\t\t\t<<harpyTransform $harpy>>\n\t\t<</if>>\n\t\t<<if ($foxbuild gte 5 and ($physicalTransform isnot 1 or $options.bjx_animal)) or ($fox gte 1 and $physicalTransform is 1)>>\n\t\t\t<<foxTransform $fox>>\n\t\t<</if>>\n\t\t<<if ($beebuild gte 5 and ($physicalTransform isnot 1 or $options.bjx_animal)) or ($bee gte 1 and $physicalTransform is 1)>>\n\t\t\t<<beeTransform $bee>>\n\t\t<</if>>\n\t\t<<if ($sheepbuild gte 5 and ($physicalTransform isnot 1 or $options.bjx_animal)) or ($sheep gte 1 and $physicalTransform is 1)>>\n\t\t\t<<sheepTransform $sheep>>\n\t\t<</if>>\n\t\t<<if ($deerbuild gte 5 and ($physicalTransform isnot 1 or $options.bjx_animal)) or ($deer gte 1 and $physicalTransform is 1)>>\n\t\t\t<<deerTransform $deer>>\n\t\t<</if>>\n\t\t<<if ($bearbuild gte 5 and ($physicalTransform isnot 1 or $options.bjx_animal)) or ($bear gte 1 and $physicalTransform is 1)>>\n\t\t\t<<bearTransform $bear>>\n\t\t<</if>>\n\t\t<<if ($dragonbuild gte 5 and ($physicalTransform isnot 1 or $options.bjx_animal)) or ($dragon gte 1 and $physicalTransform is 1)>>\n\t\t\t<<dragonTransform $dragon>>\n\t\t<</if>>\n\t\t<<if ($lizardbuild gte 5 and ($physicalTransform isnot 1 or $options.bjx_animal)) or ($lizard gte 1 and $physicalTransform is 1)>>\n\t\t\t<<lizardTransform $lizard>>\n\t\t<</if>>\n\t\t<<if ($dolphinbuild gte 5 and ($physicalTransform isnot 1 or $options.bjx_animal)) or ($dolphin gte 1 and $physicalTransform is 1)>>\n\t\t\t<<dolphinTransform $dolphin>>\n\t\t<</if>>\n\t\t<<if ($dogbuild gte 5 and ($physicalTransform isnot 1 or $options.bjx_animal)) or ($dog gte 1 and $physicalTransform is 1)>>\n\t\t\t<<dogTransform $dog>>\n\t\t<</if>>\n\t\t<<if ($fishbuild gte 5 and ($physicalTransform isnot 1 or $options.bjx_animal)) or ($fish gte 1 and $physicalTransform is 1)>>\n\t\t\t<<fishTransform $fish>>\n\t\t<</if>>\n\t\t<<if ($raccoonbuild gte 5 and ($physicalTransform isnot 1 or $options.bjx_animal)) or ($raccoon gte 1 and $physicalTransform is 1)>>\n\t\t\t<<raccoonTransform $raccoon>>\n\t\t<</if>>\n\t\t<<if ($horsebuild gte 5 and ($physicalTransform isnot 1 or $options.bjx_animal)) or ($horse gte 1 and $physicalTransform is 1)>>\n\t\t\t<<horseTransform $horse>>\n\t\t<</if>>\n\t\t<<if ($spiderbuild gte 5 and ($physicalTransform isnot 1 or $options.bjx_animal)) or ($spider gte 1 and $physicalTransform is 1)>>\n\t\t\t<<spiderTransform $spider>>\n\t\t<</if>>\n\t\t<<if ($frogbuild gte 5 and ($physicalTransform isnot 1 or $options.bjx_animal)) or ($frog gte 1 and $physicalTransform is 1)>>\n\t\t\t<<frogTransform $frog>>\n\t\t<</if>>\n\t\t<<if ($pigbuild gte 5 and ($physicalTransform isnot 1 or $options.bjx_animal)) or ($pig gte 1 and $physicalTransform is 1)>>\n\t\t\t<<pigTransform $pig>>\n\t\t<</if>>\n\t\t/* 北极星 */\n\t<</if>>"
  },
  {
    "passage": "Transformation Widgets",
    "findString": "\t\t<<set $transformationParts.fallenAngel.halo to ($transformationParts.angel.halo is \"hidden\" ? \"default\" : $transformationParts.angel.halo)>>",
    "replace": "\t\t/* 北极星模组 */\n\t\t<<clearhalo>>\n\t\t<<clearwings>>\n\t\t<<set $transformationParts.fallenAngel.halo to \"default\">>\n\t\t/* 北极星 */"
  },
  {
    "passage": "Transformation Widgets",
    "findString": "<span class=\"gold\">柔软羽毛的熟悉感受使你充满了希望。</span>",
    "replace": "<span class=\"gold\">柔软羽毛的熟悉感受使你充满了希望。</span>\n\t\t\t\t\t/* 北极星模组 */\n\t\t\t\t\t<<clearwings>>\n\t\t\t\t\t/* 北极星 */"
  },
  {
    "passage": "Transformation Widgets",
    "findString": "<<set $transformationParts.fallenAngel.wings to \"hidden\">>\n\t\t\t\t\t<</if>>\n\t\t\t\t<</if>>",
    "replace": "<<set $transformationParts.fallenAngel.wings to \"hidden\">>\n\t\t\t\t\t<</if>>\n\t\t\t\t<</if>>\n\t\t\t/* 北极星模组 */\n\t\t\t<<case 5>>\n\t\t\t\t<<if $fallenbuild gte 30 and $angelbuild gte 30>>\n\t\t\t\t\t<<set $fallenangel to 6>>\n\t\t\t\t\t<span class=\"gold\">在光明与黑暗的交织中，你体会到了混沌的真谛。</span>\n\t\t\t\t\t<<clearwings>>\n\t\t\t\t\t<<set $transformationParts.fallenAngel.wings to \"fallenplus\">>\n\t\t\t\t<</if>>\n            /* 北极星 */"
  },
  {
    "passage": "Transformation Widgets",
    "findString": "<<case 99>>\n\t\t\t\t<<set $specialTransform to 0>>",
    "replace": "<<case 99>>\n\t\t\t    /* 北极星模组 */\n\t\t\t\t<<toggleTransform>>\n\t\t\t\t/* 北极星 */"
  },
  {
    "passage": "Transformation Widgets",
    "findString": "\t<<set $transformationParts.fallenAngel.halo to \"disabled\">>\n\t<<set $transformationParts.fallenAngel.wings to \"disabled\">>",
    "replace": "    /* 北极星模组 */\n    <<clearhalo>>\n\t<<clearwings>>\n\t<<cleartail>>\n\t<<clearwings>>\n\t/* 北极星 */\n\t<<set $transformationParts.fallenAngel.halo to \"disabled\">>\n\t<<set $transformationParts.fallenAngel.wings to \"disabled\">>\n"
  },
  {
    "passage": "Transformation Widgets",
    "findString": "\t<<set $transformationParts.demon.horns to \"default\">>\n\t<<set $transformationParts.demon.tail to \"default\">>",
    "replace": "\t<<set $transformationParts.demon.horns to \"default\">>\n\t<<set $transformationParts.demon.tail to \"default\">>\n\t/* 北极星模组 */\n\t<<set $hastail to \"true\">>\n\t/* 北极星 */"
  },
  {
    "passage": "Transformation Widgets",
    "findString": "<<case 0>>\n\t\t\t\t<<if $angelbuild gte 25>>",
    "replace": "<<case 0>>\n\t\t\t    /* 北极星模组 */\n\t\t\t\t<<if $angelbuild gte 25 and $transformdisabledivine is \"f\" and $specialTransform isnot 1>>\n\t\t\t\t/* 北极星 */"
  },
  {
    "passage": "Transformation Widgets",
    "findString": "<<case 1>>\n\t\t\t\t<<if $angelbuild gte 30>>",
    "replace": "<<case 1>>\n\t\t\t    /* 北极星模组 */\n\t\t\t\t<<if $angelbuild gte 30 and $transformdisabledivine is \"f\">>\n\t\t\t\t/* 北极星 */"
  },
  {
    "passage": "Transformation Widgets",
    "findString": "<<elseif $angelbuild lt 25>>\n\t\t\t\t\t<<set $angel to 0>><<set $specialTransform to 0>>",
    "replace": "<<elseif $angelbuild lt 25>>\n\t\t\t\t    /* 北极星模组 */\n\t\t\t\t\t<<set $angel to 0>>\n    \t\t\t\t<<toggleTransform>>\n    \t\t\t\t/* 北极星 */"
  },
  {
    "passage": "Transformation Widgets",
    "findString": "<<case 2>>\n\t\t\t\t<<if $angelbuild gte 35>>",
    "replace": "<<case 2>>\n\t\t\t    /* 北极星模组 */\n\t\t\t\t<<if $angelbuild gte 35 and $transformdisabledivine is \"f\">>\n\t\t\t\t/* 北极星 */"
  },
  {
    "passage": "Transformation Widgets",
    "findString": "<<case 3>>\n\t\t\t\t<<if $angelbuild gte 40>>",
    "replace": "<<case 3>>\n\t\t\t    /* 北极星模组 */\n\t\t\t\t<<if $angelbuild gte 40 and $transformdisabledivine is \"f\">>\n\t\t\t\t/* 北极星 */"
  },
  {
    "passage": "Transformation Widgets",
    "findString": "<span class=\"gold\">金色的光芒在你头顶闪耀。</span>",
    "replace": "<span class=\"gold\">金色的光芒在你头顶闪耀。</span>\n\t\t\t\t\t/* 北极星模组 */\n\t\t\t\t\t<<clearhalo>>\n\t\t\t\t\t/* 北极星 */"
  },
  {
    "passage": "Transformation Widgets",
    "findString": "<<set $transformationParts.angel.wings to \"default\">>\n\t\t\t\t\t<<if $transformationParts.bird.wings is \"default\">>",
    "replace": "\t\t\t\t\t/* 北极星模组 */\n\t\t\t\t\t<<clearwings>>\n\t\t\t\t\t/* 北极星 */\n\t\t\t\t\t<<set $transformationParts.angel.wings to \"default\">>\n\t\t\t\t\t<<if $transformationParts.bird.wings is \"default\">>"
  },
  {
    "passage": "Transformation Widgets",
    "findString": "<<case 99>>\n\t\t\t\t<<set $specialTransform to 0>>\n\t\t\t\t<<set $angel to 0>>",
    "replace": "\t<<case 99>>\n\t\t\t\t/* 北极星模组 */\n\t\t\t\t<<toggleTransform>>\n\t\t\t\t/* 北极星 */\n\t\t\t\t<<set $angel to 0>>"
  },
  {
    "passage": "Transformation Widgets",
    "findString": "<<set $angel to 6>>\n\t\t<<set $angelbuild to 50>>",
    "replace": "<<set $angel to 6>>\n\t\t<<set $angelbuild to 50>>\n\t\t/* 北极星模组 */\n\t\t<<clearhalo>>\n\t\t<<clearwings>>\n\t\t/* 北极星 */"
  },
  {
    "passage": "Transformation Widgets",
    "findString": "<span class=\"gold\">坚硬的犄角从你头上长出。</span>\n\t\t\t\t\t<<garousal>><<arousal 600>>",
    "replace": "<span class=\"gold\">坚硬的犄角从你头上长出。</span>\n\t\t\t\t\t<<garousal>><<arousal 600>>\n\t\t\t\t\t/* 北极星模组 */\n\t\t\t\t\t<<clearhorns>>\n\t\t\t\t\t/* 北极星 */"
  },
  {
  "passage": "Transformation Widgets",
  "findString": "<<set $demon to 0>><<set $specialTransform to 0>>",
  "replace": "/* 北极星模组 */\n\t\t\t\t\t<<set $demon to 0>>\n    \t\t\t\t<<toggleTransform>>\n    \t\t\t\t/* 北极星 */"
  },
  {
    "passage": "Transformation Widgets",
    "findString": "<span class=\"gold\">一条尾巴从你的后背伸展而出。</span>\n\t\t\t\t\t<<set $transformationParts.demon.tail to \"default\">>",
    "replace": "<span class=\"gold\">一条尾巴从你的后背伸展而出。</span>\n\t\t\t\t\t/* 北极星模组 */\n\t\t\t\t\t<<cleartail>>\n\t\t\t\t\t<<set $transformationParts.demon.tail to \"default\">>\n\t\t\t\t\t<<set $hastail to \"true\">>\n\t\t\t\t\t/* 北极星 */"
  },
  {
    "passage": "Transformation Widgets",
    "findString": "<span class=\"gold\">你的尾巴消失了。</span>\n\t\t\t\t\t<<set $transformationParts.demon.tail to \"disabled\">>",
    "replace": "<span class=\"gold\">你的尾巴消失了。</span>\n\t\t\t\t\t<<set $transformationParts.demon.tail to \"disabled\">>\n\t\t\t\t\t/* 北极星模组 */\n\t\t\t\t\t<<set $hastail to \"false\">>\n\t\t\t\t\t/* 北极星 */"
  },
  {
    "passage": "Transformation Widgets",
    "findString": "<span class=\"gold\">你感到轻盈无比。新生的翅膀轻轻拍打着你的脸颊。</span>\n\t\t\t\t\t<<garousal>><<arousal 600>>",
    "replace": "<span class=\"gold\">你感到轻盈无比。新生的翅膀轻轻拍打着你的脸颊。</span>\n\t\t\t\t\t<<garousal>><<arousal 600>>\n\t\t\t\t\t/* 北极星模组 */\n\t\t\t\t\t<<clearwings>>\n\t\t\t\t\t/* 北极星 */"
  },
  {
    "passage": "Transformation Widgets",
    "findString": "<<case 99>>\n\t\t\t\t<<set $specialTransform to 0>>\n\t\t\t\t<<set $demon to 0>>\n\t\t\t\t<<set $demonbuild to 0>>\n\t\t\t\t<<set $transformationParts.demon.horns to \"disabled\">>\n\t\t\t\t<<set $transformationParts.demon.tail to \"disabled\">>\n",
    "replace": "<<case 99>>\n\t\t\t\t/* 北极星模组 */\n\t\t\t\t<<toggleTransform>>\n\t\t\t\t/* 北极星 */\n\t\t\t\t<<set $demon to 0>>\n\t\t\t\t<<set $demonbuild to 0>>\n\t\t\t\t<<set $transformationParts.demon.horns to \"disabled\">>\n\t\t\t\t<<set $transformationParts.demon.tail to \"disabled\">>\n\t\t\t\t/* 北极星模组 */\n\t\t\t\t<<set $hastail to \"false\">>\n\t\t\t\t/* 北极星 */\n"
  },
  {
    "passage": "Transformation Widgets",
    "findString": "<<set $demon to 6>>\n\t\t<<set $demonbuild to 30>>\n\t\t<<set $transformationParts.demon.horns to \"default\">>\n\t\t<<set $transformationParts.demon.tail to \"default\">>\n",
    "replace": "<<set $demon to 6>>\n\t\t<<set $demonbuild to 30>>\n\t\t/* 北极星模组 */\n\t\t<<clearhorns>>\n\t\t<<cleartail>>\n\t\t<<clearwings>>\n\t\t/* 北极星 */\n\t\t<<set $transformationParts.demon.horns to \"default\">>\n\t\t<<set $transformationParts.demon.tail to \"default\">>\n\t\t/* 北极星模组 */\n\t\t<<set $hastail to \"true\">>\n\t\t/* 北极星 */\n"
  },
  {
    "passage": "Transformation Widgets",
    "findString": "<<case 0>>\n\t\t\t\t<<if $wolfbuild gte 5>>\n\t\t\t\t\t<<set $wolfgirl to 1>>\n\t\t\t\t\t<<set $physicalTransform to 1>>",
    "replace": "<<case 0>>\n\t\t\t    /* 北极星模组 */\n\t\t\t\t<<if $wolfbuild gte 5 and $transformdisable is \"f\">>\n\t\t\t\t/* 北极星 */\n\t\t\t\t\t<<set $wolfgirl to 1>>\n\t\t\t\t\t/* 北极星模组 */\n\t\t\t\t\t<<toggleTransform>>\n\t\t\t\t\t/* 北极星 */\n"
  },
  {
    "passage": "Transformation Widgets",
    "findString": "<<case 1>>\n\t\t\t\t<<if $wolfbuild gte 10>>\n",
    "replace": "<<case 1>>\n\t\t\t    /* 北极星模组 */\n\t\t\t\t<<if $wolfbuild gte 10 and $transformdisable is \"f\">>\n\t\t\t\t/* 北极星 */\n"
  },
  {
    "passage": "Transformation Widgets",
    "findString": "<<set $transformationParts.traits.fangs to \"default\">>\n\t\t\t\t\t<<set $transformationParts.wolf.cheeks to \"hidden\">>",
    "replace": "<<set $transformationParts.traits.fangs to \"default\">>\n\t\t\t\t\t/* 北极星模组 */\n\t\t\t\t\t<<set $transformationParts.wolf.cheeks to \"feral\">>\n\t\t\t\t\t/* 北极星 */"
  },
  {
    "passage": "Transformation Widgets",
    "findString": "<<set $wolfgirl to 0>>\n\t\t\t\t\t<<set $physicalTransform to 0>>",
    "replace": "<<set $wolfgirl to 0>>\n\t\t\t\t\t/* 北极星模组 */\n\t\t\t\t\t<<toggleTransform>>\n\t\t\t\t\t/* 北极星 */"
  },
  {
    "passage": "Transformation Widgets",
    "findString": "<<case 2>>\n\t\t\t\t<<if $wolfbuild gte 15>>\n\t\t\t\t\t<<set $wolfgirl to 3>>",
    "replace": "<<case 2>>\n\t\t\t    /* 北极星模组 */\n\t\t\t\t<<if $wolfbuild gte 15 and $transformdisable is \"f\">>\n\t\t\t\t/* 北极星 */\n\t\t\t\t\t<<set $wolfgirl to 3>>"
  },
  {
    "passage": "Transformation Widgets",
    "findString": "<<case 3>>\n\t\t\t\t<<if $wolfbuild gte 20>>\n\t\t\t\t\t<<set $wolfgirl to 4>>",
    "replace": "<<case 3>>\n\t\t\t    /* 北极星模组 */\n\t\t\t\t<<if $wolfbuild gte 20 and $transformdisable is \"f\">>\n\t\t\t\t/* 北极星 */\n\t\t\t\t\t<<set $wolfgirl to 4>>"
  },
  {
    "passage": "Transformation Widgets",
    "findString": "<<print ($pbdisable is \"f\" ? \"你还注意到自己的阴部长出了又长又蓬松的毛发。\":\"\")>></span>",
    "replace": "<<print ($pbdisable is \"f\" ? \"你还注意到自己的阴部长出了又长又蓬松的毛发。\":\"\")>></span>\n\t\t\t\t\t<<clearears>>"
  },
  {
    "passage": "Transformation Widgets",
    "findString": "<<case 4>>\n\t\t\t\t<<if $wolfbuild gte 25>>\n\t\t\t\t\t<<set $wolfgirl to 5>>",
    "replace": "<<case 4>>\n\t\t\t    /* 北极星模组 */\n\t\t\t\t<<if $wolfbuild gte 25 and $transformdisable is \"f\">>\n\t\t\t\t/* 北极星 */\n\t\t\t\t\t<<set $wolfgirl to 5>>"
  },
  {
    "passage": "Transformation Widgets",
    "findString": "<<case 5>>\n\t\t\t\t<<if $wolfbuild gte 30>>\n\t\t\t\t\t<<set $wolfgirl to 6>>",
    "replace": "<<case 5>>\n\t\t\t    /* 北极星模组 */\n\t\t\t\t<<if $wolfbuild gte 30 and $transformdisable is \"f\">>\n\t\t\t\t/* 北极星 */\n\t\t\t\t\t<<set $wolfgirl to 6>>"
  },
  {
    "passage": "Transformation Widgets",
    "findString": "<span class=\"gold\">你感觉尾椎骨上似乎有什么重物。你把手伸到身后，摸到了一条狼尾巴。</span>\n\t\t\t\t\t<<set $transformationParts.wolf.tail to \"default\">>",
    "replace": "<span class=\"gold\">你感觉尾椎骨上似乎有什么重物。你把手伸到身后，摸到了一条狼尾巴。</span>\n\t\t\t\t\t/* 北极星模组 */\n\t\t\t\t\t<<cleartail>>\n\t\t\t\t\t<<set $transformationParts.wolf.tail to \"default\">>\n\t\t\t\t\t<<set $hastail to \"true\">>\n\t\t\t\t\t/* 北极星 */"
  },
  {
    "passage": "Transformation Widgets",
    "findString": "<<set $transformationParts.wolf.tail to \"disabled\">>",
    "replace": "<<set $transformationParts.wolf.tail to \"disabled\">>\n\t\t\t\t\t/* 北极星模组 */\n\t\t\t\t\t<<set $hastail to \"false\">>\n\t\t\t\t\t/* 北极星 */"
  },
  {
    "passage": "Transformation Widgets",
    "findString": "<<case 99>>\n\t\t\t\t<<set $physicalTransform to 0>>\n\t\t\t\t<<set $wolfgirl to 0>>",
    "replace": "<<case 99>>\n\t\t\t\t/* 北极星模组 */\n\t\t\t\t<<toggleTransform>>\n\t\t\t\t/* 北极星 */\n\t\t\t\t<<set $wolfgirl to 0>>"
  },
  {
    "passage": "Transformation Widgets",
    "findString": "<<set $transformationParts.wolf.pits to \"disabled\">>\n\t\t\t\t<<set $transformationParts.wolf.tail to \"disabled\">>",
    "replace": "<<set $transformationParts.wolf.pits to \"disabled\">>\n\t\t\t\t<<set $transformationParts.wolf.tail to \"disabled\">>\n\t\t\t\t/* 北极星模组 */\n\t\t\t\t<<set $hastail to \"false\">>\n\t\t\t\t/* 北极星 */"
  },
  {
    "passage": "Transformation Widgets",
    "findString": "<<clearAnimalTransformations>>\n\t\t<<set $physicalTransform to 1>>\n\t\t<<set $wolfgirl to 6>>\n\t\t<<set $wolfbuild to 100>>\n\t\t<<set $transformationParts.traits.fangs to \"default\">>\n\t\t<<set $transformationParts.wolf.cheeks to \"hidden\">>\n\t\t<<set $transformationParts.wolf.ears to \"default\">>\n\t\t<<set $transformationParts.wolf.pubes to ($pbdisable is \"f\"? \"default\" : \"hidden\")>>\n\t\t<<set $transformationParts.wolf.pits to ($pbdisable is \"f\"? \"default\" : \"hidden\")>>\n\t\t<<set $transformationParts.wolf.tail to \"default\">>",
    "replace": "<<clearAnimalTransformations>>\n\t\t/* 北极星模组 */\n\t\t<<toggleTransform>>\n\t\t/* 北极星 */\n\t\t<<set $wolfgirl to 6>>\n\t\t<<set $wolfbuild to 100>>\n\t\t/* 北极星模组 */\n\t\t<<clearcheeks>>\n\t\t<<clearears>>\n\t\t<<cleartail>>\n\t\t/* 北极星 */\n\t\t<<set $transformationParts.traits.fangs to \"default\">>\n\t\t/* 北极星模组 */\n\t\t<<set $transformationParts.wolf.cheeks to \"feral\">>\n\t\t/* 北极星 */\n\t\t<<set $transformationParts.wolf.ears to \"default\">>\n\t\t<<set $transformationParts.wolf.pubes to ($pbdisable is \"f\"? \"default\" : \"hidden\")>>\n\t\t<<set $transformationParts.wolf.pits to ($pbdisable is \"f\"? \"default\" : \"hidden\")>>\n\t\t<<set $transformationParts.wolf.tail to \"default\">>\n\t\t/* 北极星模组 */\n\t\t<<set $hastail to \"true\">>\n\t\t/* 北极星 */"
  },
  {
    "passage": "Transformation Widgets",
    "findString": "<<case 0>>\n\t\t\t\t<<if $catbuild gte 25>>\n\t\t\t\t\t<<set $cat to 1>>\n\t\t\t\t\t<<set $physicalTransform to 1>>",
    "replace": "<<case 0>>\n\t\t\t    /* 北极星模组 */\n\t\t\t\t<<if $catbuild gte 25 and $transformdisable is \"f\">>\n\t\t\t\t/* 北极星 */\n\t\t\t\t\t<<set $cat to 1>>\n\t\t\t\t\t/* 北极星模组 */\n\t\t\t\t\t<<toggleTransform>>\n\t\t\t\t\t/* 北极星 */"
  },
  {
    "passage": "Transformation Widgets",
    "findString": "<<elseif $catbuild lt 25>>\n\t\t\t\t\t<<set $cat to 0>><<set $physicalTransform to 0>>",
    "replace": "<<elseif $catbuild lt 25>>\n\t\t\t\t\t<<set $cat to 0>>\n\t\t\t\t\t/* 北极星模组 */\n\t\t\t\t\t<<toggleTransform>>\n\t\t\t\t\t/* 北极星 */"
  },
  {
    "passage": "Transformation Widgets",
    "findString": "<span class=\"gold\">你感到头上有什么东西抽动了一下。你伸出手去摸了摸，是一对猫耳。</span>",
    "replace": "<span class=\"gold\">你感到头上有什么东西抽动了一下。你伸出手去摸了摸，是一对猫耳。</span>\n\t\t\t\t\t/* 北极星模组 */\n\t\t\t\t\t<<clearears>>\n\t\t\t\t\t/* 北极星 */"
  },
  {
    "passage": "Transformation Widgets",
    "findString": "<span class=\"gold\">你感觉尾椎骨上有什么重物，它似乎带给了你完美的平衡感。你把手伸到后面，摸到了你新长出来的猫猫尾巴。</span>\n\t\t\t\t\t<<set $transformationParts.cat.tail to \"default\">>",
    "replace": "<span class=\"gold\">你感觉尾椎骨上有什么重物，它似乎带给了你完美的平衡感。你把手伸到后面，摸到了你新长出来的猫猫尾巴。</span>\n\t\t\t\t\t/* 北极星模组 */\n\t\t\t\t\t<<cleartail>>\n\t\t\t\t\t<<set $transformationParts.cat.tail to \"default\">>\n\t\t\t\t\t<<set $hastail to \"true\">>\n\t\t\t\t\t/* 北极星 */"
  },
  {
    "passage": "Transformation Widgets",
    "findString": "<<case 6>>\n\t\t\t\t<<if $catbuild gte 55>>\n\t\t\t\t\t<<set $cat to 7>>",
    "replace": "<<case 6>>\n\t\t\t    /* 北极星模组 */\n\t\t\t\t<<if $catbuild gte 55 and $transformdisable is \"f\">>\n\t\t\t\t/* 北极星 */\n\t\t\t\t\t<<set $cat to 7>>"
  },
  {
    "passage": "Transformation Widgets",
    "findString": "<<set $transformationParts.cat.tail to \"disabled\">>\n\t\t\t\t\t<<set $transformationParts.cat.heterochromia to \"disabled\">>",
    "replace": "<<set $transformationParts.cat.tail to \"disabled\">>\n\t\t\t\t\t/* 北极星模组 */\n\t\t\t\t\t<<set $hastail to \"false\">>\n\t\t\t\t\t/* 北极星 */\n\t\t\t\t\t<<set $transformationParts.cat.heterochromia to \"disabled\">>"
  },
  {
    "passage": "Transformation Widgets",
    "findString": "<<case 7>>\n\t\t\t\t<<if $catbuild gte 60>>\n\t\t\t\t\t<<set $cat to 8>>",
    "replace": "<<case 7>>\n\t\t\t    /* 北极星模组 */\n\t\t\t\t<<if $catbuild gte 60 and $transformdisable is \"f\">>\n\t\t\t\t/* 北极星 */\n\t\t\t\t\t<<set $cat to 8>>"
  },
  {
    "passage": "Transformation Widgets",
    "findString": "<<case 8>>\n\t\t\t\t<<if $catbuild gte 65>>\n\t\t\t\t\t<<set $cat to 9>>",
    "replace": "<<case 8>>\n\t\t\t    /* 北极星模组 */\n\t\t\t\t<<if $catbuild gte 65 and $transformdisable is \"f\">>\n\t\t\t\t/* 北极星 */\n\t\t\t\t\t<<set $cat to 9>>"
  },
  {
    "passage": "Transformation Widgets",
    "findString": "<<case 9>>\n\t\t\t\t<<if $catbuild gte 70>>\n\t\t\t\t\t<<set $cat to 10>>",
    "replace": "<<case 9>>\n\t\t\t    /* 北极星模组 */\n\t\t\t\t<<if $catbuild gte 70 and $transformdisable is \"f\">>\n\t\t\t\t/* 北极星 */\n\t\t\t\t\t<<set $cat to 10>>"
  },
  {
    "passage": "Transformation Widgets",
    "findString": "<<case 99>>\n\t\t\t\t<<set $physicalTransform to 0>>\n\t\t\t\t<<set $cat to 0>>\n\t\t\t\t<<set $catbuild to 0>>\n\t\t\t\t<<set $transformationParts.traits.fangs to \"disabled\">>\n\t\t\t\t<<set $transformationParts.traits.sharpEyes to \"disabled\">>\n\t\t\t\t<<set $transformationParts.cat.ears to \"disabled\">>\n\t\t\t\t<<set $transformationParts.cat.tail to \"disabled\">>",
    "replace": "<<case 99>>\n\t\t\t\t/* 北极星模组 */\n\t\t\t\t<<toggleTransform>>\n\t\t\t\t/* 北极星 */\n\t\t\t\t<<set $cat to 0>>\n\t\t\t\t<<set $catbuild to 0>>\n\t\t\t\t<<set $transformationParts.traits.fangs to \"disabled\">>\n\t\t\t\t<<set $transformationParts.traits.sharpEyes to \"disabled\">>\n\t\t\t\t<<set $transformationParts.cat.ears to \"disabled\">>\n\t\t\t\t<<set $transformationParts.cat.tail to \"disabled\">>\n\t\t\t\t/* 北极星模组 */\n\t\t\t\t<<set $hastail to \"false\">>\n\t\t\t\t/* 北极星 */"
  },
  {
    "passage": "Transformation Widgets",
    "findString": "<<clearAnimalTransformations>>\n\t\t<<set $physicalTransform to 1>>\n\t\t<<set $cat to 6>>\n\t\t<<set $catbuild to 100>>",
    "replace": "<<clearAnimalTransformations>>\n\t\t/* 北极星模组 */\n\t\t<<toggleTransform>>\n\t\t/* 北极星 */\n\t\t<<set $cat to 6>>\n\t\t<<set $catbuild to 100>>\n\t\t/* 北极星模组 */\n\t\t<<clearears>>\n\t\t<<cleartail>>\n\t\t/* 北极星 */"
  },
  {
    "passage": "Transformation Widgets",
    "findString": "<<set $transformationParts.cat.ears to \"default\">>\n\t\t<<set $transformationParts.cat.tail to \"default\">>",
    "replace": "<<set $transformationParts.cat.ears to \"default\">>\n\t\t<<set $transformationParts.cat.tail to \"default\">>\n\t\t/* 北极星模组 */\n\t\t<<set $hastail to \"true\">>\n\t\t/* 北极星 */"
  },
  {
    "passage": "Transformation Widgets",
    "findString": "<<case 0>>\n\t\t\t\t<<if $cowbuild gte 5>>\n\t\t\t\t\t<<set $cow to 1>>\n\t\t\t\t\t<<set $physicalTransform to 1>>",
    "replace": "<<case 0>>\n\t\t\t    /* 北极星模组 */\n\t\t\t\t<<if $cowbuild gte 5 and $transformdisable is \"f\">>\n\t\t\t\t/* 北极星 */\n\t\t\t\t\t<<set $cow to 1>>\n\t\t\t\t\t/* 北极星模组 */\n\t\t\t\t\t<<toggleTransform>>\n\t\t\t\t\t/* 北极星 */"
  },
  {
    "passage": "Transformation Widgets",
    "findString": "<<if $cowbuild gte 10>>\n\t\t\t\t\t<<set $cow to 2>>",
    "replace": " /* 北极星模组 */\n\t\t\t\t<<if $cowbuild gte 10 and $transformdisable is \"f\">>\n\t\t\t\t/* 北极星 */\n\t\t\t\t\t<<set $cow to 2>>\n\t\t\t\t\t/* 北极星模组 */\n\t\t\t\t\t<<clearhorns>>\n\t\t\t\t\t/* 北极星 */"
  },
  {
    "passage": "Transformation Widgets",
    "findString": "<<set $cow to 0>><<set $physicalTransform to 0>>",
    "replace": "<<set $cow to 0>>\n\t\t\t\t\t/* 北极星模组 */\n\t\t\t\t\t<<toggleTransform>>\n\t\t\t\t\t/* 北极星 */"
  },
  {
    "passage": "Transformation Widgets",
    "findString": "<<if $cowbuild gte 15>>",
    "replace": " /* 北极星模组 */\n\t\t\t\t<<if $cowbuild gte 15 and $transformdisable is \"f\">>\n\t\t\t\t/* 北极星 */"
  },
  {
    "passage": "Transformation Widgets",
    "findString": "<<if $cowbuild gte 20>>\n\t\t\t\t\t<<set $cow to 4>>",
    "replace": " /* 北极星模组 */\n\t\t\t\t<<if $cowbuild gte 20 and $transformdisable is \"f\">>\n\t\t\t\t/* 北极星 */\n\t\t\t\t\t<<set $cow to 4>>\n\t\t\t\t\t/* 北极星模组 */\n\t\t\t\t\t<<clearears>>\n\t\t\t\t\t/* 北极星 */"
  },
  {
    "passage": "Transformation Widgets",
    "findString": "<<if $cowbuild gte 25>>",
    "replace": "/* 北极星模组 */\n\t\t\t\t<<if $cowbuild gte 25 and $transformdisable is \"f\">>\n\t\t\t\t/* 北极星 */"
  },
  {
    "passage": "Transformation Widgets",
    "findString": "<<if $cowbuild gte 30>>\n\t\t\t\t\t<<set $cow to 6>>\n\t\t\t\t\t<<set $semen_max to 6000>>\n\t\t\t\t\t<<set $milk_max to 6000>>\n\t\t\t\t\t<<set $transformationParts.cow.tail to \"default\">>",
    "replace": "/* 北极星模组 */\n\t\t\t\t<<if $cowbuild gte 30 and $transformdisable is \"f\">>\n\t\t\t\t/* 北极星 */\n\t\t\t\t\t<<set $cow to 6>>\n\t\t\t\t\t<<set $semen_max to 6000>>\n\t\t\t\t\t<<set $milk_max to 6000>>\n\t\t\t\t\t/* 北极星模组 */\n\t\t\t\t\t<<cleartail>>\n\t\t\t\t\t<<set $transformationParts.cow.tail to \"default\">>\n\t\t\t\t\t<<set $hastail to \"true\">>\n\t\t\t\t\t/* 北极星 */"
  },
  {
    "passage": "Transformation Widgets",
    "findString": "<<set $transformationParts.cow.tail to \"disabled\">>",
    "replace": "<<set $transformationParts.cow.tail to \"disabled\">>\n\t\t\t\t\t/* 北极星模组 */\n\t\t\t\t\t<<set $hastail to \"false\">>\n\t\t\t\t\t/* 北极星 */"
  },
  {
    "passage": "Transformation Widgets",
    "findString": "<<case 99>>\n\t\t\t\t<<set $physicalTransform to 0>>\n\t\t\t\t<<set $cow to 0>>\n\t\t\t\t<<set $cowbuild to 0>>\n\t\t\t\t<<set $semen_max to 3000>>\n\t\t\t\t<<set $milk_max to 3000>>\n\t\t\t\t<<set $transformationParts.cow.tail to \"disabled\">>",
    "replace": "<<case 99>>\n\t\t\t\t/* 北极星模组 */\n\t\t\t\t<<toggleTransform>>\n\t\t\t\t/* 北极星 */\n\t\t\t\t<<set $cow to 0>>\n\t\t\t\t<<set $cowbuild to 0>>\n\t\t\t\t<<set $semen_max to 3000>>\n\t\t\t\t<<set $milk_max to 3000>>\n\t\t\t\t<<set $transformationParts.cow.tail to \"disabled\">>\n\t\t\t\t/* 北极星模组 */\n\t\t\t\t<<set $hastail to \"false\">>\n\t\t\t\t/* 北极星 */"
  },
  {
    "passage": "Transformation Widgets",
    "findString": "<<clearAnimalTransformations>>\n\t\t<<set $physicalTransform to 1>>\n\t\t<<set $cow to 6>>\n\t\t<<set $cowbuild to 100>>\n\t\t<<set $semen_max to 6000>>\n\t\t<<set $milk_max to 6000>>\n\t\t<<set $transformationParts.cow.horns to \"default\">>\n\t\t<<set $transformationParts.cow.ears to \"default\">>\n\t\t<<set $transformationParts.cow.tail to \"default\">>",
    "replace": "<<clearAnimalTransformations>>\n\t\t/* 北极星模组 */\n\t\t<<toggleTransform>>\n\t\t/* 北极星 */\n\t\t<<set $cow to 6>>\n\t\t<<set $cowbuild to 100>>\n\t\t<<set $semen_max to 6000>>\n\t\t<<set $milk_max to 6000>>\n\t\t/* 北极星模组 */\n\t\t<<clearhorns>>\n\t\t<<clearears>>\n\t\t<<cleartail>>\n\t\t/* 北极星 */\n\t\t<<set $transformationParts.cow.horns to \"default\">>\n\t\t<<set $transformationParts.cow.ears to \"default\">>\n\t\t<<set $transformationParts.cow.tail to \"default\">>\n\t\t/* 北极星模组 */\n\t\t<<set $hastail to \"true\">>\n\t\t/* 北极星 */"
  },
  {
    "passage": "Transformation Widgets",
    "findString": "<<if $birdbuild gte 5 and $physicalTransform isnot 1>>\n\t\t\t\t\t<<set $harpy to 1>>\n\t\t\t\t\t<<set $physicalTransform to 1>>",
    "replace": "/* 北极星模组 */\n\t\t\t\t<<if $birdbuild gte 5 and $transformdisable is \"f\">>\n\t\t\t\t/* 北极星 */\n\t\t\t\t\t<<set $harpy to 1>>\n\t\t\t\t\t/* 北极星模组 */\n\t\t\t\t\t<<toggleTransform>>\n\t\t\t\t\t/* 北极星 */"
  },
  {
    "passage": "Transformation Widgets",
    "findString": "<<if $birdbuild gte 10>>",
    "replace": "<<if $birdbuild gte 10 and $transformdisable is \"f\">>"
  },
  {
    "passage": "Transformation Widgets",
    "findString": "<span class=\"gold\">你感觉眼睛有些奇怪。你的视力提高了。</span>",
    "replace": "<span class=\"gold\">你感觉眼睛有些奇怪。你的视力提高了。</span>\n\t\t\t\t\t/* 北极星模组 */\n\t\t\t\t\t<<cleareyes>>\n\t\t\t\t\t/* 北极星 */"
  },
  {
    "passage": "Transformation Widgets",
    "findString": "<<set $harpy to 0>><<set $physicalTransform to 0>>",
    "replace": "<<set $harpy to 0>>\n\t\t\t\t\t/* 北极星模组 */\n\t\t\t\t\t<<toggleTransform>>\n\t\t\t\t\t/* 北极星 */"
  },
  {
    "passage": "Transformation Widgets",
    "findString": "<<if $birdbuild gte 15>>",
    "replace": "/* 北极星模组 */\n\t\t\t\t<<if $birdbuild gte 15 and $transformdisable is \"f\">>\n\t\t\t\t/* 北极星 */"
  },
  {
    "passage": "Transformation Widgets",
    "findString": "<<if $birdbuild gte 20>>",
    "replace": "/* 北极星模组 */\n\t\t\t\t<<if $birdbuild gte 20 and $transformdisable is \"f\">>\n\t\t\t\t/* 北极星 */"
  },
  {
    "passage": "Transformation Widgets",
    "findString": "<span class=\"gold\">你感觉自己变得轻盈了。你把手伸到身后，摸到了一条长着羽毛的尾巴。你的脖子也被一层短小的羽毛保护着。</span>\n\t\t\t\t\t<<set $transformationParts.bird.tail to \"default\">>",
    "replace": "<span class=\"gold\">你感觉自己变得轻盈了。你把手伸到身后，摸到了一条长着羽毛的尾巴。你的脖子也被一层短小的羽毛保护着。</span>\n\t\t\t\t\t/* 北极星模组 */\n\t\t\t\t\t<<cleartail>>\n\t\t\t\t\t<<set $transformationParts.bird.tail to \"default\">>\n\t\t\t\t\t<<set $hastail to \"true\">>\n\t\t\t\t\t/* 北极星 */"
  },
  {
    "passage": "Transformation Widgets",
    "findString": "<<if $birdbuild gte 25>>",
    "replace": "/* 北极星模组 */\n\t\t\t\t<<if $birdbuild gte 25 and $transformdisable is \"f\">>\n\t\t\t\t/* 北极星 */"
  },
  {
    "passage": "Transformation Widgets",
    "findString": "<<set $transformationParts.bird.tail to \"disabled\">>",
    "replace": "<<set $transformationParts.bird.tail to \"disabled\">>\n\t\t\t\t\t/* 北极星模组 */\n\t\t\t\t\t<<set $hastail to \"false\">>\n\t\t\t\t\t/* 北极星 */\n"
  },
  {
    "passage": "Transformation Widgets",
    "findString": "<<if $birdbuild gte 30>>",
    "replace": "/* 北极星模组 */\n\t\t\t\t<<if $birdbuild gte 30 and $transformdisable is \"f\">>\n\t\t\t\t/* 北极星 */"
  },
  {
    "passage": "Transformation Widgets",
    "findString": "<<earnFeat \"Harpy\">>\n\t\t\t\t\t<<set $transformationParts.bird.wings to \"default\">>",
    "replace": "<<earnFeat \"Harpy\">>\n\t\t\t\t\t/* 北极星模组 */\n\t\t\t\t\t<<clearwings>>\n\t\t\t\t\t<<set $transformationParts.bird.wings to \"default\">>\n\t\t\t\t\t/* 北极星 */"
  },
  {
    "passage": "Transformation Widgets",
    "findString": "<<set $physicalTransform to 0>>\n\t\t\t\t<<set $harpy to 0>>\n\t\t\t\t<<set $birdbuild to 0>>\n\t\t\t\t<<set $transformationParts.bird.eyes to \"disabled\">>\n\t\t\t\t<<set $transformationParts.bird.malar to \"disabled\">>\n\t\t\t\t<<set $transformationParts.bird.tail to \"disabled\">>\n",
    "replace": "/* 北极星模组 */\n\t\t\t\t<<toggleTransform>>\n\t\t\t\t/* 北极星 */\n\t\t\t\t<<set $harpy to 0>>\n\t\t\t\t<<set $birdbuild to 0>>\n\t\t\t\t<<set $transformationParts.bird.eyes to \"disabled\">>\n\t\t\t\t<<set $transformationParts.bird.malar to \"disabled\">>\n\t\t\t\t<<set $transformationParts.bird.tail to \"disabled\">>\n\t\t\t\t/* 北极星模组 */\n\t\t\t\t<<set $hastail to \"false\">>\n\t\t\t\t/* 北极星 */\n"
  },
  {
    "passage": "Transformation Widgets",
    "findString": "<<clearAnimalTransformations>>\n\t\t<<set $physicalTransform to 1>>\n\t\t<<set $harpy to 6>>\n\t\t<<set $birdbuild to 100>>\n\t\t<<set $transformationParts.bird.eyes to \"default\">>\n\t\t<<set $transformationParts.bird.malar to \"default\">>\n\t\t<<set $transformationParts.bird.tail to \"default\">>",
    "replace": "<<clearAnimalTransformations>>\n\t\t/* 北极星模组 */\n\t\t<<toggleTransform>>\n\t\t/* 北极星 */\n\t\t<<set $harpy to 6>>\n\t\t<<set $birdbuild to 100>>\n\t\t/* 北极星模组 */\n\t\t<<cleareyes>>\n\t\t<<cleartail>>\n\t\t<<clearwings>>\n\t\t/* 北极星 */\n\t\t<<set $transformationParts.bird.eyes to \"default\">>\n\t\t<<set $transformationParts.bird.malar to \"default\">>\n\t\t<<set $transformationParts.bird.tail to \"default\">>\n\t\t/* 北极星模组 */\n\t\t<<set $hastail to \"true\">>\n\t\t/* 北极星 */"
  },
  {
    "passage": "Transformation Widgets",
    "findString": "<<if $foxbuild gte 5>>\n\t\t\t\t\t<<set $fox to 1>>\n\t\t\t\t\t<<set $physicalTransform to 1>>\n\t\t\t\t\t<span class=\"gold\">你感觉牙痛，又感觉视力变好了点。你有股想偷什么东西的冲动。</span>",
    "replace": "/* 北极星模组 */\n\t\t\t\t<<if $foxbuild gte 5 and $transformdisable is \"f\">>\n\t\t\t\t/* 北极星 */\n\t\t\t\t\t<<set $fox to 1>>\n\t\t\t\t\t/* 北极星模组 */\n\t\t\t\t\t<<toggleTransform>>\n\t\t\t\t\t/* 北极星 */\n\t\t\t\t\t<<if $options.bjx_animal>>\n\t\t\t\t\t\t<span class=\"gold\">你感觉牙痛，又感觉视力变好了点。你感觉自己似乎变漂亮了一些。</span>\n\t\t\t\t\t<<else>>\n\t\t\t\t\t\t<span class=\"gold\">你感觉牙痛，又感觉视力变好了点。你有股想偷什么东西的冲动。</span>\n\t\t\t\t\t<</if>>"
  },
  {
    "passage": "Transformation Widgets",
    "findString": "<<if $foxbuild gte 10>>",
    "replace": "/* 北极星模组 */\n\t\t\t\t<<if $foxbuild gte 10 and $transformdisable is \"f\">>\n\t\t\t\t/* 北极星 */"
  },
  {
    "passage": "Transformation Widgets",
    "findString": "<<set $fox to 0>>\n\t\t\t\t\t<<set $physicalTransform to 0>>",
    "replace": "<<set $fox to 0>>\n\t\t\t\t\t/* 北极星模组 */\n\t\t\t\t\t<<toggleTransform>>\n\t\t\t\t\t/* 北极星 */"
  },
  {
    "passage": "Transformation Widgets",
    "findString": "<<if $foxbuild gte 15>>",
    "replace": "/* 北极星模组 */\n\t\t\t\t<<if $foxbuild gte 15 and $transformdisable is \"f\">>\n\t\t\t\t/* 北极星 */"
  },
  {
    "passage": "Transformation Widgets",
    "findString": "<<if $foxbuild gte 20>>",
    "replace": "/* 北极星模组 */\n\t\t\t\t<<if $foxbuild gte 20 and $transformdisable is \"f\">>\n\t\t\t\t/* 北极星 */"
  },
  {
    "passage": "Transformation Widgets",
    "findString": "<span class=\"gold\">你感觉头上长了什么东西。你伸手一摸，便碰到了一对狐狸耳朵，那对耳朵抽动了一下，回应着你的触摸。</span>",
    "replace": "<span class=\"gold\">你感觉头上长了什么东西。你伸手一摸，便碰到了一对狐狸耳朵，那对耳朵抽动了一下，回应着你的触摸。</span>\n\t\t\t\t\t/* 北极星模组 */\n\t\t\t\t\t<<clearears>>\n\t\t\t\t\t/* 北极星 */"
  },
  {
    "passage": "Transformation Widgets",
    "findString": "<<if $foxbuild gte 25>>",
    "replace": "/* 北极星模组 */\n\t\t\t\t<<if $foxbuild gte 25 and $transformdisable is \"f\">>\n\t\t\t\t/* 北极星 */"
  },
  {
    "passage": "Transformation Widgets",
    "findString": "<<set $transformationParts.fox.cheeks to \"default\">>",
    "replace": "/* 北极星模组 */\n\t\t\t\t\t<<clearcheeks>>\n\t\t\t\t\t/* 北极星 */\n\t\t\t\t\t<<set $transformationParts.fox.cheeks to \"default\">>"
  },
  {
    "passage": "Transformation Widgets",
    "findString": "<<if $foxbuild gte 30>>",
    "replace": "/* 北极星模组 */\n\t\t\t\t<<if $foxbuild gte 30 and $transformdisable is \"f\">>\n\t\t\t\t/* 北极星 */"
  },
  {
    "passage": "Transformation Widgets",
    "findString": "<span class=\"gold\">你感觉尾椎骨上似乎有什么重物。你让它晃动了一下，是一条狐狸尾巴。摸起来舒服得很。</span>\n\t\t\t\t\t<<set $transformationParts.fox.tail to \"default\">>",
    "replace": "<span class=\"gold\">你感觉尾椎骨上似乎有什么重物。你让它晃动了一下，是一条狐狸尾巴。摸起来舒服得很。</span>\n\t\t\t\t\t/* 北极星模组 */\n\t\t\t\t\t<<cleartail>>\n\t\t\t\t\t<<set $transformationParts.fox.tail to \"default\">>\n\t\t\t\t\t<<set $hastail to \"true\">>\n\t\t\t\t\t/* 北极星 */"
  },
  {
    "passage": "Transformation Widgets",
    "findString": "<<set $transformationParts.fox.tail to \"disabled\">>",
    "replace": "<<set $transformationParts.fox.tail to \"disabled\">>\n\t\t\t\t\t/* 北极星模组 */\n\t\t\t\t\t<<set $hastail to \"false\">>\n\t\t\t\t\t/* 北极星 */"
  },
  {
    "passage": "Transformation Widgets",
    "findString": "<<case 99>>\n\t\t\t\t<<set $physicalTransform to 0>>\n\t\t\t\t<<set $fox to 0>>",
    "replace": "<<case 99>>\n\t\t\t\t/* 北极星模组 */\n\t\t\t\t<<toggleTransform>>\n\t\t\t\t/* 北极星 */\n\t\t\t\t<<set $fox to 0>>"
  },
  {
    "passage": "Transformation Widgets",
    "findString": "<<set $transformationParts.fox.ears to \"disabled\">>\n\t\t\t\t<<set $transformationParts.fox.tail to \"disabled\">>",
    "replace": "<<set $transformationParts.fox.ears to \"disabled\">>\n\t\t\t\t<<set $transformationParts.fox.tail to \"disabled\">>\n\t\t\t\t/* 北极星模组 */\n\t\t\t\t<<set $hastail to \"false\">>\n\t\t\t\t/* 北极星 */"
  },
  {
    "passage": "Transformation Widgets",
    "findString": "<<clearAnimalTransformations>>\n\t\t<<set $physicalTransform to 1>>\n\t\t<<set $fox to 6>>\n\t\t<<set $foxbuild to 100>>",
    "replace": "<<clearAnimalTransformations>>\n\t\t/* 北极星模组 */\n\t\t<<toggleTransform>>\n\t\t/* 北极星 */\n\t\t<<set $fox to 6>>\n\t\t<<set $foxbuild to 100>>\n\t\t/* 北极星模组 */\n\t\t<<clearcheeks>>\n\t\t<<clearears>>\n\t\t<<cleartail>>\n\t\t/* 北极星 */"
  },
  {
    "passage": "Transformation Widgets",
    "findString": "<<set $transformationParts.fox.ears to \"default\">>\n\t\t<<set $transformationParts.fox.tail to \"default\">>",
    "replace": "<<set $transformationParts.fox.ears to \"default\">>\n\t\t<<set $transformationParts.fox.tail to \"default\">>\n\t\t/* 北极星模组 */\n\t\t<<set $hastail to \"true\">>\n\t\t/* 北极星 */"
  },
  {
    "passage": "Transformation Widgets",
    "findString": "<<harpyTransform 99>>\n\t<<cowTransform 99>>\n\t<<catTransform 99>>\n\t<<wolfTransform 99>>\n\t<<foxTransform 99>>",
    "replace": "<<harpyTransform 99>>\n\t<<cowTransform 99>>\n\t<<catTransform 99>>\n\t<<wolfTransform 99>>\n\t<<foxTransform 99>>\n\t/* 北极星模组 */\n\t<<beeTransform 99>>\n\t<<sheepTransform 99>>\n\t<<deerTransform 99>>\n\t<<bearTransform 99>>\n\t<<dragonTransform 99>>\n\t<<lizardTransform 99>>\n\t<<dolphinTransform 99>>\n\t<<dogTransform 99>>\n\t<<raccoonTransform 99>>\n\t<<fishTransform 99>>\n\t<<horseTransform 99>>\n\t<<spiderTransform 99>>\n\t<<frogTransform 99>>\n\t<<pigTransform 99>>\n\t/* 北极星 */"
  },
  {
    "passage": "Transformation Widgets",
    "findString": "<<fallenButNotOut 99>>",
    "replace": "<<fallenButNotOut 99>>\n\t/* 北极星模组 */\n\t<<hunterButNotOut 99>>\n\t/* 北极星 */"
  }
]