[
  {
    "passage": "Adult clothing shop widgets",
    "findString": "\t\t\t<<if $debug is 1>>\n\t\t\t\t<<clothingcategoryicon \"overoutfit\">>\n\t\t\t\t<<link \"查看外套套装\">><<replace \"#clothingShop-div\">><<OverOutfitShop>><</replace>><</link>>\n\t\t\t\t<br>\n\t\t\t\t<<clothingcategoryicon \"overoutfit\">>\n\t\t\t\t<<link \"查看外套上装\">><<replace \"#clothingShop-div\">><<OverTopShop>><</replace>><</link>>\n\t\t\t\t<br><br>\n\t\t\t<</if>>",
    "replace": "\t\t\t/* 北极星模组 */\n\t\t\t<<if $options.bjx_clothes>>\n\t\t\t\t<<clothingcategoryicon \"overoutfit\">>\n\t\t\t\t<<link \"查看外套\">><<replace \"#clothingShop-div\">><<OverOutfitShop>><</replace>><</link>>\n\t\t\t\t<br>\n\t\t\t\t<<clothingcategoryicon \"overupper\">>\n    \t\t\t<<link \"查看外套上装\">><<replace \"#clothingShop-div\">><<OverUpperShop>><</replace>><</link>>\n    \t\t\t<br>\n    \t\t\t<<clothingcategoryicon \"overlower\">>\n    \t\t\t<<link \"查看外套下装\">><<replace \"#clothingShop-div\">><<OverLowerShop>><</replace>><</link>>\n    \t\t\t<br>\n\t\t\t\t<<clothingcategoryicon \"overhead\">>\n\t\t\t\t<<link \"查看外帽\">><<replace \"#clothingShop-div\">><<OverHeadShop>><</replace>><</link>>\n    \t\t\t<br><br>\n\t\t\t<</if>>\n\t\t\t/* 北极星 */"
  },
  {
    "passage": "Ambient Weather And Seasonal Event Widgets",
    "findString": "\t\t\t\t\t\t\t\t<<elseif $fallenangel gte 2>>\n\t\t\t\t\t\t\t\t\t你愤怒地在上面踢雪，压抑着痛苦的记忆。",
    "replace": "\t\t\t\t\t\t\t\t<<elseif $fallenangel gte 2>>\n\t\t\t\t\t\t\t\t\t你愤怒地在上面踢雪，压抑着痛苦的记忆。\n\t\t\t\t\t\t\t\t/* 北极星模组 */\n\t\t\t\t\t\t\t\t<<elseif $demonhunter gte 2>>\n\t\t\t\t\t\t\t\t\t你的心中只有复仇的烈火，对这种幼稚的行为不屑一顾。\n\t\t\t\t\t\t\t\t/* 北极星 */"
  },
  {
    "passage": "Ambient Weather And Seasonal Event Widgets",
    "findString": "\t\t\t\t\t\t\t你注意到前方一段距离有一头鹿正紧紧地挤在它的幼崽身边，为了在雪中让幼崽也能保持温暖。为了不打扰他们，你决定绕道走。<<stress -3>><<lstress>>",
    "replace": "\t\t\t\t\t\t    /* 北极星模组 */\n\t\t\t\t\t\t\t你注意到前方一段距离有一头鹿正紧紧地挤在它的幼崽身边，为了在雪中让幼崽也能保持温暖。为了不打扰他们，你决定绕道走。<<stress -3>><<lstress>><<transform deer 1>>\n\t\t\t\t\t\t\t/* 北极星 */"
  },
  {
    "passage": "Ambient Weather And Seasonal Event Widgets",
    "findString": "\t\t\t\t\t\t你看到一只鹿正庇护它的孩子躲避雨水。<<stress -3>><<lstress>>",
    "replace": "\t\t\t\t\t    /* 北极星模组 */\n\t\t\t\t\t\t你看到一只鹿正庇护它的孩子躲避雨水。<<stress -3>><<lstress>><<transform deer 1>>\n\t\t\t\t\t\t/* 北极星 */"
  },
  {
    "passage": "Asylum Widgets",
    "findString": "\t\t\t<<link [[偷门禁卡|Asylum Keycard]]>><</link>><<skulduggerydifficulty>> <<note \"该动作在低嫌疑时会更容易\" \"italic\">>",
    "replace": "\t\t\t/* 北极星模组 */\n\t\t\t<<link [[偷走钥匙卡|Asylum Keycard]]>><<set $skulduggeryhands to 1>><</link>><<skulduggerydifficulty>> <<note \"该动作在低嫌疑时会更容易\" \"italic\">>\n\t\t\t/* 北极星 */",
    "all": true
  },
  {
    "passage": "Clothes Testing",
    "findString": "\t\t\tfoxTailLayer:\"front\",\n\t\t\tfoxCheeks:\"hidden\",",
    "replace": "\t\t\tfoxTailLayer:\"front\",\n\t\t\tfoxCheeks:\"hidden\",\n\t\t\t/* 北极星模组 */\n\t\t\tbeeEars:\"hidden\",\n\t\t\tbeeWings:\"hidden\",\n\t\t\tbeeWingsLeftType:\"idle\",\n\t\t\tbeeWingsRightType:\"idle\",\n\t\t\tbeeTail:\"hidden\",\n\t\t\tbearEars:\"hidden\",\n\t\t\tbearTail:\"hidden\",\n\t\t\tdeerEars:\"hidden\",\n\t\t\tdeerHorns:\"hidden\",\n\t\t\tdeerTail:\"hidden\",\n\t\t\tdragonEyes:\"hidden\",\n\t\t\tdragonHorns:\"hidden\",\n\t\t\tdragonWings:\"hidden\",\n\t\t\tdragonWingsLeftType:\"idle\",\n\t\t\tdragonWingsRightType:\"idle\",\n\t\t\tdragonTail:\"hidden\",\n\t\t\tlizardEyes:\"hidden\",\n\t\t\tlizardHorns:\"hidden\",\n\t\t\tlizardTail:\"hidden\",\n\t\t\tsheepEars:\"hidden\",\n\t\t\tsheepHorns:\"hidden\",\n\t\t\tsheepTail:\"hidden\",\n\t\t\tdolphinTail:\"hidden\",\n\t\t\tdogEars:\"hidden\",\n\t\t\tdogTail:\"hidden\",\n\t\t\traccoonEars:\"hidden\",\n\t\t\traccoonMask:\"hidden\",\n\t\t\traccoonTail:\"hidden\",\n\t\t\tfishFins:\"hidden\",\n\t\t\tfishTail:\"hidden\",\n\t\t\thorseEars:\"hidden\",\n\t\t\thorseTail:\"hidden\",\n\t\t\tspiderEyes:\"hidden\",\n\t\t\tspiderTail:\"hidden\",\n\t\t\tfrogEyes:\"hidden\",\n\t\t\tfrogCheeks:\"hidden\",\n\t\t\tpigEars:\"hidden\",\n\t\t\tpigTail:\"hidden\",\n\t\t\t/* 北极星 */"
  },
  {
    "passage": "clothesTestingImageGenerate",
    "findString": "\t<<listbox \"$characterViewer.bodyState.foxTailLayer\" autoselect>>\n\t\t<<option \"前面\" \"front\">>\n\t\t<<option \"背面\" \"back\">>\n\t<</listbox>>\n\t<br><br>",
    "replace": "\t<<listbox \"$characterViewer.bodyState.foxTailLayer\" autoselect>>\n\t\t<<option \"前面\" \"front\">>\n\t\t<<option \"背面\" \"back\">>\n\t<</listbox>>\n\t<br><br>\n\t\n\t/* 北极星模组 */\n\t<span class=\"gold\">蜜蜂:</span>\n\t<br>\n\t耳朵:\n\t<<listbox \"$characterViewer.bodyState.beeEars\" autoselect>>\n\t\t<<option \"隐藏\" \"hidden\">>\n\t\t<<option \"默认\" \"default\">>\n\t<</listbox>>\n\t||\n\t尾巴:\n\t<<listbox \"$characterViewer.bodyState.beeTail\" autoselect>>\n\t\t<<option \"隐藏\" \"hidden\">>\n\t\t<<option \"默认\" \"default\">>\n\t<</listbox>>\n\t<br>\n\t翅膀:\n\t<<listbox \"$characterViewer.bodyState.beeWings\" autoselect>>\n\t\t<<option \"隐藏\" \"hidden\">>\n\t\t<<option \"默认\" \"default\">>\n\t<</listbox>>\n\t||\n\t左翼类型:\n\t<<listbox \"$characterViewer.bodyState.beeWingsLeftType\" autoselect>>\n\t\t<<option \"正常\" \"idle\">>\n\t\t<<option \"覆盖\" \"cover\">>\n\t<</listbox>>\n\t||\n\t右翼类型:\n\t<<listbox \"$characterViewer.bodyState.beeWingsRightType\" autoselect>>\n\t\t<<option \"正常\" \"idle\">>\n\t\t<<option \"覆盖\" \"cover\">>\n\t<</listbox>>\n\t<br><br>\n\n\t<span class=\"gold\">熊:</span>\n\t<br>\n\t耳朵:\n\t<<listbox \"$characterViewer.bodyState.bearEars\" autoselect>>\n\t\t<<option \"隐藏\" \"hidden\">>\n\t\t<<option \"默认\" \"default\">>\n\t<</listbox>>\n\t||\n\t尾巴:\n\t<<listbox \"$characterViewer.bodyState.bearTail\" autoselect>>\n\t\t<<option \"隐藏\" \"hidden\">>\n\t\t<<option \"默认\" \"default\">>\n\t<</listbox>>\n\t<br><br>\n\n\t<span class=\"gold\">鹿:</span>\n\t<br>\n\t角:\n\t<<listbox \"$characterViewer.bodyState.deerHorns\" autoselect>>\n\t\t<<option \"隐藏\" \"hidden\">>\n\t\t<<option \"默认\" \"default\">>\n\t<</listbox>>\n\t||\n\t耳朵:\n\t<<listbox \"$characterViewer.bodyState.deerEars\" autoselect>>\n\t\t<<option \"隐藏\" \"hidden\">>\n\t\t<<option \"默认\" \"default\">>\n\t<</listbox>>\n\t||\n\t尾巴:\n\t<<listbox \"$characterViewer.bodyState.deerTail\" autoselect>>\n\t\t<<option \"隐藏\" \"hidden\">>\n\t\t<<option \"默认\" \"default\">>\n\t<</listbox>>\n\t<br><br>\n\n\t<span class=\"gold\">龙:</span>\n\t<br>\n\t角:\n\t<<listbox \"$characterViewer.bodyState.dragonHorns\" autoselect>>\n\t\t<<option \"隐藏\" \"hidden\">>\n\t\t<<option \"默认\" \"default\">>\n\t<</listbox>>\n\t||\n\t眼睛:\n\t<<listbox \"$characterViewer.bodyState.dragonEyes\" autoselect>>\n\t\t<<option \"隐藏\" \"hidden\">>\n\t\t<<option \"默认\" \"default\">>\n\t<</listbox>>\n\t||\n\t尾巴:\n\t<<listbox \"$characterViewer.bodyState.dragonTail\" autoselect>>\n\t\t<<option \"隐藏\" \"hidden\">>\n\t\t<<option \"默认\" \"default\">>\n\t<</listbox>>\n\t翅膀:\n\t<<listbox \"$characterViewer.bodyState.dragonWings\" autoselect>>\n\t\t<<option \"隐藏\" \"hidden\">>\n\t\t<<option \"默认\" \"default\">>\n\t<</listbox>>\n\t||\n\t左翼类型:\n\t<<listbox \"$characterViewer.bodyState.dragonWingsLeftType\" autoselect>>\n\t\t<<option \"正常\" \"idle\">>\n\t\t<<option \"覆盖\" \"cover\">>\n\t<</listbox>>\n\t||\n\t右翼类型:\n\t<<listbox \"$characterViewer.bodyState.dragonWingsRightType\" autoselect>>\n\t\t<<option \"正常\" \"idle\">>\n\t\t<<option \"覆盖\" \"cover\">>\n\t<</listbox>>\n\t<br><br>\n\n\t<span class=\"gold\">蜥蜴:</span>\n\t<br>\n\t角:\n\t<<listbox \"$characterViewer.bodyState.lizardHorns\" autoselect>>\n\t\t<<option \"隐藏\" \"hidden\">>\n\t\t<<option \"默认\" \"default\">>\n\t<</listbox>>\n\t||\n\t眼睛:\n\t<<listbox \"$characterViewer.bodyState.lizardEyes\" autoselect>>\n\t\t<<option \"隐藏\" \"hidden\">>\n\t\t<<option \"默认\" \"default\">>\n\t<</listbox>>\n\t||\n\t尾巴:\n\t<<listbox \"$characterViewer.bodyState.lizardTail\" autoselect>>\n\t\t<<option \"隐藏\" \"hidden\">>\n\t\t<<option \"默认\" \"default\">>\n\t<</listbox>>\n\t<br><br>\n\n\t<span class=\"gold\">羊:</span>\n\t<br>\n\t角:\n\t<<listbox \"$characterViewer.bodyState.sheepHorns\" autoselect>>\n\t\t<<option \"隐藏\" \"hidden\">>\n\t\t<<option \"默认\" \"default\">>\n\t<</listbox>>\n\t||\n\t耳朵:\n\t<<listbox \"$characterViewer.bodyState.sheepEars\" autoselect>>\n\t\t<<option \"隐藏\" \"hidden\">>\n\t\t<<option \"默认\" \"default\">>\n\t<</listbox>>\n\t||\n\t尾巴:\n\t<<listbox \"$characterViewer.bodyState.sheepTail\" autoselect>>\n\t\t<<option \"隐藏\" \"hidden\">>\n\t\t<<option \"默认\" \"default\">>\n\t<</listbox>>\n\t<br><br>\n\n\t<span class=\"gold\">狗:</span>\n\t<br>\n\t耳朵:\n\t<<listbox \"$characterViewer.bodyState.dogEars\" autoselect>>\n\t\t<<option \"隐藏\" \"hidden\">>\n\t\t<<option \"默认\" \"default\">>\n\t<</listbox>>\n\t||\n\t尾巴:\n\t<<listbox \"$characterViewer.bodyState.dogTail\" autoselect>>\n\t\t<<option \"隐藏\" \"hidden\">>\n\t\t<<option \"默认\" \"default\">>\n\t<</listbox>>\n\t<br><br>\n\n\t<span class=\"gold\">浣熊:</span>\n\t<br>\n\t耳朵:\n\t<<listbox \"$characterViewer.bodyState.raccoonEars\" autoselect>>\n\t\t<<option \"隐藏\" \"hidden\">>\n\t\t<<option \"默认\" \"default\">>\n\t<</listbox>>\n\t||\n\t面具:\n\t<<listbox \"$characterViewer.bodyState.raccoonMask\" autoselect>>\n\t\t<<option \"隐藏\" \"hidden\">>\n\t\t<<option \"默认\" \"default\">>\n\t<</listbox>>\n\t||\n\t尾巴:\n\t<<listbox \"$characterViewer.bodyState.raccoonTail\" autoselect>>\n\t\t<<option \"隐藏\" \"hidden\">>\n\t\t<<option \"默认\" \"default\">>\n\t<</listbox>>\n\t<br><br>\n\n\t<span class=\"gold\">鱼:</span>\n\t<br>\n\t鱼鳍:\n\t<<listbox \"$characterViewer.bodyState.fishFins\" autoselect>>\n\t\t<<option \"隐藏\" \"hidden\">>\n\t\t<<option \"默认\" \"default\">>\n\t<</listbox>>\n\t||\n\t尾巴:\n\t<<listbox \"$characterViewer.bodyState.fishTail\" autoselect>>\n\t\t<<option \"隐藏\" \"hidden\">>\n\t\t<<option \"默认\" \"default\">>\n\t<</listbox>>\n\t<br><br>\n\n\t<span class=\"gold\">马:</span>\n\t<br>\n\t耳朵:\n\t<<listbox \"$characterViewer.bodyState.horseEars\" autoselect>>\n\t\t<<option \"隐藏\" \"hidden\">>\n\t\t<<option \"默认\" \"default\">>\n\t<</listbox>>\n\t||\n\t尾巴:\n\t<<listbox \"$characterViewer.bodyState.horseTail\" autoselect>>\n\t\t<<option \"隐藏\" \"hidden\">>\n\t\t<<option \"默认\" \"default\">>\n\t<</listbox>>\n\t<br><br>\n\t\n\t<span class=\"gold\">蜘蛛:</span>\n\t<br>\n\t眼睛:\n\t<<listbox \"$characterViewer.bodyState.spiderEyes\" autoselect>>\n\t\t<<option \"隐藏\" \"hidden\">>\n\t\t<<option \"默认\" \"default\">>\n\t<</listbox>>\n\t||\n\t尾巴:\n\t<<listbox \"$characterViewer.bodyState.spiderTail\" autoselect>>\n\t\t<<option \"隐藏\" \"hidden\">>\n\t\t<<option \"默认\" \"default\">>\n\t<</listbox>>\n\t<br><br>\n\t\n\t<span class=\"gold\">青蛙:</span>\n\t<br>\n\t眼睛:\n\t<<listbox \"$characterViewer.bodyState.frogEyes\" autoselect>>\n\t\t<<option \"隐藏\" \"hidden\">>\n\t\t<<option \"默认\" \"default\">>\n\t<</listbox>>\n\t||\n\t脸颊:\n\t<<listbox \"$characterViewer.bodyState.frogCheeks\" autoselect>>\n\t\t<<option \"隐藏\" \"hidden\">>\n\t\t<<option \"默认\" \"default\">>\n\t<</listbox>>\n\t<br><br>\n\t\n\t<span class=\"gold\">猪:</span>\n\t<br>\n\t耳朵:\n\t<<listbox \"$characterViewer.bodyState.pigEars\" autoselect>>\n\t\t<<option \"隐藏\" \"hidden\">>\n\t\t<<option \"默认\" \"default\">>\n\t<</listbox>>\n\t||\n\t尾巴:\n\t<<listbox \"$characterViewer.bodyState.pigTail\" autoselect>>\n\t\t<<option \"隐藏\" \"hidden\">>\n\t\t<<option \"默认\" \"default\">>\n\t<</listbox>>\n\t<br><br>\n\n\t<span class=\"gold\">海豚:</span>\n\t<br>\n\t尾巴:\n\t<<listbox \"$characterViewer.bodyState.dolphinTail\" autoselect>>\n\t\t<<option \"隐藏\" \"hidden\">>\n\t\t<<option \"默认\" \"default\">>\n\t<</listbox>>\n\t<br><br>\n\t/* 北极星 */"
  },
  {
    "passage": "clothesTestingImageGenerate",
    "findString": "\t<<set _modeloptions.fox_ears_type to $characterViewer.bodyState.foxEars>>\n\t<<set _modeloptions.fox_cheeks_type to $characterViewer.bodyState.foxCheeks>>",
    "replace": "\t<<set _modeloptions.fox_ears_type to $characterViewer.bodyState.foxEars>>\n\t<<set _modeloptions.fox_cheeks_type to $characterViewer.bodyState.foxCheeks>>\n\t/* 北极星模组 */\n\t<<set _modeloptions.bee_tail_type to $characterViewer.bodyState.beeTail>>\n\t<<set _modeloptions.bee_ears_type to $characterViewer.bodyState.beeEars>>\n\t<<set _modeloptions.bee_wings_type to $characterViewer.bodyState.beeWings>>\n\t<<set _modeloptions.bee_wing_right to $characterViewer.bodyState.beeWingsRightType>>\n\t<<set _modeloptions.bee_wing_left to $characterViewer.bodyState.beeWingsLeftType>>\n\t<<set _modeloptions.bear_tail_type to $characterViewer.bodyState.bearTail>>\n\t<<set _modeloptions.bear_ears_type to $characterViewer.bodyState.bearEars>>\n\t<<set _modeloptions.deer_tail_type to $characterViewer.bodyState.deerTail>>\n\t<<set _modeloptions.deer_ears_type to $characterViewer.bodyState.deerEars>>\n\t<<set _modeloptions.deer_horns_type to $characterViewer.bodyState.deerHorns>>\n\t<<set _modeloptions.dragon_tail_type to $characterViewer.bodyState.dragonTail>>\n\t<<set _modeloptions.dragon_eyes_type to $characterViewer.bodyState.dragonEyes>>\n\t<<set _modeloptions.dragon_horns_type to $characterViewer.bodyState.dragonHorns>>\n\t<<set _modeloptions.dragon_wings_type to $characterViewer.bodyState.dragonWings>>\n\t<<set _modeloptions.dragon_wing_right to $characterViewer.bodyState.dragonWingsRightType>>\n\t<<set _modeloptions.dragon_wing_left to $characterViewer.bodyState.dragonWingsLeftType>>\n\t<<set _modeloptions.lizard_tail_type to $characterViewer.bodyState.lizardTail>>\n\t<<set _modeloptions.lizard_eyes_type to $characterViewer.bodyState.lizardEyes>>\n\t<<set _modeloptions.lizard_horns_type to $characterViewer.bodyState.lizardHorns>>\n\t<<set _modeloptions.sheep_tail_type to $characterViewer.bodyState.sheepTail>>\n\t<<set _modeloptions.sheep_ears_type to $characterViewer.bodyState.sheepEars>>\n\t<<set _modeloptions.sheep_horns_type to $characterViewer.bodyState.sheepHorns>>\n\t<<set _modeloptions.dolphin_tail_type to $characterViewer.bodyState.dolphinTail>>\n\t<<set _modeloptions.dog_tail_type to $characterViewer.bodyState.dogTail>>\n\t<<set _modeloptions.dog_ears_type to $characterViewer.bodyState.dogEars>>\n\t<<set _modeloptions.horse_ears_type to $characterViewer.bodyState.horseEars>>\n\t<<set _modeloptions.horse_tail_type to $characterViewer.bodyState.horseTail>>\n\t<<set _modeloptions.pig_ears_type to $characterViewer.bodyState.pigEars>>\n\t<<set _modeloptions.pig_tail_type to $characterViewer.bodyState.pigTail>>\n\t<<set _modeloptions.spider_eyes_type to $characterViewer.bodyState.spiderEyes>>\n\t<<set _modeloptions.spider_tail_type to $characterViewer.bodyState.spiderTail>>\n\t<<set _modeloptions.frog_eyes_type to $characterViewer.bodyState.frogEyes>>\n\t<<set _modeloptions.frog_cheeks_type to $characterViewer.bodyState.frogCheeks>>\n\t<<set _modeloptions.raccoon_ears_type to $characterViewer.bodyState.raccoonEars>>\n\t<<set _modeloptions.raccoon_mask_type to $characterViewer.bodyState.raccoonMask>>\n\t<<set _modeloptions.raccoon_tail_type to $characterViewer.bodyState.raccoonTail>>\n\t<<set _modeloptions.fish_fins_type to $characterViewer.bodyState.fishFins>>\n\t<<set _modeloptions.fish_tail_type to $characterViewer.bodyState.fishTail>>\n\t<<set _modeloptions.horse_ears_type to $characterViewer.bodyState.horseEars>>\n\t<<set _modeloptions.horse_tail_type to $characterViewer.bodyState.horseTail>>\n\t/* 北极星 */"
  },
  {
    "passage": "Clothing Shop Categories",
    "findString": "<<widget \"OutfitShop\">>",
    "replace": "/* 北极星模组 */\n<<widget \"OverUpperShop\">>\n\t<<set $outside to 0>><<effects>>\n\n\t<<if $clothes_choice and $clothes_choice_previous>>\n\t\t<<if $clothes_choice is $clothes_choice_previous>>\n\t\t\t<<shopbuyv2 \"over_upper\">>\n\t\t<<else>>\n\t\t\t<<shopbuyv2 \"over_upper\" \"reset\">>\n\t\t<</if>>\n\t<<else>>\n\t\t<<shopbuyv2 \"over_upper\" \"reset\">>\n\t<</if>>\n\n\t<div id=\"clothes-list\" class=\"clothes-list\">\n\t\t<<clothingShopv2 $shopName \"over_upper\" \"non-outfits\">>\n\t</div>\n<</widget>>\n\n<<widget \"OverLowerShop\">>\n\t<<set $outside to 0>><<effects>>\n\n\t<<if $clothes_choice and $clothes_choice_previous>>\n\t\t<<if $clothes_choice is $clothes_choice_previous>>\n\t\t\t<<shopbuyv2 \"over_lower\">>\n\t\t<<else>>\n\t\t\t<<shopbuyv2 \"over_lower\" \"reset\">>\n\t\t<</if>>\n\t<<else>>\n\t\t<<shopbuyv2 \"over_lower\" \"reset\">>\n\t<</if>>\n\n\t<div id=\"clothes-list\" class=\"clothes-list\">\n\t\t<<clothingShopv2 $shopName \"over_lower\">>\n\t</div>\n<</widget>>\n\n<<widget \"OverHeadShop\">>\n\t<<set $outside to 0>><<effects>>\n\n\t<<if $clothes_choice and $clothes_choice_previous>>\n\t\t<<if $clothes_choice is $clothes_choice_previous>>\n\t\t\t<<shopbuyv2 \"over_head\">>\n\t\t<<else>>\n\t\t\t<<shopbuyv2 \"over_head\" \"reset\">>\n\t\t<</if>>\n\t<<else>>\n\t\t<<shopbuyv2 \"over_head\" \"reset\">>\n\t<</if>>\n\n\t<div id=\"clothes-list\" class=\"clothes-list\">\n\t\t<<clothingShopv2 $shopName \"over_head\" \"non-outfits\">>\n\t</div>\n<</widget>>\n/* 北极星 */\n\n<<widget \"OutfitShop\">>"
  },
  {
    "passage": "Clothing Shop Categories",
    "findString": "\t\t\t<<if $debug is 1>>\n\t\t\t\t<div class=\"category-group\">\n\t\t\t\t\t<<set _active = _args[0] == \"overoutfit\" ? \"active\" : \"\">>\n\t\t\t\t\t<div @class=\"'div-link category-tab ' + _active\">\n\t\t\t\t\t\t<<if $options.images is 1>>\n\t\t\t\t\t\t\t<<clothingcategoryicon \"overoutfit\">>\n\t\t\t\t\t\t<<else>>\n\t\t\t\t\t\t\t<div class=\"category-icon-alt\">全</div>\n\t\t\t\t\t\t<</if>>\n\t\t\t\t\t\t<<link \"\">><<set $shopPage = 0>><<unset $clothes_choice>><<set _shopNameFilter to ''>><<replace \"#clothingShop-div\">><<OverOutfitShop>><</replace>><</link>>\n\t\t\t\t\t</div>\n\t\t\t\t</div>\n\t\t\t<</if>>",
    "replace": "\t\t/* 北极星模组 */\n\t\t<<if $options.bjx_clothes>>\n\t\t    <div class=\"category-group\">\n\t\t\t\n\t\t\t\t<<set _active = _args[0] == \"overoutfit\" ? \"active\" : \"\">>\n    \t\t\t<div @class=\"'div-link category-tab ' + _active\">\n    \t\t\t\t<<if $options.images is 1>>\n    \t\t\t\t\t<<clothingcategoryicon \"overoutfit\">>\n    \t\t\t\t<<else>>\n    \t\t\t\t\t<div class=\"category-icon-alt\">外</div>\n    \t\t\t\t<</if>>\n\t\t\t\t<<link \"\">><<set $shopPage = 0>><<unset $clothes_choice>><<set _shopNameFilter to ''>><<replace \"#clothingShop-div\">><<OverOutfitShop>><</replace>><</link>>\n    \t\t\t</div>\n\n\t\t\t\t<<set _active = _args[0] == \"overupper\" ? \"active\" : \"\">>\n\t\t\t\t<div @class=\"'div-link category-tab ' + _active\">\n\t\t\t\t\t<<if $options.images is 1>>\n\t\t\t\t\t\t<<clothingcategoryicon \"overupper\">>\n\t\t\t\t\t<<else>>\n\t\t\t\t\t\t<div class=\"category-icon-alt\">\uD85D\uDE15</div>\n\t\t\t\t\t<</if>>\n\t\t\t\t\t<<link \"\">><<set $shopPage = 0>><<unset $clothes_choice>><<set _shopNameFilter to ''>><<replace \"#clothingShop-div\">><<OverUpperShop>><</replace>><</link>>\n\t\t\t\t</div>\n\n\t\t\t\t<<set _active = _args[0] == \"overlower\" ? \"active\" : \"\">>\n\t\t\t\t<div @class=\"'div-link category-tab ' + _active\">\n\t\t\t\t\t<<if $options.images is 1>>\n\t\t\t\t\t\t<<clothingcategoryicon \"overlower\">>\n\t\t\t\t\t<<else>>\n\t\t\t\t\t\t<div class=\"category-icon-alt\">\uD85D\uDE14</div>\n\t\t\t\t\t<</if>>\n\t\t\t\t\t<<link \"\">><<set $shopPage = 0>><<unset $clothes_choice>><<set _shopNameFilter to ''>><<replace \"#clothingShop-div\">><<OverLowerShop>><</replace>><</link>>\n\t\t\t\t</div>\n\n\t\t\t\t<<set _active = _args[0] == \"overhead\" ? \"active\" : \"\">>\n    \t\t\t<div @class=\"'div-link category-tab ' + _active\">\n    \t\t\t\t<<if $options.images is 1>>\n    \t\t\t\t\t<<clothingcategoryicon \"overhead\">>\n    \t\t\t\t<<else>>\n    \t\t\t\t\t<div class=\"category-icon-alt\">帽</div>\n    \t\t\t\t<</if>>\n    \t\t\t\t<<link \"\">><<set $shopPage = 0>><<unset $clothes_choice>><<set _shopNameFilter to ''>><<replace \"#clothingShop-div\">><<OverHeadShop>><</replace>><</link>>\n    \t\t\t</div>\n\n\t\t\t</div>\n\t\t<</if>>\n\t\t/* 北极星 */"
  },
  {
    "passage": "Clothing Shop Categories",
    "findString": "\t\t<<case \"overoutfit\">><<replace \"#clothingShop-div\">><<OverOutfitShop>><</replace>>",
    "replace": "\t\t<<case \"overoutfit\">><<replace \"#clothingShop-div\">><<OverOutfitShop>><</replace>>\n\t\t/* 北极星模组 */\n\t\t<<case \"overupper\">><<replace \"#clothingShop-div\">><<OverUpperShop>><</replace>>\n\t\t<<case \"overlower\">><<replace \"#clothingShop-div\">><<OverLowerShop>><</replace>>\n\t\t<<case \"overhead\">><<replace \"#clothingShop-div\">><<OverHeadShop>><</replace>>\n\t\t/* 北极星 */"
  },
  {
    "passage": "Clothing Shop Widgets",
    "findString": "\t\t\t<<if $debug is 1>>\n\t\t\t\t<<clothingcategoryicon \"overoutfit\">>\n\t\t\t\t<<link \"浏览外衣套装\">><<replace \"#clothingShop-div\">><<OverOutfitShop>><</replace>><</link>>\n\t\t\t\t<br><br>\n\t\t\t<</if>>",
    "replace": "\t\t\t/* 北极星模组 */\n\t\t\t<<if $options.bjx_clothes>>\n\t\t\t\t<<clothingcategoryicon \"overoutfit\">>\n\t\t\t\t<<link \"查看外套\">><<replace \"#clothingShop-div\">><<OverOutfitShop>><</replace>><</link>>\n\t\t\t\t<br>\n\t\t\t\t<<clothingcategoryicon \"overupper\">>\n    \t\t\t<<link \"查看外套上装\">><<replace \"#clothingShop-div\">><<OverUpperShop>><</replace>><</link>>\n    \t\t\t<br>\n    \t\t\t<<clothingcategoryicon \"overlower\">>\n    \t\t\t<<link \"查看外套下装\">><<replace \"#clothingShop-div\">><<OverLowerShop>><</replace>><</link>>\n    \t\t\t<br>\n\t\t\t\t<<clothingcategoryicon \"overhead\">>\n\t\t\t\t<<link \"查看外帽\">><<replace \"#clothingShop-div\">><<OverHeadShop>><</replace>><</link>>\n    \t\t\t<br><br>\n\t\t\t<</if>>\n\t\t\t/* 北极星 */"
  },
  {
    "passage": "Ejaculation Demon",
    "findString": "<<famesex 1>>",
    "replace": "<<famesex 1>>\n\t/* 北极星模组 */\n\t<<set $trauma to 0>>\n    <<set $stress to 0>>\n    <<pass 3 hours>>\n    /* 北极星 */"
  },
  {
    "passage": "Ejaculation Demon",
    "findString": "\tYou pass out from exertion, completely spent, <span class=\"blue\">while the <<person>> roars and continues to work away on your limp body.</span>",
    "replace": "   /* 北极星模组 */\n\t你筋疲力尽，昏了过去，<span class=\"blue\">而那<<person>>依旧在你软弱无力的身体上耕耘着。</span>\n\t<br><br>\n\t等你再次醒来，一个声音在你脑海中想起。\n    <br>\n    \"谢谢你，我玩的很开心。<span class=\"blue\">有缘的话，下次再和你一起玩哟。</span>\"\n    <br><br><br>\n    /* 北极星 */"
  },
  {
    "passage": "Farm Widgets",
    "findString": "\t<<if $farm_stage isnot 12 and $farm_work.alex is \"clearing\" and ($exposed lt 2 or $exhibitionism gte 75) and Time.dayState isnot \"night\">>\n\t\t<<farmicon \"clear yard\">><<link [[帮助艾利克斯开垦农田 (0:20)|Farm Clearing]]>><<farm_count 20>><<pass 20>><<tiredness 2>><<physique 2>><<set $farm.clearing -= 1>><</link>><<gtiredness>><<run _actions++>>\n\t\t<br>\n\t<</if>>\n\t<<if $farm_stage isnot 12 and $farm_stage gte 7 and _actions is 0 and $farm_work.alex isnot \"clearing\" and ($exposed lt 2 or $exhibitionism gte 75)>>\n\t\t<<farmicon \"clear yard\">><<link [[独自开垦农田 (0:40)|Farm Clearing Alone]]>><<farm_count 40>><<pass 40>><<tiredness 4>><<physique 3>><<set $farm.clearing -= 1>><</link>><<ggtiredness>><<run _actions++>>\n\t\t<br>\n\t<</if>>\n\n\t<<if (_actions lt 2 or $farm_stage lt 7) and ($farm_work.alex isnot \"relax\" or $exposed gte 0)>>\n\t\t<!-- as worker you can be lazy any time, but as partner you only get that luxury when there's (nearly) nothing else to do.\n\t\t\talso, if Alex is resting you should join them unless you're too naked for comfort -->\n\t\t<<relaxicon>><<link [[在马厩附近休息 (0:15)|Farm Stables Rest]]>><<pass 15>><<stress -2>><</link>><<lstress>>\n\t<</if>>",
    "replace": "\t/* 北极星模组 */\n\t<<if $farm_stage isnot 12 and $farm_work.alex is \"clearing\" and ($exposed lt 2 or $exhibitionism gte 75) and Time.dayState isnot \"night\">>\n\t\t<<farmicon \"clear yard\">><<link [[帮艾历克斯开垦农田(0:20)|Farm Clearing]]>><<physique 2>><<farm_clear>><</link>><<gtiredness>><<run _actions++>>\n\t\t<br>\n\t<</if>>\n\t<<if $farm_stage isnot 12 and $farm_stage gte 7 and $farm_work.alex isnot \"clearing\" and ($exposed lt 2 or $exhibitionism gte 75)>>\n\t\t<<farmicon \"clear yard\">><<link [[独自开垦农田(0:40)|Farm Clearing Alone]]>><<physique 3>><<farm_clear>><</link>><<ggtiredness>><<run _actions++>>\n\t\t<br>\n\t<</if>>\n\t/* 北极星 */\n\n\t<<if (_actions lt 2 or $farm_stage lt 7) and ($farm_work.alex isnot \"relax\" or $exposed gte 0)>>\n\t\t<!-- as worker you can be lazy any time, but as partner you only get that luxury when there's (nearly) nothing else to do.\n\t\t\talso, if Alex is resting you should join them unless you're too naked for comfort -->\n\t\t/* 北极星模组 */\n\t\t<<relaxicon>><<link [[在马厩附近休息(0:15)|Farm Stables Rest]]>><<pass 15>><<stress -2>><<tiredness -3>><</link>><<lstress>><<ltiredness>>\n\t\t/* 北极星 */\n\t<</if>>"
  },
  {
    "passage": "Farm Widgets",
    "findString": "<<link [[\"用手挤奶 (0:\" + String(_cattleMilkHand).padStart(2, '0') + \")\"|Farm Cattle Milk Hand]]>><<farm_yield 1>><<set $cattle_milked += 1>><<set $farm_work.cattle_milked += 1>><<tending 1>><<farm_cattle 1>><<set $phase to _cattleMilkHand>><<pass _cattleMilkHand>><</link>><<deviant1>><<gfarm>><<gtending>><<grespect>>",
    "replace": "/* 北极星模组 */\n\t\t<<link [[\"用手挤奶 (0:\" + String(_cattleMilkHand).padStart(2, '0') + \")\"|Farm Cattle Milk Hand]]>><<farm_yield 1>><<set $cattle_milked += 1>><<set $farm_work.cattle_milked += 1>><<tending 1>><<set $handskill += 1>><<farm_cattle 1>><<set $phase to _cattleMilkHand>><<pass _cattleMilkHand>><</link>><<deviant1>><<gfarm>><<gtending>><<ghandskill>><<grespect>>\n\t\t/* 北极星 */"
  },
  {
    "passage": "Farm Widgets",
    "findString": "<<link [[用嘴挤奶 (0:03)|Farm Cattle Milk Mouth]]>><<set $cattle_milked += 1>><<set $farm_work.cattle_milked += 1>><<tending 1>><<farm_count 3>><</link>><<deviant4>><<gtending>>",
    "replace": "/* 北极星模组 */\n\t\t    <<link [[用嘴挤奶(0:03)|Farm Cattle Milk Mouth]]>><<set $cattle_milked += 1>><<set $farm_work.cattle_milked += 1>><<tending 1>><<farm_count 3>><<oralskill 1>><</link>><<deviant4>><<gtending>><<goralskill>>\n\t\t\t/* 北极星 */"
  },
  {
    "passage": "Farm Widgets",
    "findString": "<<widget \"guard_skill_text\">>\n\t<<if _args[0] is \"tower\" and $farm.tower_guard_skill isnot undefined>>\n\t\t<<set _guard_skill to $farm.tower_guard_skill>>",
    "replace": "<<widget \"guard_skill_text\">>\n\t<<if _args[0] is \"tower\" and $farm.tower_guard_skill isnot undefined>>\n\t\t<<set _guard_skill to $farm.tower_guard_skill>>\n\t/* 北极星模组 */\n\t<<elseif _args[0] is \"lakehouse_tower\" and $lakehouse.tower_guard_skill isnot undefined>>\n\t\t<<set _guard_skill to $lakehouse.tower_guard_skill>>\n\t<<elseif _args[0] is \"lakehouse_post\" and $lakehouse.post_guard_skill isnot undefined>>\n\t\t<<set _guard_skill to $lakehouse.post_guard_skill>>\n\t/* 北极星 */"
  },
  {
    "passage": "Farm Widgets",
    "findString": "\t\t农场灌溉：\n\t\t<<if $farm.irrigation gte 9>>",
    "replace": "\t\t/* 北极星模组 */\n\t\t拖拉机:\n\t\t<<if $farm isnot undefined>>\n\t\t\t<<if $farm.tractor is undefined>>\n\t\t\t\t<<set $farm.tractor = 0>>\n\t\t\t<</if>>\n\t\t<</if>>\n\t\t<<if $farm.tractor gte 3>>\n\t\t\t<span class=\"green\">最大马力</span>\n\t\t<<elseif $farm.tractor gte 2>>\n\t\t\t<<link [[升级|Farm Upgrades Tractor 3]]>><</link>>\n\t\t<<elseif $farm.tractor gte 1>>\n\t\t\t<<link [[升级|Farm Upgrades Tractor 2]]>><</link>>\n\t\t<<else>>\n\t\t\t<<link [[购买|Farm Upgrades Tractor 1]]>><</link>>\n\t\t<</if>>\n\t\t<br>\n\t\t<<if $farm.tractor gte 1>>\n\t\t\t犁:\n\t\t\t<<if $farm.tractorplough is true>>\n\t\t\t\t<span class=\"green\">已购买</span>\n\t\t\t<<else>>\n\t\t\t\t<<link [[购买|Farm Upgrades Tractor Plough]]>><</link>>\n\t\t\t<</if>>\n\t\t\t<br>\n\t\t\t播种机:\n\t\t\t<<if $farm.tractorseeddrill is true>>\n\t\t\t\t<span class=\"green\">已购买</span>\n\t\t\t<<else>>\n\t\t\t\t<<link [[购买|Farm Upgrades Tractor Seed Drill]]>><</link>>\n\t\t\t<</if>>\n\t\t\t<br>\n\t\t\t收割机:\n\t\t\t<<if $farm.tractorharvester is true>>\n\t\t\t\t<span class=\"green\">已购买</span>\n\t\t\t<<else>>\n\t\t\t\t<<link [[购买|Farm Upgrades Tractor Harvester]]>><</link>>\n\t\t\t<</if>>\n\t\t\t<br>\n\t\t\t装载机:\n\t\t\t<<if $farm.tractorloader is true>>\n\t\t\t\t<span class=\"green\">已购买</span>\n\t\t\t<<else>>\n\t\t\t\t<<link [[购买|Farm Upgrades Tractor Loader]]>><</link>>\n\t\t\t<</if>>\n\t\t\t<br>\n\t\t<</if>>\n\t\t<br>\n\t\t/* 北极星 */\n\t\t农场灌溉：\n\t\t<<if $farm.irrigation gte 9>>"
  },
  {
    "passage": "Farm Widgets",
    "findString": "<<widget \"alex_pregnancy_comment\">>\n\t<<if playerBellyVisible()>>",
    "replace": "/* 北极星模组 */\n<<widget \"farm_clear\">>\n\t<<if $farm_work.alex is \"clearing\">>\n\t\t<<set _baseTime = 20>>\n\t\t<<set _baseTiredsness = 2>>\n\t<<else>>\n\t\t<<set _baseTime = 40>>\n\t\t<<set _baseTiredsness = 4>>\n\t<</if>>\n\t<<if $location is \"alex_farm\">>\n\t\t<<if $farm.tractor gte 1>>\n\t\t\t<<set _baseTiredsness = Math.round(_baseTiredsness * 0.8)>>\n\t\t<</if>>\n\t\t<<if $farm.tractor gte 3>>\n\t\t\t<<set _tractor = 0.25>>\n\t\t<<elseif $farm.tractor gte 2>>\n\t\t\t<<set _tractor = 0.5>>\n\t\t<<elseif $farm.tractor gte 1>>\n\t\t\t<<set _tractor = 1>>\n\t\t<</if>>\n\t\t<<if $farm.tractorloader is true>>\n\t\t\t<<set _baseTime = Math.round(_baseTime * (0.5 * _tractor))>>\n\t\t\t<<set _baseTiredsness = Math.round(_baseTiredsness * (0.5 * _tractor))>>\n\t\t<</if>>\n\t<</if>>\n\t<<farm_count _baseTime>>\n\t<<pass _baseTime>>\n\t<<tiredness _baseTiredsness>>\n\t<<if $farm.tractor gte 1>>\n\t\t<<set $farm.clearing = Math.round($farm.clearing - (1 + (1 / _tractor)))>>\n\t<<else>>\n\t\t<<set $farm.clearing = Math.round($farm.clearing - 1)>>\n\t<</if>>\n<</widget>>\n/* 北极星 */\n\n<<widget \"alex_pregnancy_comment\">>\n\t<<if playerBellyVisible()>>"
  },
  {
    "passage": "Farmers Centre Widgets",
    "findString": "<<if $farmersProduce.sold gt 5000>>\n\t\t\t<<set _famebusinessSold to $farmersProduce.sold - ($farmersProduce.sold % 5000)>>\n\t\t\t<<set $farmersProduce.sold -= _famebusinessSold>>\n\t\t\t<<famebusiness `Math.floor(_famebusinessSold / 5000)`>>\n\t\t<</if>>",
    "replace": "\t\t/* 北极星模组 */\n\t\t<<set _basesellnum to 5000>>\n\t\t<<if $options.bjx_sellproduce>>\n\t\t\t<<set _basesellnum to 250>>\n\t\t<</if>>\n\t\t<<if $farmersProduce.sold gt _basesellnum>>\n\t\t\t<<set _famebusinessSold to $farmersProduce.sold - ($farmersProduce.sold % _basesellnum)>>\n\t\t\t<<set $farmersProduce.sold -= _famebusinessSold>>\n\t\t\t<<famebusiness `Math.floor(_famebusinessSold / _basesellnum)`>>\n\t\t<</if>>\n\t\t/* 北极星 */"
  },
  {
    "passage": "Feats",
    "findString": "\t\t\t<<if $fallenangel gte 2>>\n\t\t\t\t<<earnFeat \"Fallen Angel\">>\n\t\t\t<</if>>\n\t\t\t<<if $demon gte 6>>\n\t\t\t\t<<earnFeat \"Demon\">>",
    "replace": "\t\t\t<<if $fallenangel gte 2>>\n\t\t\t\t<<earnFeat \"Fallen Angel\">>\n\t\t\t<</if>>\n\t\t\t/* 北极星模组 */\n\t\t\t<<if $demonhunter gte 2>>\n\t\t\t\t<<earnFeat \"Demon Hunter\">>\n\t\t\t<</if>>\n\t\t\t/* 北极星 */\n\t\t\t<<if $demon gte 6>>\n\t\t\t\t<<earnFeat \"Demon\">>"
  },
  {
    "passage": "Feats",
    "findString": "\t\t\t<<if $fox gte 6>>\n\t\t\t\t<<earnFeat \"Fox\">>\n\t\t\t<</if>>",
    "replace": "\t\t\t<<if $fox gte 6>>\n\t\t\t\t<<earnFeat \"Fox\">>\n\t\t\t<</if>>\n\t\t\t/* 北极星模组 */\n\t\t\t<<if $dog gte 6>>\n\t\t\t\t<<earnFeat \"Dog\">>\n\t\t\t<</if>>\n\t\t\t<<if $raccoon gte 6>>\n\t\t\t\t<<earnFeat \"Raccoon\">>\n\t\t\t<</if>>\n\t\t\t<<if $dragon gte 6>>\n\t\t\t\t<<earnFeat \"Dragon\">>\n\t\t\t<</if>>\n\t\t\t<<if $dolphin gte 6>>\n\t\t\t\t<<earnFeat \"Dolphin\">>\n\t\t\t<</if>>\n\t\t\t<<if $lizard gte 3>>\n\t\t\t\t<<earnFeat \"Lizard\">>\n\t\t\t<</if>>\n\t\t\t<<if $bear gte 6>>\n\t\t\t\t<<earnFeat \"Bear\">>\n\t\t\t<</if>>\n\t\t\t<<if $deer gte 6>>\n\t\t\t\t<<earnFeat \"Deer\">>\n\t\t\t<</if>>\n\t\t\t<<if $sheep gte 6>>\n\t\t\t\t<<earnFeat \"Sheep\">>\n\t\t\t<</if>>\n\t\t\t<<if $bee gte 6>>\n\t\t\t\t<<earnFeat \"Bee\">>\n\t\t\t<</if>>\n\t\t\t<<if $fish gte 6>>\n\t\t\t\t<<earnFeat \"Fish\">>\n\t\t\t<</if>>\n\t\t\t<<if $horse gte 6>>\n\t\t\t\t<<earnFeat \"Horse\">>\n\t\t\t<</if>>\n\t\t\t<<if $pig gte 6>>\n\t\t\t\t<<earnFeat \"Pig\">>\n\t\t\t<</if>>\n\t\t\t<<if $spider gte 6>>\n\t\t\t\t<<earnFeat \"Spider\">>\n\t\t\t<</if>>\n\t\t\t<<if $frog gte 6>>\n\t\t\t\t<<earnFeat \"Frog\">>\n\t\t\t<</if>>\n\t\t\t/* 北极星 */"
  },
  {
    "passage": "Feats",
    "findString": "\t\t<<if $earSlime.corruption gte 100 and $earSlime.growth gte 200>>\n\t\t\t<<earnFeat \"Ear Slime Amalgam\">>\n\t\t<</if>>",
    "replace": "\t\t<<if $earSlime.corruption gte 100 and $earSlime.growth gte 200>>\n\t\t\t<<earnFeat \"Ear Slime Amalgam\">>\n\t\t<</if>>\n\t\t<<if $feats.allSaves.points gte 300>>\n\t\t\t<<earnFeat \"My Timeless Collection of Feats\">>\n\t\t<</if>>"
  },
  {
    "passage": "Forest Shop Widgets",
    "findString": "\t\t<<link \"查看全部\">><<replace \"#clothingShop-div\">><<AllShop>><</replace>><</link>>\n\t\t<br><br>",
    "replace": "\t\t<<link \"查看全部\">><<replace \"#clothingShop-div\">><<AllShop>><</replace>><</link>>\n\t\t<br><br>\n\t\t/* 北极星模组 */\n\t\t<<if $options.bjx_clothes>>\n    \t\t<<clothingcategoryicon \"overoutfit\">>\n    \t\t<<link \"走近磨毛屏风后\">><<replace \"#clothingShop-div\">><<OverOutfitShop>><</replace>><</link>>\n    \t\t<br>\n    \t\t<<clothingcategoryicon \"overupper\">>\n    \t\t<<link \"走近阔叶门帘后\">><<replace \"#clothingShop-div\">><<OverUpperShop>><</replace>><</link>>\n    \t\t<br>\n    \t\t<<clothingcategoryicon \"overlower\">>\n    \t\t<<link \"浏览藤蔓木箱里\">><<replace \"#clothingShop-div\">><<OverLowerShop>><</replace>><</link>>\n    \t\t<br>\n    \t\t<<clothingcategoryicon \"overhead\">>\n    \t\t<<link \"浏览黄铜质排钩\">><<replace \"#clothingShop-div\">><<OverHeadShop>><</replace>><</link>>\n    \t\t<br>\n    \t<</if>>\n\t\t/* 北极星 */"
  },
  {
    "passage": "gameStartOnly",
    "findString": "\t<<set Time.startDate to new DateTime()>>\n\t<<set $timeStamp to 0>>",
    "replace": "\t/* 北极星模组 */\n\t<<run $.extend($options, {\n\t        bjx_divine: true,\n\t        bjx_animal: true,\n\t        bjx_eventTF: true,\n\t        bjx_antiques: true,\n\t    })>>\n\t/* 北极星 */\n\n\t<<set Time.startDate to new DateTime()>>\n\t<<set $timeStamp to 0>>"
  },
  {
    "passage": "gameStartOnly",
    "findString": "\t<<set $bullyeventoutside to 0>>\n\t<<set $masturbationorgasm to 0>>",
    "replace": "\t<<set $bullyeventoutside to 0>>\n\t/* 北极星模组 */\n\t<<set $caseyagain to 0>>\n\t<<set $caseymet to 0>>\n\t<<set $caseyridefirst to 0>>\n\t<<set $caseyromance to 0>>\n\t<<set $motorupgrade to 0>>\n\t/* 北极星 */\n\t<<set $masturbationorgasm to 0>>"
  },
  {
    "passage": "gameStartOnly",
    "findString": "\t<<set $specialTransform to 0>>\n\t<<set $angelbuild to 0>>",
    "replace": "\t<<set $specialTransform to 0>>\n\t/* 北极星模组 */\n\t<<set $eventTransform to 0>>\n\t/* 北极星 */"
  },
  {
    "passage": "gameStartOnly",
    "findString": "\t<<set $demonabsorb to 0>>\n\t<<set $fallenangel to 0>>",
    "replace": "\t<<set $demonabsorb to 0>>\n\t/* 北极星模组 */\n\t<<set $demonseduce to 0>>\n\t<<set $demonejac to 0>>\n\t<<set $daynoabsorb to 0>>\n\t<<set $demonhunterhypnosis to 0>>\n\t<<set $hunterbuild to 0>>\n\t<<set $demonhunter to 0>>\n\t<<set $fallenangelretribution to 0>>\n\t<<set $fallenangelvirginitylost to 0>>\n\t/* 北极星 */"
  },
  {
    "passage": "gameStartOnly",
    "findString": "\t<<set $fox to 0>>\n\t<<set $stray_happiness to 50>>",
    "replace": "\t<<set $fox to 0>>\n\t/* 北极星模组 */\n\t<<set $sheepbuild to 0>>\n\t<<set $sheep to 0>>\n\t<<set $beebuild to 0>>\n\t<<set $bee to 0>>\n\t<<set $deerbuild to 0>>\n\t<<set $deer to 0>>\n\t<<set $bearbuild to 0>>\n\t<<set $bear to 0>>\n\t<<set $dragonbuild to 0>>\n\t<<set $dragon to 0>>\n\t<<set $lizardbuild to 0>>\n\t<<set $lizard to 0>>\n\t<<set $dolphinbuild to 0>>\n\t<<set $dolphin to 0>>\n\t<<set $dogbuild to 0>>\n\t<<set $dog to 0>>\n\t<<set $raccoonbuild to 0>>\n\t<<set $raccoon to 0>>\n\t<<set $fishbuild to 0>>\n\t<<set $fish to 0>>\n\t<<set $horsebuild to 0>>\n\t<<set $horse to 0>>\n\t<<set $pigbuild to 0>>\n\t<<set $pig to 0>>\n\t<<set $spiderbuild to 0>>\n\t<<set $spider to 0>>\n\t<<set $frogbuild to 0>>\n\t<<set $frog to 0>>\n\t<<set $slime to 0>>\n\t<<set $ghost to 0>>\n\t<<set $mushroom to 0>>\n\t<<set $fungalgrowth to 0>>\n\t<<set $fungalpoint to 0>>\n\t<<set $exorcism to 0>>\n\t<<set $exorcised to 0>>\n\t<<set $onemoreslime to 0>>\n\t<<set $mushroomtf to {}>>\n\t<<set $dencounter to 0>>\n\t<<set $prutimonster to 2>>\n\t<<set $enemyhealthmult to 1>>\n\t<<set $enemyarousalmult to 1>>\n\t/* 北极星 */\n\t\n\t<<set $stray_happiness to 50>>"
  },
  {
    "passage": "gameStartOnly",
    "findString": "\t<<set $skulduggeryday to 0>>\n\t<<set $danceskill to 0>>",
    "replace": "\t<<set $skulduggeryday to 0>>\n\t/* 北极星模组 */\n\t<<set $skulduggeryhands to 0>>\n\t/* 北极星 */\n\t<<set $danceskill to 0>>"
  },
  {
    "passage": "gameStartOnly",
    "findString": "\t<<set $genderknown to [\"Robin\", \"Bailey\"]>>\n\n\t<<set $vaginause to 0>>",
    "replace": "\t<<set $genderknown to [\"Robin\", \"Bailey\"]>>\n    \n    /* 北极星模组 */\n    <<set $tail to 0>>\n\t<<set $tailuse to 0>>\n\t/* 北极星 */\n\t<<set $vaginause to 0>>"
  },
  {
    "passage": "gameStartOnly",
    "findString": "\t<<set $traumasaved to 0>>\n\t<<set $stresssaved to 0>>",
    "replace": "\t<<set $traumasaved to 0>>\n\t/* 北极星模组 */\n\t<<set $awarenesssaved to 0>>\n\t<<set $awarenessgain to 0>>\n\t/* 北极星 */\n\t<<set $stresssaved to 0>>"
  },
  {
    "passage": "gameStartOnly",
    "findString": "\t<<set $sea to 0>>\n\n\t<<set $penilechastityparasite to 0>>",
    "replace": "\t<<set $sea to 0>>\n    \n    /* 北极星模组 */\n    <<set $beeprisoner to 0>>\n\t<<set $hivemember to 0>>\n\t<<set $bjob to 0>>\n\t<<set $TaylorArrested to 0>>\n\t<<set $TaylorChase to 0>>\n\t<<set $TaylorFreed to 0>>\n\t<<set $TaylorMissing to 0>>\n\t<<set $TaylorSeen to 0>>\n\t<<set $forestmansionstage to 0>>\n\t<<set $forestmansionpicked to 0>>\n\t<<set $forestmansionkitchen to 0>>\n\t<<set $forestmansionhaunt to 0>>\n\t<<set $TaylorReadMansion to 0>>\n\t<<set $TaylorWith to 0>>\n\t<<set $TaylorSaveForLater to 0>>\n\t/* 北极星 */\n\t\n\t<<set $penilechastityparasite to 0>>"
  },
  {
    "passage": "gameStartOnly",
    "findString": "\t<<initEstatePersistent>>\n\n\t<<set $modeloptionsOverride to {}>>",
    "replace": "\t<<initEstatePersistent>>\n\t\n\t/* 北极星模组 */\n\t<<variablesBJXModUpdate>>\n\t/* 北极星 */\n\n\t<<set $modeloptionsOverride to {}>>"
  },
  {
    "passage": "Location Widgets",
    "findString": "\t\tsetup.addlocation( \"lake\"                     ).parent(\"forest\").location().tanning(1.0).build();\n\t\tsetup.addlocation( \"lake_ruin\"                ).parent(\"lake\").location().inside().build();",
    "replace": "\t\t/* 北极星模组 */\n\t\tsetup.addlocation( \"lakehouse\"                ).parent(\"forest\").location().inside().build();\n\t\t/* 北极星 */"
  },
  {
    "passage": "Location Widgets",
    "findString": "\t\tsetup.addlocation( \"farmroad3\"                ).parent(\"forest\").bus().tanning(1.0).build();\n\n\t\tsetup.addlocation( \"plains\"                   ).parent(\"world\").area().build();",
    "replace": "\t\tsetup.addlocation( \"farmroad3\"                ).parent(\"forest\").bus().tanning(1.0).build();\n\t\t/* 北极星模组 */\n\t\tsetup.addlocation( \"hive\"                    ).parent(\"forest\").location().inside().build();\n\t\tsetup.addlocation( \"bog\"                    ).parent(\"forest\").location().inside().build();\n\t\t/* 北极星 */\n\n\t\tsetup.addlocation( \"plains\"                   ).parent(\"world\").area().build();"
  },
  {
    "passage": "Location Widgets",
    "findString": "\t\tsetup.addlocation( \"tower\"                    ).parent(\"castle\").location().build();\n\n\t\tsetup.addlocation( \"sea\"                      ).parent(\"world\").area().location().bus().build();",
    "replace": "\t\tsetup.addlocation( \"tower\"                    ).parent(\"castle\").location().build();\n        /* 北极星模组 */\n        setup.addlocation( \"old_cemetery\"             ).parent(\"plains\").location().outside().build();\n        /* 北极星 */\n\n\t\tsetup.addlocation( \"sea\"                      ).parent(\"world\").area().location().bus().build();"
  },
  {
    "passage": "Location Widgets",
    "findString": "\t\tsetup.addlocation( \"island\"                   ).parent(\"sea\").location().build();",
    "replace": "\t\tsetup.addlocation( \"island\"                   ).parent(\"sea\").location().build();\n        /* 北极星模组 */\n        setup.addlocation( \"seadive\"                   ).parent(\"sea\").location().inside().build();\n\t\t/* 北极星 */\n\t\t\n\t\t/* 北极星模组 */\n\t\tsetup.addlocation(\"island\"                       ).parent(\"world\").area().location().build();\n\t\tsetup.addlocation( \"desert\"                     ).parent(\"island\").location().build();\n\t\tsetup.addlocation( \"snowforest\"                     ).parent(\"island\").location().build();\n\t\tsetup.addlocation( \"glacier\"                     ).parent(\"island\").location().build();\n\t\t/* 北极星 */"
  },
  {
    "passage": "Machine Actions",
    "findString": "\t<<if $trance lte 0 and $dissociation lte 1 and $panicparalysis is 0 and $panicviolence is 0\n\tand $orgasmdown lte 0 and ($pain lt 100 or $willpowerpain is undefined) and $options.combatControls is \"disabled\">>",
    "replace": "\t/* 北极星模组 */\n\t<<if $trance lte 0 and $dissociation lte 1 and $panicparalysis is 0 and $panicviolence is 0\n\tand ($orgasmdown lte 0 or $demonhunter gte 6) and ($pain lt 100 or $willpowerpain is undefined) and $options.combatControls is \"disabled\">>\n\t/* 北极星 */"
  },
  {
    "passage": "Machine Effects",
    "findString": "\t<<if $leftaction is \"rest\">>",
    "replace": "\t/* 北极星模组 */\n\t<<if $energyaction is \"ghostescape\">>\n\t    <<set $energyaction to \"rest\">>\n\t    <<if $energy gte 800>>\n\t        <<set $energy -= 800>>\n\t        <<set $finish to 1>>\n\t        <span class=\"wraith\">你全力催动灵能，使自己灵体化，尝试逃脱。</span>\n\t    <<else>>\n\t        <span class=\"red\">你的能量不足，无法灵体化逃脱。</span>\n\t    <</if>>\n\t<</if>>\n\t/* 北极星 */\n\t\n\t<<if $leftaction is \"rest\">>"
  },
  {
    "passage": "mobileStats",
    "findString": "\t\t\t<mouse class=\"tooltip-centertop\">控<span>自控: <<print $control.toFixed(2)>></span></mouse>\n\t\t</div>\n\t<</if>>",
    "replace": "\t\t\t<mouse class=\"tooltip-centertop\">控<span>自控: <<print $control.toFixed(2)>></span></mouse>\n\t\t</div>\n\t<</if>>\n\t/* 北极星模组 */\n\t<<if Number.isFinite($energy) and $ghost gte 1>>\n\t\t<<mobileStatsColor \"energy\">>\n\t\t<div @class=\"'stat ' + _mobileColor\">\n\t\t\t<mouse class=\"tooltip-centertop\">能<span>能量: <<print $energy.toFixed(2)>></span></mouse>\n\t\t</div>\n\t<</if>>\n\t/* 北极星 */"
  },
  {
    "passage": "mobileStats",
    "findString": "\t\t<<case \"hallucinogen\">>\n\t\t\t<<mobileStatsColorSet `Math.clamp($hallucinogen, 50, 500)` 500>>",
    "replace": "\t\t<<case \"hallucinogen\">>\n\t\t\t<<mobileStatsColorSet `Math.clamp($hallucinogen, 50, 500)` 500>>\n\t\t/* 北极星模组 */\n\t\t<<case \"energy\">>\n\t\t\t<<mobileStatsColorSetIverted `Math.clamp($energy, 0, $energymax)` $energymax>>\n\t\t/* 北极星 */"
  },
  {
    "passage": "Moor Widgets",
    "findString": "\t<<elseif $danger gte (9900 - ($allure * $forestmod))>>\n\t\t<<rng 10>>",
    "replace": "\t<<elseif $danger gte (9900 - ($allure * $forestmod))>>\n\t    /* 北极星模组 */\n\t\t<<rng 11>>\n\t\t/* 北极星 */"
  },
  {
    "passage": "Moor Widgets",
    "findString": "\t\t\t<<if $harpy gte 6 or $angel gte 6 or $demon gte 6 or $fallenangel gte 2>>",
    "replace": "\t\t\t/* 北极星模组 */\n\t\t\t<<if !$options.bjx_animal and ($harpy gte 6 or $angel gte 6 or $demon gte 6 or $fallenangel gte 2) or $options.bjx_animal and ($transformationParts.bird.wings isnot \"disabled\" or $transformationParts.dragon.wings isnot \"disabled\" or $transformationParts.angel.wings isnot \"disabled\" or $transformationParts.fallenAngel.wings isnot \"disabled\" or $transformationParts.demon.wings isnot \"disabled\" or $transformationParts.bee.wings isnot \"disabled\")>>\n\t\t\t/* 北极星 */"
  },
  {
    "passage": "Moor Widgets",
    "findString": "\t\t\t<<moor_hunt_start>>\n\t\t<<case 10>>\n\t\t\t<<moor_fox>>",
    "replace": "\t\t\t<<moor_hunt_start>>\n\t\t<<case 10>>\n\t\t\t<<moor_fox>>\n\t\t/* 北极星模组 */\n\t\t<<case 11>>\n\t\t\t<span class=\"blue\">你感觉被什么监视了。</span>你环顾四周，任何东西都可能潜伏在你周围。<<gstress>><<stress 6>>\n\t\t\t<br><br>\n\n\t\t\t<<link [[绕路 (0:30)|Moor Dragons Detour]]>><<pass 30>><<trauma 6>><</link>><<gtrauma>>\n\t\t\t<br>\n\t\t\t<<link [[继续|Moor Dragons Continue]]>><<set $rng to random(1,100)>><</link>>\n\t\t\t<br>\n\t\t/* 北极星 */"
  },
  {
    "passage": "Moor Widgets",
    "findString": "\t\t\t\t<br>\n\t\t\t\t<<set $skulduggerydifficulty to 600>>",
    "replace": "\t\t\t\t<br>\n\t\t\t\t<<set $skulduggerydifficulty to 600>>\n\t\t\t\t/* 北极星模组 */\n\t\t\t\t<<link [[撬锁|Moor Shackle Pick]]>><<set $skulduggeryhands to 1>><</link>><<skulduggerydifficulty>>\n\t\t\t\t/* 北极星 */"
  },
  {
    "passage": "Moor Widgets",
    "findString": "\t<<if $moor_binding gte 1>>\n\t\t<<set $skulduggerydifficulty to 500>>",
    "replace": "\t<<if $moor_binding gte 1>>\n\t\t<<set $skulduggerydifficulty to 500>>\n\t\t/* 北极星模组 */\n\t\t<<link [[摩破你身上的束缚|Moor Abduction Walk Loosen]]>><<set $skulduggeryhands to 1>><</link>><<skulduggerydifficulty>>\n\t\t/* 北极星 */"
  }
]