[
  {
    "passage": "Widgets NPCs",
    "findString": "\t<<set $traumasaved to $trauma>>\n\t<<set $stresssaved to $stress>>",
    "replace": "    /* 北极星模组 */\n    <<set $awarenessgain to 0>>\n    /* 北极星 */",
    "all": true
  },
  {
    "passage": "Widgets NPCs",
    "findString": "\t<<set $enemyhealth to 200>>",
    "replace": "\t/* 北极星模组 */\n\t<<set $enemyhealth to $NPCList[0].health>>\n\t/* 北极星 */",
    "all": true
  },
  {
    "passage": "Widgets NPCs",
    "findString": "\t<<set $enemyhealthmax to 200>>",
    "replace": "\t/* 北极星模组 */\n\t<<set $enemyhealthmax to $NPCList[0].healthmax>>\n\t/* 北极星 */",
    "all": true
  },
  {
    "passage": "Widgets NPCs",
    "findString": "<<widget \"beastNNPCinit\">>\n\t<!-- NEW NNPC beast intitiation widget v2.6. Replaces beast(1-6)init widgets -->\n\t<!-- Probably just temporary... fix for Black Wolf -->\n\n\t/* 北极星模组 */\n\t<<set $enemyhealth to $NPCList[0].health>>\n\t/* 北极星 */\n\t<<set $enemyarousal to $allure / 50>>\n\t<<set $enemyanger to 0>>\n\t<<set $enemystrength to 20000>>\n\t<<set $combat to 1>>\n\t<<set $enemyarousalmax to 500>>\n\t<<set $enemyangermax to 200>>\n\t/* 北极星模组 */\n\t<<set $enemyhealthmax to $NPCList[0].healthmax>>\n\t/* 北极星 */\n\t<<set $enemytrust to 0>>",
    "replace": "<<widget \"beastNNPCinit\">>\n\t<!-- NEW NNPC beast intitiation widget v2.6. Replaces beast(1-6)init widgets -->\n\t<!-- Probably just temporary... fix for Black Wolf -->\n\n\t<<set $enemyhealth to 200>>\n\t<<set $enemyarousal to $allure / 50>>\n\t<<set $enemyanger to 0>>\n\t<<set $enemystrength to 20000>>\n\t<<set $combat to 1>>\n\t<<set $enemyarousalmax to 500>>\n\t<<set $enemyangermax to 200>>\n\t<<set $enemyhealthmax to 200>>\n\t<<set $enemytrust to 0>>"
  },
  {
    "passage": "Widgets NPCs",
    "findString": "<<widget \"strangeman1init\">>\n\t/* 北极星模组 */\n\t<<set $enemyhealth to $NPCList[0].health>>\n\t/* 北极星 */\n\t<<set $enemyarousal to $allure / 50>>\n\t<<set $enemyanger to 0>>\n\t<<set $enemystrength to 20000>>\n\t<<set $NPCList[0].lefthand to \"mouth\">>\n\t<<set $combat to 1>>\n\t<<set $enemyarousalmax to 500>>\n\t<<set $enemyangermax to 200>>\n\t/* 北极星模组 */\n\t<<set $enemyhealthmax to $NPCList[0].healthmax>>\n\t/* 北极星 */\n\t<<set $enemytrust to 0>>",
    "replace": "<<widget \"strangeman1init\">>\n\t<<set $enemyhealth to 200>>\n\t<<set $enemyarousal to $allure / 50>>\n\t<<set $enemyanger to 0>>\n\t<<set $enemystrength to 20000>>\n\t<<set $NPCList[0].lefthand to \"mouth\">>\n\t<<set $combat to 1>>\n\t<<set $enemyarousalmax to 500>>\n\t<<set $enemyangermax to 200>>\n\t<<set $enemyhealthmax to 200>>\n\t<<set $enemytrust to 0>>"
  },
  {
    "passage": "Widgets NPCs",
    "findString": "<<widget \"strangeman2init\">>\n\t/* 北极星模组 */\n\t<<set $enemyhealth to $NPCList[0].health>>\n\t/* 北极星 */\n\t<<set $enemyarousal to $allure / 50>>\n\t<<set $enemyanger to 0>>\n\t<<set $enemystrength to 20000>>\n\t<<set $combat to 1>>\n\t<<set $enemyarousalmax to 500>>\n\t<<set $enemyangermax to 200>>\n\t/* 北极星模组 */\n\t<<set $enemyhealthmax to $NPCList[0].healthmax>>\n\t/* 北极星 */\n\t<<set $enemytrust to 0>>",
    "replace": "<<widget \"strangeman2init\">>\n\t<<set $enemyhealth to 200>>\n\t<<set $enemyarousal to $allure / 50>>\n\t<<set $enemyanger to 0>>\n\t<<set $enemystrength to 20000>>\n\t<<set $combat to 1>>\n\t<<set $enemyarousalmax to 500>>\n\t<<set $enemyangermax to 200>>\n\t<<set $enemyhealthmax to 200>>\n\t<<set $enemytrust to 0>>"
  },
  {
    "passage": "Widgets NPCs",
    "findString": "<<widget \"strangewoman1init\">>\n\t/* 北极星模组 */\n\t<<set $enemyhealth to $NPCList[0].health>>\n\t/* 北极星 */\n\t<<set $enemyarousal to $allure / 50>>\n\t<<set $enemyanger to 0>>\n\t<<set $enemystrength to 20000>>\n\t<<set $combat to 1>>\n\t<<set $enemyarousalmax to 500>>\n\t<<set $enemyangermax to 200>>\n\t/* 北极星模组 */\n\t<<set $enemyhealthmax to $NPCList[0].healthmax>>\n\t/* 北极星 */\n\t<<set $enemytrust to 0>>",
    "replace": "<<widget \"strangewoman1init\">>\n\t<<set $enemyhealth to 200>>\n\t<<set $enemyarousal to $allure / 50>>\n\t<<set $enemyanger to 0>>\n\t<<set $enemystrength to 20000>>\n\t<<set $combat to 1>>\n\t<<set $enemyarousalmax to 500>>\n\t<<set $enemyangermax to 200>>\n\t<<set $enemyhealthmax to 200>>\n\t<<set $enemytrust to 0>>"
  },
  {
    "passage": "Widgets NPCs",
    "findString": "<<widget \"tailorinit\">>\n\t/* 北极星模组 */\n\t<<set $enemyhealth to $NPCList[0].health>>\n\t/* 北极星 */\n\t<<set $enemyarousal to $allure / 50>>\n\t<<set $enemyanger to 0>>\n\t<<set $enemystrength to 20000>>\n\t<<set $combat to 1>>\n\t<<set $enemyarousalmax to 500>>\n\t<<set $enemyangermax to 200>>\n\t/* 北极星模组 */\n\t<<set $enemyhealthmax to $NPCList[0].healthmax>>\n\t/* 北极星 */\n\t<<set $enemytrust to 0>>",
    "replace": "<<widget \"tailorinit\">>\n\t<<set $enemyhealth to 200>>\n\t<<set $enemyarousal to $allure / 50>>\n\t<<set $enemyanger to 0>>\n\t<<set $enemystrength to 20000>>\n\t<<set $combat to 1>>\n\t<<set $enemyarousalmax to 500>>\n\t<<set $enemyangermax to 200>>\n\t<<set $enemyhealthmax to 200>>\n\t<<set $enemytrust to 0>>"
  },
  {
    "passage": "Widgets NPCs",
    "findString": "<<widget \"molestbusinit\">>\n\t/* 北极星模组 */\n\t<<set $enemyhealth to $NPCList[0].health>>\n\t/* 北极星 */\n\t<<set $enemyarousal to $allure / 50>>\n\t<<set $enemyanger to 0>>\n\t<<set $enemystrength to 20000>>\n\t<<set $combat to 1>>\n\t<<set $enemyarousalmax to 500>>\n\t<<set $enemyangermax to 200>>\n\t/* 北极星模组 */\n\t<<set $enemyhealthmax to $NPCList[0].healthmax>>\n\t/* 北极星 */\n\t<<set $enemytrust to 0>>",
    "replace": "<<widget \"molestbusinit\">>\n\t<<set $enemyhealth to 200>>\n\t<<set $enemyarousal to $allure / 50>>\n\t<<set $enemyanger to 0>>\n\t<<set $enemystrength to 20000>>\n\t<<set $combat to 1>>\n\t<<set $enemyarousalmax to 500>>\n\t<<set $enemyangermax to 200>>\n\t<<set $enemyhealthmax to 200>>\n\t<<set $enemytrust to 0>>"
  },
  {
    "passage": "Widgets NPCs",
    "findString": "<<widget \"busmoveinit\">>\n\t/* 北极星模组 */\n\t<<set $enemyhealth to $NPCList[0].health>>\n\t/* 北极星 */\n\t<<set $enemyarousal to $allure / 50>>\n\t<<set $enemyanger to 0>>\n\t<<set $enemystrength to 20000>>\n\t<<set $combat to 1>>\n\t<<set $enemyarousalmax to 200>>\n\t<<set $enemyangermax to 200>>\n\t/* 北极星模组 */\n\t<<set $enemyhealthmax to $NPCList[0].healthmax>>\n\t/* 北极星 */\n\t<<set $enemytrust to 0>>",
    "replace": "<<widget \"busmoveinit\">>\n\t<<set $enemyhealth to 200>>\n\t<<set $enemyarousal to $allure / 50>>\n\t<<set $enemyanger to 0>>\n\t<<set $enemystrength to 20000>>\n\t<<set $combat to 1>>\n\t<<set $enemyarousalmax to 200>>\n\t<<set $enemyangermax to 200>>\n\t<<set $enemyhealthmax to 200>>\n\t<<set $enemytrust to 0>>"
  },
  {
    "passage": "Widgets NPCs",
    "findString": "<<widget \"lefthandinit\">>\n\t/* 北极星模组 */\n\t<<set $enemyhealth to $NPCList[0].health>>\n\t/* 北极星 */\n\t<<set $enemyarousal to $allure / 50>>\n\t<<set $enemyanger to 0>>\n\t<<set $enemystrength to 20000>>\n\t<<set $NPCList[0].lefthand to 0>>\n\t<<set $NPCList[0].righthand to \"none\">>\n\t<<set $NPCList[0].penis to \"none\">>\n\t<<set $NPCList[0].vagina to \"none\">>\n\t<<set $combat to 1>>\n\t<<set $enemyarousalmax to 100>>\n\t<<set $enemyangermax to 200>>\n\t/* 北极星模组 */\n\t<<set $enemyhealthmax to $NPCList[0].healthmax>>\n\t/* 北极星 */\n\t<<set $enemytrust to 0>>",
    "replace": "<<widget \"lefthandinit\">>\n\t<<set $enemyhealth to 200>>\n\t<<set $enemyarousal to $allure / 50>>\n\t<<set $enemyanger to 0>>\n\t<<set $enemystrength to 20000>>\n\t<<set $NPCList[0].lefthand to 0>>\n\t<<set $NPCList[0].righthand to \"none\">>\n\t<<set $NPCList[0].penis to \"none\">>\n\t<<set $NPCList[0].vagina to \"none\">>\n\t<<set $combat to 1>>\n\t<<set $enemyarousalmax to 100>>\n\t<<set $enemyangermax to 200>>\n\t<<set $enemyhealthmax to 200>>\n\t<<set $enemytrust to 0>>"
  },
  {
    "passage": "Widgets NPCs",
    "findString": "<<widget \"nurseinit\">>\n\t/* 北极星模组 */\n\t<<set $enemyhealth to $NPCList[0].health>>\n\t/* 北极星 */\n\t<<set $enemyarousal to $allure / 50>>\n\t<<set $enemyanger to 0>>\n\t<<set $enemystrength to 20000>>\n\t<<set $combat to 1>>\n\t<<set $enemyarousalmax to 400>>\n\t<<set $enemyangermax to 200>>\n\t/* 北极星模组 */\n\t<<set $enemyhealthmax to $NPCList[0].healthmax>>\n\t/* 北极星 */\n\t<<set $enemytrust to 0>>",
    "replace": "<<widget \"nurseinit\">>\n\t<<set $enemyhealth to 200>>\n\t<<set $enemyarousal to $allure / 50>>\n\t<<set $enemyanger to 0>>\n\t<<set $enemystrength to 20000>>\n\t<<set $combat to 1>>\n\t<<set $enemyarousalmax to 400>>\n\t<<set $enemyangermax to 200>>\n\t<<set $enemyhealthmax to 200>>\n\t<<set $enemytrust to 0>>"
  },
  {
    "passage": "Widgets NPCs",
    "findString": "<<widget \"spankmaninit\">>\n\t/* 北极星模组 */\n\t<<set $enemyhealth to $NPCList[0].health>>\n\t/* 北极星 */\n\t<<set $enemyarousal to 0>>\n\t<<set $enemyanger to 300>>\n\t<<set $enemystrength to 20000>>\n\t<<set $NPCList[0].lefthand to \"arms\">>\n\t<<set $NPCList[0].righthand to \"spank\">>\n\t<<set $combat to 1>>\n\t<<set $enemyarousalmax to 500>>\n\t<<set $enemyangermax to 300>>\n\t/* 北极星模组 */\n\t<<set $enemyhealthmax to $NPCList[0].healthmax>>\n\t/* 北极星 */\n\t<<set $enemytrust to 0>>",
    "replace": "<<widget \"spankmaninit\">>\n\t<<set $enemyhealth to 200>>\n\t<<set $enemyarousal to 0>>\n\t<<set $enemyanger to 300>>\n\t<<set $enemystrength to 20000>>\n\t<<set $NPCList[0].lefthand to \"arms\">>\n\t<<set $NPCList[0].righthand to \"spank\">>\n\t<<set $combat to 1>>\n\t<<set $enemyarousalmax to 500>>\n\t<<set $enemyangermax to 300>>\n\t<<set $enemyhealthmax to 200>>\n\t<<set $enemytrust to 0>>"
  },
  {
    "passage": "Widgets NPCs",
    "findString": "\t<<set $enemyarousal1 to $enemyarousal>>\n\t<<set $enemyanger1 to $enemyanger>>\n\t<<set $enemyhealth1 to $enemyhealthmax>>\n\t<<set $enemytrust1 to $enemytrust>>\n\n\t<<set $enemyarousal2 to $enemyarousal>>\n\t<<set $enemyanger2 to $enemyanger>>\n\t<<set $enemyhealth2 to $enemyhealthmax>>\n\t<<set $enemytrust2 to $enemytrust>>\n\n\t<<set $enemyarousal3 to $enemyarousal>>\n\t<<set $enemyanger3 to $enemyanger>>\n\t<<set $enemyhealth3 to $enemyhealthmax>>\n\t<<set $enemytrust3 to $enemytrust>>\n\n\t<<set $enemyarousal4 to $enemyarousal>>\n\t<<set $enemyanger4 to $enemyanger>>\n\t<<set $enemyhealth4 to $enemyhealthmax>>\n\t<<set $enemytrust4 to $enemytrust>>\n\n\t<<set $enemyarousal5 to $enemyarousal>>\n\t<<set $enemyanger5 to $enemyanger>>\n\t<<set $enemyhealth5 to $enemyhealthmax>>\n\t<<set $enemytrust5 to $enemytrust>>\n\n\t<<set $enemyarousal6 to $enemyarousal>>\n\t<<set $enemyanger6 to $enemyanger>>\n\t<<set $enemyhealth6 to $enemyhealthmax>>\n\t<<set $enemytrust6 to $enemytrust>>",
    "replace": "\t/* 北极星模组 */\n\t<<set $enemyarousal1 to $enemyarousal>>\n\t<<set $enemyanger1 to $enemyanger>>\n\t<<set $enemyhealth1 to $NPCList[0].healthmax>>\n\t<<set $enemytrust1 to $enemytrust>>\n\n\t<<set $enemyarousal2 to $enemyarousal>>\n\t<<set $enemyanger2 to $enemyanger>>\n\t<<set $enemyhealth2 to $NPCList[1].healthmax>>\n\t<<set $enemytrust2 to $enemytrust>>\n\n\t<<set $enemyarousal3 to $enemyarousal>>\n\t<<set $enemyanger3 to $enemyanger>>\n\t<<set $enemyhealth3 to $NPCList[2].healthmax>>\n\t<<set $enemytrust3 to $enemytrust>>\n\n\t<<set $enemyarousal4 to $enemyarousal>>\n\t<<set $enemyanger4 to $enemyanger>>\n\t<<set $enemyhealth4 to $NPCList[3].healthmax>>\n\t<<set $enemytrust4 to $enemytrust>>\n\n\t<<set $enemyarousal5 to $enemyarousal>>\n\t<<set $enemyanger5 to $enemyanger>>\n\t<<set $enemyhealth5 to $NPCList[4].healthmax>>\n\t<<set $enemytrust5 to $enemytrust>>\n\n\t<<set $enemyarousal6 to $enemyarousal>>\n\t<<set $enemyanger6 to $enemyanger>>\n\t<<set $enemyhealth6 to $NPCList[5].healthmax>>\n\t<<set $enemytrust6 to $enemytrust>>\n\t/* 北极星 */"
  },
  {
    "passage": "Widgets NPCs",
    "findString": "\t<<set $enemyarousal2 to $enemyarousal>>\n\t<<set $enemyanger2 to $enemyanger>>\n\t<<set $enemyhealth2 to $enemyhealthmax>>\n\t<<set $enemytrust2 to $enemytrust>>\n\n\t<<set $enemyarousal3 to $enemyarousal>>\n\t<<set $enemyanger3 to $enemyanger>>\n\t<<set $enemyhealth3 to $enemyhealthmax>>\n\t<<set $enemytrust3 to $enemytrust>>\n\n\t<<set $enemyarousal4 to $enemyarousal>>\n\t<<set $enemyanger4 to $enemyanger>>\n\t<<set $enemyhealth4 to $enemyhealthmax>>\n\t<<set $enemytrust4 to $enemytrust>>\n\n\t<<set $enemyarousal5 to $enemyarousal>>\n\t<<set $enemyanger5 to $enemyanger>>\n\t<<set $enemyhealth5 to $enemyhealthmax>>\n\t<<set $enemytrust5 to $enemytrust>>\n\n\t<<set $enemyarousal6 to $enemyarousal>>\n\t<<set $enemyanger6 to $enemyanger>>\n\t<<set $enemyhealth6 to $enemyhealthmax>>\n\t<<set $enemytrust6 to $enemytrust>>",
    "replace": "\t/* 北极星模组 */\n\t<<set $enemyarousal1 to $enemyarousal>>\n\t<<set $enemyanger1 to $enemyanger>>\n\t<<set $enemyhealth1 to $$$NPCList[0].healthmax>>\n\t<<set $enemytrust1 to $enemytrust>>\n\n\t<<set $enemyarousal2 to $enemyarousal>>\n\t<<set $enemyanger2 to $enemyanger>>\n\t<<set $enemyhealth2 to $$$NPCList[1].healthmax>>\n\t<<set $enemytrust2 to $enemytrust>>\n\n\t<<set $enemyarousal3 to $enemyarousal>>\n\t<<set $enemyanger3 to $enemyanger>>\n\t<<set $enemyhealth3 to $$$NPCList[2].healthmax>>\n\t<<set $enemytrust3 to $enemytrust>>\n\n\t<<set $enemyarousal4 to $enemyarousal>>\n\t<<set $enemyanger4 to $enemyanger>>\n\t<<set $enemyhealth4 to $$$NPCList[3].healthmax>>\n\t<<set $enemytrust4 to $enemytrust>>\n\n\t<<set $enemyarousal5 to $enemyarousal>>\n\t<<set $enemyanger5 to $enemyanger>>\n\t<<set $enemyhealth5 to $$$NPCList[4].healthmax>>\n\t<<set $enemytrust5 to $enemytrust>>\n\n\t<<set $enemyarousal6 to $enemyarousal>>\n\t<<set $enemyanger6 to $enemyanger>>\n\t<<set $enemyhealth6 to $$$NPCList[5].healthmax>>\n\t<<set $enemytrust6 to $enemytrust>>\n\t/* 北极星 */"
  },
  {
    "passage": "Widgets NPCs",
    "findString": "<<widget \"man\">>\n\t<<if $finish isnot 1>>",
    "replace": "<<widget \"man\">>\n    /* 北极星模组 */\n\t<<if $finish isnot 1 and !$againfail>>\n\t/* 北极星 */"
  },
  {
    "passage": "Widgets NPCs",
    "findString": "\t\t<div @class=\"($debugLines ? 'debugLines-combat' : '')\">\n\t\t\t<br>",
    "replace": "\t\t<div @class=\"($debugLines ? 'debugLines-combat' : '')\">\n\t\t\t<br>\n\t\t\t/* 北极星模组 */\n\t\t\t<<if $cobweb and $cobweb gte 1>>\n                对方被蜘蛛网束缚着，暂时动弹不得。\n                <<rng>>\n                <<if $rng gte 50>>\n                    但在不断的挣扎下，蛛网<span class=\"red\">逐渐破裂</span>，\n                    <<set $cobweb -= 1>>\n                    <<if $cobweb lte 0>>\n                        对方马上就要挣脱。\n                    <<else>>\n                        它坚持不了太久。\n                    <</if>>\n                <<else>>\n                    在其不断的挣扎下，蛛网<span class=\"green\">依旧牢固</span>，但它坚持不了太久。\n                <</if>>\n                <br><br>\n            <<elseif $energyaction is \"ghost\">>\n                <span class=\"wraith\">对方尝试触碰你的身体，却摸了个空。</span>\n                <br><br>\n            <<else>>\n            /* 北极星 */"
  },
  {
    "passage": "Widgets NPCs",
    "findString": "\t\t\t<<for _mancombatcontrol = 0; _mancombatcontrol lt $enemynomax; _mancombatcontrol++>>\n\t\t\t\t<<if $NPCList[_mancombatcontrol].active is \"active\" and $NPCList[_mancombatcontrol].stance isnot \"defeated\">>\n\t\t\t\t\t<<man-combat _mancombatcontrol>>",
    "replace": "\t\t\t<<for _mancombatcontrol = 0; _mancombatcontrol lt $enemynomax; _mancombatcontrol++>>\n\t\t\t\t<<if $NPCList[_mancombatcontrol].active is \"active\" and $NPCList[_mancombatcontrol].stance isnot \"defeated\">>\n\t\t\t\t    /* 北极星模组 */\n        \t\t\t<<if $NPCList[_mancombatcontrol].freeze>>\n\t\t\t\t        <<set $NPCList[_mancombatcontrol].freeze to false>>\n                    \t<<if [\"m\", \"f\", \"i\", \"n\", \"t\"].includes($NPCList[_mancombatcontrol].pronoun)>>\n                    \t\t<<set $pronoun to $NPCList[_mancombatcontrol].pronoun>>\n                    \t<<elseif $options.debugdisable is \"f\">>\n                    \t\t<span class=\"red\">ERROR: Unexpected $$$NPCList[_mancombatcontrol].pronoun: [$NPCList[_mancombatcontrol].pronoun]</span>\n                    \t<</if>>\n                    \t<<personselect _mancombatcontrol>>\n                    \t<<switch _mancombatcontrol>>\n                    \t\t<<case 0>>\n                    \t\t\t<<manspeech _mancombatcontrol>>\n                    \t\t\t<<if $NPCList[0].intro isnot -1>>\n                    \t\t\t\t<<set $NPCList[0].intro to 1>>\n                    \t\t\t<</if>>\n                    \t\t<<case 1 2 3 4 5>>\n                    \t\t\t<<manspeech _mancombatcontrol>><<if $NPCList[_mancombatcontrol].intro isnot -1>><<set $NPCList[_mancombatcontrol].intro to 1>><</if>>\n                    \t<</switch>>\n                    \t<span class=\"lblue\"><<He>>被你的寒气冰冻了，无法做出任何行动。</span>\n\t\t\t\t    <<else>>\n\t\t\t\t\t    <<man-combat _mancombatcontrol>>\n\t\t\t\t\t<</if>>\n        \t\t\t/* 北极星 */"
  },
  {
    "passage": "Widgets NPCs",
    "findString": "\t\t\t<</for>>\n\t\t\t<<if $oxygen lt $oxygenmax and $underwater isnot 1 and _strangle is 1>>",
    "replace": "\t\t\t<</for>>\n\t\t\t/* 北极星模组 */\n\t\t\t<</if>>\n\t\t\t/* 北极星 */\n\t\t\t<<if $oxygen lt $oxygenmax and $underwater isnot 1 and _strangle is 1>>"
  }
]