[
  {
    "passage": "Widgets Mirror",
    "findString": "\t\t<<case \"hair\">>\n\t\t\t<<mirrorHair>>\n\t\t<<case \"makeup\">>\n\t\t\t<<mirrorMakeup>>",
    "replace": "\t\t<<case \"hair\">>\n\t\t\t<<mirrorHair>>\n\t\t/* 北极星模组 */\n\t\t<<case \"specialHair\">>\n\t\t\t<<specialHair>>\n\t\t/* 北极星 */\n\t\t<<case \"makeup\">>\n\t\t\t<<mirrorMakeup>>\n\t\t/* 北极星模组 */\n\t\t<<case \"clothingtear\">>\n\t\t\t<<tearoptions>>\n\t\t/* 北极星 */"
  },
  {
    "passage": "Widgets Mirror",
    "findString": "\t你看着$_mirror。\n\t<<if $fallenangel is 2>>\n\t\t一个不成人形的身影",
    "replace": "\t你看着$_mirror。\n\t/* 北极星模组 */\n\t<<if $fallenangel is 2>>\n\t\t一个可悲的灵魂\n\t<<elseif $demonhunter is 2>>\n\t\t一团复仇的烈火\n\t/* 北极星 */"
  },
  {
    "passage": "Widgets Mirror",
    "findString": "\t<br><br>\n\t__化妆__",
    "replace": "\t<br><br>\n\t\n\t/* 北极星模组 */\n\t<<if $options.bjx_eventTF>>\n    \t<<if $slime gte 1>>\n    \t    <span class='green'><<link \"修改头发长度\">><<set $mirrorMenu to \"specialHair\">><<replace #mirror>><<mirrorDisplay>><</replace>><<numberify \"#passages > .passage\">><</link>></span><br><br>\n    \t<</if>>\n    \t<<if $ghost gte 1>>\n    \t    <span class='green'><<link \"修改头发长度\">><<set $mirrorMenu to \"specialHair\">><<replace #mirror>><<mirrorDisplay>><</replace>><<numberify \"#passages > .passage\">><</link>></span><br><br>\n    \t<</if>>\n    \t<<if $mushroom gte 1>>\n    \t    <span class='green'><<link \"修改头发长度\">><<set $mirrorMenu to \"specialHair\">><<replace #mirror>><<mirrorDisplay>><</replace>><<numberify \"#passages > .passage\">><</link>></span><br><br>\n    \t<</if>>\n\t<</if>>\n\t/* 北极星 */\n\t\n\t__化妆__"
  },
  {
    "passage": "Widgets Mirror",
    "findString": "\t<<if $worn.neck.name is \"love locket\">>\n\t\t__首饰盒__",
    "replace": "\t/* 北极星模组 */\n\t__服装__\n\t<br>\n\t<<link \"撕碎衣服\">><<set $mirrorMenu to \"clothingtear\">><<replace #mirror>><<mirrorDisplay>><</replace>><<numberify \"#passages > .passage\">><</link>>\n\t<br><br>\n\n\t<<if $trauma gte ($traumamax * 0.9)>>\n\t\t<<set $traumatized to true>>\n\t<</if>>\n\t/* 北极星 */\n\n\t<<if $worn.neck.name is \"love locket\">>\n\t\t__首饰盒__"
  },
  {
    "passage": "Widgets Mirror",
    "findString": "\t<<if !$simpleMirror>>\n\t\t<<if $specialTransform is 1 or $physicalTransform is 1>>",
    "replace": "\t<<if !$simpleMirror>>\n\t    /* 北极星模组 */\n\t\t<<if $specialTransform is 1 or $physicalTransform is 1 or $mushroom gte 1 and $options.bjx_eventTF or $traumatized isnot undefined and $options.bjx_divine>>\n\t\t/* 北极星 */"
  },
  {
    "passage": "Widgets Mirror",
    "findString": "\t<span class=\"green\">\n\t\t<<if $beauty gte ($beautymax / 7)>>\n\t\t\t可爱\n\t\t\t<br>\n\t\t<</if>>\n\t\t<<if $beauty gte ($beautymax / 7) * 2>>\n\t\t\t尤物\n\t\t\t<br>\n\t\t<</if>>\n\t\t<<if $beauty gte ($beautymax / 7) * 3>>\n\t\t\t迷人\n\t\t\t<br>\n\t\t<</if>>\n\t\t<<if $beauty gte ($beautymax / 7) * 4>>\n\t\t\t美丽\n\t\t\t<br>\n\t\t<</if>>\n\t\t<<if $beauty gte ($beautymax / 7) * 5>>\n\t\t\t醉人\n\t\t\t<br>\n\t\t<</if>>\n\t\t<<if $beauty gte ($beautymax / 7) * 6>>\n\t\t\t神圣\n\t\t\t<br>\n\t\t<</if>>\n\t\t头发长度\n\t\t<br>\n\t\t<<if $worn.upper.type.includes(\"naked\")>>\n\t\t\t赤裸上身\n\t\t\t<br>\n\t\t<<elseif $worn.upper.reveal gte 500>>\n\t\t\t暴露的上装\n\t\t\t<br>\n\t\t<</if>>\n\t\t<<if $worn.lower.type.includes(\"naked\")>>\n\t\t\t赤裸下身\n\t\t\t<br>\n\t\t<<elseif $worn.lower.reveal gte 500>>\n\t\t\t暴露的下装\n\t\t\t<br>\n\t\t<</if>>\n\t\t<<if $worn.under_lower.type.includes(\"naked\")>>\n\t\t\t没穿内裤\n\t\t\t<br>\n\t\t<<elseif $worn.under_lower.reveal gte 500>>\n\t\t\t性感内衣\n\t\t\t<br>\n\t\t<</if>>\n\t\t<<if $wolfgirl gte 6>>\n\t\t\t狼化\n\t\t\t<br>\n\t\t<</if>>\n\t\t<<if $cat gte 6>>\n\t\t\t猫化\n\t\t\t<br>\n\t\t<</if>>\n\t\t<<if $cow gte 6>>\n\t\t\t牛化\n\t\t\t<br>\n\t\t<</if>>\n\t\t<<if $harpy gte 6>>\n\t\t\t哈比化\n\t\t\t<br>\n\t\t<</if>>\n\t\t<<if $fox gte 6>>\n\t\t\t狐化\n\t\t\t<br>\n\t\t<</if>>\n\t\t<<if $angel gte 6>>\n\t\t\t天使化\n\t\t\t<br>\n\t\t<</if>>\n\t\t<<if $fallenangel gte 2>>\n\t\t\t堕天使化\n\t\t\t<br>\n\t\t<</if>>\n\t\t<<if $demon gte 6>>\n\t\t\t恶魔化\n\t\t\t<br>\n\t\t<</if>>\n\t\t<<if $makeup.lipstick != 0 or $makeup.eyeshadow != 0 or $makeup.mascara != 0>>\n\t\t\t迷人的妆容\n\t\t\t<br>\n\t\t<</if>>\n\t\t<<if $worn.head.reveal gte 50>>\n\t\t\t迷人的头饰\n\t\t\t<br>\n\t\t<</if>>\n\t\t<<if $worn.face.reveal gte 50>>\n\t\t\t迷人的脸饰\n\t\t\t<br>\n\t\t<</if>>\n\t\t<<if $worn.neck.reveal gte 50>>\n\t\t\t迷人的项饰\n\t\t\t<br>\n\t\t<</if>>\n\t\t<<if $worn.legs.reveal gte 50>>\n\t\t\t迷人的裤袜\n\t\t\t<br>\n\t\t<</if>>\n\t\t<<if $worn.feet.reveal gte 50>>\n\t\t\t迷人的鞋子\n\t\t\t<br>\n\t\t<</if>>\n\t</span>\n",
    "replace": "\t/* 北极星模组 */\n\t<span class=\"green\">\n\t\t<<if $beauty gte ($beautymax / 7)>>\n\t\t\t可爱\n\t\t\t<br>\n\t\t<</if>>\n\t\t<<if $beauty gte ($beautymax / 7) * 2>>\n\t\t\t美丽\n\t\t\t<br>\n\t\t<</if>>\n\t\t<<if $beauty gte ($beautymax / 7) * 3>>\n\t\t\t迷人\n\t\t\t<br>\n\t\t<</if>>\n\t\t<<if $beauty gte ($beautymax / 7) * 4>>\n\t\t\t醉人\n\t\t\t<br>\n\t\t<</if>>\n\t\t<<if $beauty gte ($beautymax / 7) * 5>>\n\t\t\t尤物\n\t\t\t<br>\n\t\t<</if>>\n\t\t<<if $beauty gte ($beautymax / 7) * 6>>\n\t\t\t激萌\n\t\t\t<br>\n\t\t<</if>>\n\t\t头发长度\n\t\t<br>\n\t\t<<if $worn.upper.type.includes(\"naked\")>>\n\t\t\t赤裸上身\n\t\t\t<br>\n\t\t<<elseif $worn.upper.reveal gte 500>>\n\t\t\t暴露的上装\n\t\t\t<br>\n\t\t<</if>>\n\t\t<<if $worn.lower.type.includes(\"naked\")>>\n\t\t\t赤裸下身\n\t\t\t<br>\n\t\t<<elseif $worn.lower.reveal gte 500>>\n\t\t\t暴露的下装\n\t\t\t<br>\n\t\t<</if>>\n\t\t<<if $worn.under_lower.type.includes(\"naked\")>>\n\t\t\t没穿内裤\n\t\t\t<br>\n\t\t<<elseif $worn.under_lower.reveal gte 500>>\n\t\t\t性感内衣\n\t\t\t<br>\n\t\t<</if>>\n\t\t<<if $angel gte 6>>\n\t\t\t天使化\n\t\t\t<br>\n\t\t<</if>>\n\t\t<<if $demon gte 6>>\n\t\t\t恶魔化\n\t\t\t<br>\n\t\t<</if>>\n\t\t<<if !$options.bjx_divine>>\n    \t\t<<if $fallenangel gte 2>>\n    \t\t\t堕天使化\n    \t\t\t<br>\n    \t\t<</if>>\n    \t<</if>>\n\t\t<<if $options.bjx_animal>>\n    \t\t<<if $cat gte 6>>\n    \t\t\t猫化\n    \t\t\t<br>\n    \t\t<</if>>\n    \t\t<<if $fox gte 6>>\n    \t\t\t狐化\n    \t\t\t<br>\n    \t\t<</if>>\n    \t\t<<if $sheep gte 6>>\n    \t\t\t羊化\n    \t\t\t<br>\n    \t\t<</if>>\n    \t\t<<if $raccoon gte 6>>\n    \t\t\t浣熊化\n    \t\t\t<br>\n    \t\t<</if>>\n    \t\t<<if $dog gte 6>>\n    \t\t\t狗化\n    \t\t\t<br>\n    \t\t<</if>>\n    \t\t<<if $fish gte 6>>\n    \t\t\t鱼化\n    \t\t\t<br>\n    \t\t<</if>>\n    \t\t<<if $horse gte 6>>\n    \t\t\t马化\n    \t\t\t<br>\n    \t\t<</if>>\n    \t\t<<if $deer gte 6>>\n    \t\t\t鹿化\n    \t\t\t<br>\n    \t\t<</if>>\n    \t\t<<if $dolphin gte 6>>\n    \t\t\t海豚化\n    \t\t\t<br>\n    \t\t<</if>>\n\t\t<<else>>\n    \t\t<<if $wolfgirl gte 6>>\n    \t\t\t狼化\n    \t\t\t<br>\n    \t\t<</if>>\n    \t\t<<if $cat gte 6>>\n    \t\t\t猫化\n    \t\t\t<br>\n    \t\t<</if>>\n    \t\t<<if $cow gte 6>>\n    \t\t\t牛化\n    \t\t\t<br>\n    \t\t<</if>>\n    \t\t<<if $harpy gte 6>>\n    \t\t\t鹰化\n    \t\t\t<br>\n    \t\t<</if>>\n    \t\t<<if $fox gte 6>>\n    \t\t\t狐化\n    \t\t\t<br>\n    \t\t<</if>>\n\t\t<</if>>\n\t\t<<if $options.bjx_eventTF>>\n        \t<<if $mushroom gte 1>>\n    \t\t\t孢子催情素\n    \t\t\t<br>\n    \t\t<</if>>\n    \t<</if>>\n\t\t<<if $makeup.lipstick != 0 or $makeup.eyeshadow != 0 or $makeup.mascara != 0>>\n\t\t\t迷人的妆容\n\t\t\t<br>\n\t\t<</if>>\n\t\t<<if $worn.head.reveal gte 50>>\n\t\t\t迷人的头饰\n\t\t\t<br>\n\t\t<</if>>\n\t\t<<if $worn.face.reveal gte 50>>\n\t\t\t迷人的脸饰\n\t\t\t<br>\n\t\t<</if>>\n\t\t<<if $worn.neck.reveal gte 50>>\n\t\t\t迷人的项饰\n\t\t\t<br>\n\t\t<</if>>\n\t\t<<if $worn.legs.reveal gte 50>>\n\t\t\t迷人的裤袜\n\t\t\t<br>\n\t\t<</if>>\n\t\t<<if $worn.feet.reveal gte 50>>\n\t\t\t迷人的鞋子\n\t\t\t<br>\n\t\t<</if>>\n\t</span>\n    <span class=\"red\">\n        <<if $options.bjx_divine>>\n    \t\t<<if $fallenangel gte 2>>\n    \t\t\t堕天使化\n    \t\t\t<br>\n    \t\t<</if>>\n    \t<</if>>\n        <<if $options.bjx_animal>>\n            <<if $wolfgirl gte 6>>\n    \t\t\t狼化\n    \t\t\t<br>\n    \t\t<</if>>\n    \t\t<<if $cow gte 6>>\n    \t\t\t牛化\n    \t\t\t<br>\n    \t\t<</if>>\n    \t\t<<if $harpy gte 6>>\n    \t\t\t鹰化\n    \t\t\t<br>\n    \t\t<</if>>\n    \t\t<<if $pig gte 6>>\n    \t\t\t猪化\n    \t\t\t<br>\n    \t\t<</if>>\n    \t\t<<if $spider gte 6>>\n    \t\t\t蜘蛛化\n    \t\t\t<br>\n    \t\t<</if>>\n    \t\t<<if $frog gte 6>>\n    \t\t\t青蛙化\n    \t\t\t<br>\n    \t\t<</if>>\n    \t\t<<if $bee gte 6>>\n    \t\t\t蜜蜂化\n    \t\t\t<br>\n    \t\t<</if>>\n    \t\t<<if $dragon gte 6>>\n    \t\t\t龙化\n    \t\t\t<br>\n    \t\t<</if>>\n    \t\t<<if $lizard gte 6>>\n    \t\t\t蜥蜴化\n    \t\t\t<br>\n    \t\t<</if>>\n    \t<</if>>\n    </span>\n    /* 北极星 */"
  },
  {
    "passage": "Widgets Mirror",
    "findString": "\t增加你的诱惑:\n\t<br>\n\t<span class=\"red\">\n\t\t<<if $beauty gte ($beautymax / 7)>>\n\t\t\t可爱\n\t\t\t<br>\n\t\t<</if>>\n\t\t<<if $beauty gte ($beautymax / 7) * 2>>\n\t\t\t尤物\n\t\t\t<br>\n\t\t<</if>>\n\t\t<<if $beauty gte ($beautymax / 7) * 3>>\n\t\t\t迷人\n\t\t\t<br>\n\t\t<</if>>\n\t\t<<if $beauty gte ($beautymax / 7) * 4>>\n\t\t\t美丽\n\t\t\t<br>\n\t\t<</if>>\n\t\t<<if $beauty gte ($beautymax / 7) * 5>>\n\t\t\t醉人\n\t\t\t<br>\n\t\t<</if>>\n\t\t<<if $beauty gte ($beautymax / 7) * 6>>\n\t\t\t神圣\n\t\t\t<br>\n\t\t<</if>>\n\t\t头发长度\n\t\t<br>\n\t\t<<if $worn.upper.type.includes(\"naked\")>>\n\t\t\t赤裸上身\n\t\t\t<br>\n\t\t<<elseif $worn.upper.reveal gte 500>>\n\t\t\t暴露的上装\n\t\t\t<br>\n\t\t<</if>>\n\t\t<<if $worn.lower.type.includes(\"naked\")>>\n\t\t\t赤裸下身\n\t\t\t<br>\n\t\t<<elseif $worn.lower.reveal gte 500>>\n\t\t\t暴露的下装\n\t\t\t<br>\n\t\t<</if>>\n\t\t<<if $worn.under_lower.type.includes(\"naked\")>>\n\t\t\t没穿内裤\n\t\t\t<br>\n\t\t<<elseif $worn.under_lower.reveal gte 500>>\n\t\t\t性感内衣\n\t\t\t<br>\n\t\t<</if>>\n\t\t<<if $wolfgirl gte 6>>\n\t\t\t狼化\n\t\t\t<br>\n\t\t<</if>>\n\t\t<<if $cat gte 6>>\n\t\t\t猫化\n\t\t\t<br>\n\t\t<</if>>\n\t\t<<if $cow gte 6>>\n\t\t\t牛化\n\t\t\t<br>\n\t\t<</if>>\n\t\t<<if $harpy gte 6>>\n\t\t\t哈比化\n\t\t\t<br>\n\t\t<</if>>\n\t\t<<if $fox gte 6>>\n\t\t\t狐化\n\t\t\t<br>\n\t\t<</if>>\n\t\t<<if $angel gte 6>>\n\t\t\t天使化\n\t\t\t<br>\n\t\t<</if>>\n\t\t<<if $fallenangel gte 2>>\n\t\t\t堕天使化\n\t\t\t<br>\n\t\t<</if>>\n\t\t<<if $demon gte 6>>\n\t\t\t恶魔化\n\t\t\t<br>\n\t\t<</if>>\n\t\t<<if $earSlime.growth gt 50>>\n\t\t\t耳中史莱姆信息素\n\t\t\t<br>\n\t\t<</if>>",
    "replace": "\t/* 北极星模组 */\n\t增加你的诱惑:\n\t<br>\n\t<span class=\"red\">\n        <<if !$options.bjx_animal or $transformationParts.traits.incognito is \"disabled\">>\n    \t\t<<if $beauty gte ($beautymax / 7)>>\n    \t\t\t可爱\n    \t\t\t<br>\n    \t\t<</if>>\n    \t\t<<if $beauty gte ($beautymax / 7) * 2>>\n    \t\t\t美丽\n    \t\t\t<br>\n    \t\t<</if>>\n    \t\t<<if $beauty gte ($beautymax / 7) * 3>>\n    \t\t\t迷人\n    \t\t\t<br>\n    \t\t<</if>>\n    \t\t<<if $beauty gte ($beautymax / 7) * 4>>\n    \t\t\t醉人\n    \t\t\t<br>\n    \t\t<</if>>\n    \t\t<<if $beauty gte ($beautymax / 7) * 5>>\n    \t\t\t尤物\n    \t\t\t<br>\n    \t\t<</if>>\n    \t\t<<if $beauty gte ($beautymax / 7) * 6>>\n    \t\t\t激萌\n    \t\t\t<br>\n    \t\t<</if>>\n    \t<</if>>\n    \t头发长度\n\t\t<br>\n\t\t<<if $worn.upper.type.includes(\"naked\")>>\n\t\t\t赤裸上身\n\t\t\t<br>\n\t\t<<elseif $worn.upper.reveal gte 500>>\n\t\t\t暴露的上装\n\t\t\t<br>\n\t\t<</if>>\n\t\t<<if $worn.lower.type.includes(\"naked\")>>\n\t\t\t赤裸下身\n\t\t\t<br>\n\t\t<<elseif $worn.lower.reveal gte 500>>\n\t\t\t暴露的下装\n\t\t\t<br>\n\t\t<</if>>\n\t\t<<if $worn.under_lower.type.includes(\"naked\")>>\n\t\t\t没穿内裤\n\t\t\t<br>\n\t\t<<elseif $worn.under_lower.reveal gte 500>>\n\t\t\t性感内衣\n\t\t\t<br>\n\t\t<</if>>\n\t\t<<if $angel gte 6>>\n\t\t\t天使化\n\t\t\t<br>\n\t\t<</if>>\n\t\t<<if $demon gte 6>>\n\t\t\t恶魔化\n\t\t\t<br>\n\t\t<</if>>\n\t\t<<if $earSlime.growth gt 50>>\n\t\t\t耳中史莱姆信息素\n\t\t\t<br>\n\t\t<</if>>\n\t\t<<if !$options.bjx_divine>>\n    \t\t<<if $fallenangel gte 2>>\n    \t\t\t堕天使化\n    \t\t\t<br>\n    \t\t<</if>>\n    \t<</if>>\n\t\t<<if $options.bjx_animal>>\n    \t\t<<if $cat gte 6>>\n    \t\t\t猫化\n    \t\t\t<br>\n    \t\t<</if>>\n    \t\t<<if $fox gte 6>>\n    \t\t\t狐化\n    \t\t\t<br>\n    \t\t<</if>>\n    \t\t<<if $sheep gte 6>>\n    \t\t\t羊化\n    \t\t\t<br>\n    \t\t<</if>>\n    \t\t<<if $raccoon gte 6>>\n    \t\t\t浣熊化\n    \t\t\t<br>\n    \t\t<</if>>\n    \t\t<<if $dog gte 6>>\n    \t\t\t狗化\n    \t\t\t<br>\n    \t\t<</if>>\n    \t\t<<if $fish gte 6>>\n    \t\t\t鱼化\n    \t\t\t<br>\n    \t\t<</if>>\n    \t\t<<if $horse gte 6>>\n    \t\t\t马化\n    \t\t\t<br>\n    \t\t<</if>>\n    \t\t<<if $deer gte 6>>\n    \t\t\t鹿化\n    \t\t\t<br>\n    \t\t<</if>>\n    \t\t<<if $dolphin gte 6>>\n    \t\t\t海豚化\n    \t\t\t<br>\n    \t\t<</if>>\n\t\t<<else>>\n    \t\t<<if $wolfgirl gte 6>>\n    \t\t\t狼化\n    \t\t\t<br>\n    \t\t<</if>>\n    \t\t<<if $cat gte 6>>\n    \t\t\t猫化\n    \t\t\t<br>\n    \t\t<</if>>\n    \t\t<<if $cow gte 6>>\n    \t\t\t牛化\n    \t\t\t<br>\n    \t\t<</if>>\n    \t\t<<if $harpy gte 6>>\n    \t\t\t鹰化\n    \t\t\t<br>\n    \t\t<</if>>\n    \t\t<<if $fox gte 6>>\n    \t\t\t狐化\n    \t\t\t<br>\n    \t\t<</if>>\n\t\t<</if>>"
  },
  {
    "passage": "Widgets Mirror",
    "findString": "\t\t<<if isBloodmoon()>>\n\t\t\t满月\n\t\t\t<br>\n\t\t<</if>>\n\t</span>",
    "replace": "\t\t<<if isBloodmoon()>>\n\t\t\t血月\n\t\t\t<br>\n\t\t<</if>>\n\t</span>\n\t/* 北极星 */"
  },
  {
    "passage": "Widgets Mirror",
    "findString": "\t降低你的诱惑:\n\t<br>",
    "replace": "\t/* 北极星模组 */\n\t降低你的诱惑:\n\t<br>\n\t<span class=\"green\">\n        <<if $options.bjx_divine>>\n    \t\t<<if $fallenangel gte 2>>\n    \t\t\t堕天使化\n    \t\t\t<br>\n    \t\t<</if>>\n    \t<</if>>\n        <<if $options.bjx_animal>>\n            <<if $wolfgirl gte 6>>\n    \t\t\t狼化\n    \t\t\t<br>\n    \t\t<</if>>\n    \t\t<<if $cow gte 6>>\n    \t\t\t牛化\n    \t\t\t<br>\n    \t\t<</if>>\n    \t\t<<if $harpy gte 6>>\n    \t\t\t鹰化\n    \t\t\t<br>\n    \t\t<</if>>\n    \t\t<<if $pig gte 6>>\n    \t\t\t猪化\n    \t\t\t<br>\n    \t\t<</if>>\n    \t\t<<if $spider gte 6>>\n    \t\t\t蜘蛛化\n    \t\t\t<br>\n    \t\t<</if>>\n    \t\t<<if $frog gte 6>>\n    \t\t\t青蛙化\n    \t\t\t<br>\n    \t\t<</if>>\n    \t\t<<if $bee gte 6>>\n    \t\t\t蜜蜂化\n    \t\t\t<br>\n    \t\t<</if>>\n    \t\t<<if $dragon gte 6>>\n    \t\t\t龙化\n    \t\t\t<br>\n    \t\t<</if>>\n    \t\t<<if $lizard gte 6>>\n    \t\t\t蜥蜴化\n    \t\t\t<br>\n    \t\t<</if>>\n    \t<</if>>\n    \t<<if $options.bjx_eventTF>>\n        \t<<if $mushroom gte 1>>\n    \t\t\t孢子驱散剂\n    \t\t\t<br>\n    \t\t<</if>>\n    \t<</if>>\n    </span>\n    /* 北极星 */"
  },
  {
    "passage": "Widgets Mirror",
    "findString": "\t<<else>>\n\t\t你的皮肤感觉很干净。\n\t<</if>>",
    "replace": "\t/* 北极星模组 */\n\t<<elseif $slime gt 0 and $options.bjx_eventTF>>\n\t\t<span class='green'>你的粘液皮肤滑溜溜的，即使不清洗依然很干净。</span>\n\t/* 北极星 */\n\t<<else>>\n\t\t你的皮肤感觉很干净。\n\t<</if>>"
  },
  {
    "passage": "Widgets Mirror",
    "findString": "<<widget \"mirrorTransformation\">>\n\t<<link \"返回\">><<replace #mirror>><<mirrorMenu>><</replace>><<numberify \"#passages > .passage\">><<unset $mirrorMenu>><</link>>\n\t<br><br>\n\t随着时间的推移，隐藏你的自我会慢慢地增加你的创伤（不包括阴毛和雀斑）。\n\t如果你的创伤太高，你将无法隐藏。\n\t<br><br>\n\n\t<<set _angel to $transformationParts.angel>>\n\t<<set _fallen to $transformationParts.fallenAngel>>\n\t<<set _demon to $transformationParts.demon>>\n\t<<set _cat to $transformationParts.cat>>\n\t<<set _cow to $transformationParts.cow>>\n\t<<set _wolf to $transformationParts.wolf>>\n\t<<set _bird to $transformationParts.bird>>\n\t<<set _fox to $transformationParts.fox>>\n\t<<set _traits to $transformationParts.traits>>\n\n\t<div id='transformations-menu' class='grid col-2'>\n\t\t<div id='transformations-list' class='list'>\n\t\t\t<div class='tf-angel'>\n\t\t\t\t<<if $angel gt 1>>\n\t\t\t\t\t__天使__\n\t\t\t\t\t<br>\n\t\t\t\t\t<<if _angel.halo isnot \"disabled\">>\n\t\t\t\t\t\t<div class='tf-part-item'>\n\t\t\t\t\t\t\t光环:\n\t\t\t\t\t\t\t<<listbox \"_angel.halo\" autoselect>>\n\t\t\t\t\t\t\t\t<<option \"隐藏\" \"hidden\">>\n\t\t\t\t\t\t\t\t<<option \"默认\" \"default\">>\n\t\t\t\t\t\t\t\t<<option \"传统的\" \"traditional\">>\n\t\t\t\t\t\t\t<</listbox>>\n\t\t\t\t\t\t</div>\n\t\t\t\t\t\t<br>\n\t\t\t\t\t<</if>>\n\t\t\t\t\t<<if _angel.wings isnot \"disabled\">>\n\t\t\t\t\t\t<div class='tf-part-item'>\n\t\t\t\t\t\t\t翅膀:\n\t\t\t\t\t\t\t<<listbox \"_angel.wings\" autoselect>>\n\t\t\t\t\t\t\t\t<<option \"隐藏\" \"hidden\">>\n\t\t\t\t\t\t\t\t<<option \"默认\" \"default\">>\n\t\t\t\t\t\t\t<</listbox>>\n\t\t\t\t\t\t</div>\n\t\t\t\t\t\t<br>\n\t\t\t\t\t<</if>>\n\t\t\t\t\t<br>\n\t\t\t\t<</if>>\n\t\t\t</div>\n\t\t\t<div class='tf-fallen'>\n\t\t\t\t<<if $fallenangel gt 1>>\n\t\t\t\t\t__堕天使__\n\t\t\t\t\t<br>\n\t\t\t\t\t<<if _fallen.halo isnot \"disabled\">>\n\t\t\t\t\t\t<div class='tf-part-item'>\n\t\t\t\t\t\t\t光环:\n\t\t\t\t\t\t\t<<listbox \"_fallen.halo\" autoselect>>\n\t\t\t\t\t\t\t\t<<option \"隐藏\" \"hidden\">>\n\t\t\t\t\t\t\t\t<<option \"默认\" \"default\">>\n\t\t\t\t\t\t\t\t<<option \"传统的\" \"traditional\">>\n\t\t\t\t\t\t\t<</listbox>>\n\t\t\t\t\t\t</div>\n\t\t\t\t\t\t<br>\n\t\t\t\t\t<</if>>\n\t\t\t\t\t<<if _fallen.wings isnot \"disabled\">>\n\t\t\t\t\t\t<div class='tf-part-item'>\n\t\t\t\t\t\t\t翅膀:\n\t\t\t\t\t\t\t<<if $fallenangel gte 4>>\n\t\t\t\t\t\t\t\t<<listbox \"_fallen.wings\" autoselect>>\n\t\t\t\t\t\t\t\t\t<<option \"隐藏\" \"hidden\">>\n\t\t\t\t\t\t\t\t\t<<option \"默认\" \"default\">>\n\t\t\t\t\t\t\t\t\t<<option \"长有羽毛的\" \"fallenplus\">>\n\t\t\t\t\t\t\t\t<</listbox>>\n\t\t\t\t\t\t\t<<else>>\n\t\t\t\t\t\t\t\t<<listbox \"_fallen.wings\" autoselect>>\n\t\t\t\t\t\t\t\t\t<<option \"隐藏\" \"hidden\">>\n\t\t\t\t\t\t\t\t\t<<option \"默认\" \"default\">>\n\t\t\t\t\t\t\t\t<</listbox>>\n\t\t\t\t\t\t\t<</if>>\n\t\t\t\t\t\t</div>\n\t\t\t\t\t<</if>>\n\t\t\t\t\t<br>\n\t\t\t\t<</if>>\n\t\t\t</div>\n\t\t\t<div class='tf-demon'>\n\t\t\t\t<<if $demon gt 1>>\n\t\t\t\t\t__恶魔__\n\t\t\t\t\t<br>\n\t\t\t\t\t<<if _demon.horns isnot \"disabled\">>\n\t\t\t\t\t\t<div class='tf-part-item'>\n\t\t\t\t\t\t\t犄角:\n\t\t\t\t\t\t\t<<listbox \"_demon.horns\" autoselect>>\n\t\t\t\t\t\t\t\t<<option \"隐藏\" \"hidden\">>\n\t\t\t\t\t\t\t\t<<option \"默认\" \"default\">>\n\t\t\t\t\t\t\t\t<<option \"经典\" \"classic\">>\n\t\t\t\t\t\t\t\t<<option \"魅魔\" \"succubus\">>\n\t\t\t\t\t\t\t<</listbox>>\n\t\t\t\t\t\t\t<<gencolourselector \"_demon.horns_colour\">>\n\t\t\t\t\t\t</div>\n\t\t\t\t\t<</if>>\n\t\t\t\t\t<<if _demon.wings isnot \"disabled\">>\n\t\t\t\t\t\t<div class='tf-part-item'>\n\t\t\t\t\t\t\t翅膀:\n\t\t\t\t\t\t\t<<listbox \"_demon.wings\" autoselect>>\n\t\t\t\t\t\t\t\t<<option \"隐藏\" \"hidden\">>\n\t\t\t\t\t\t\t\t<<option \"默认\" \"default\">>\n\t\t\t\t\t\t\t\t<<option \"魅魔\" \"succubus\">>\n\t\t\t\t\t\t\t<</listbox>>\n\t\t\t\t\t\t\t<<gencolourselector \"_demon.wings_colour\">>\n\t\t\t\t\t\t</div>\n\t\t\t\t\t<</if>>\n\t\t\t\t\t<<if _demon.tail isnot \"disabled\">>\n\t\t\t\t\t\t<div class='tf-part-item'>\n\t\t\t\t\t\t\t尾巴:\n\t\t\t\t\t\t\t<<listbox \"_demon.tail\" autoselect>>\n\t\t\t\t\t\t\t\t<<option \"隐藏\" \"hidden\">>\n\t\t\t\t\t\t\t\t<<option \"默认\" \"default\">>\n\t\t\t\t\t\t\t\t<<option \"经典\" \"classic\">>\n\t\t\t\t\t\t\t\t<<option \"魅魔\" \"succubus\">>\n\t\t\t\t\t\t\t<</listbox>>\n\t\t\t\t\t\t\t<<gencolourselector \"_demon.tail_colour\">>\n\t\t\t\t\t\t</div>\n\t\t\t\t\t<</if>>\n\t\t\t\t\t<<if $demon gte 4>>\n\t\t\t\t\t\t<div class='tf-part-item'>\n\t\t\t\t\t\t\t<<if $exhibitionism gte 95>>\n\t\t\t\t\t\t\t\t当裸露时，炫耀着：\n\t\t\t\t\t\t\t\t<<listbox \"_traits.flaunting\" autoselect>>\n\t\t\t\t\t\t\t\t\t<<option \"隐藏\" \"hidden\">>\n\t\t\t\t\t\t\t\t\t<<option \"默认\" \"default\">>\n\t\t\t\t\t\t\t\t<</listbox>>\n\t\t\t\t\t\t\t\t<<ind>>\n\t\t\t\t\t\t\t<<else>>\n\t\t\t\t\t\t\t\t<span class=\"black\">炫耀（需要更高的露出癖）：</span>\n\t\t\t\t\t\t\t\t<<listbox \"_traits.flaunting\" autoselect>>\n\t\t\t\t\t\t\t\t\t<<option \"隐藏\" \"hidden\">>\n\t\t\t\t\t\t\t\t<</listbox>>\n\t\t\t\t\t\t\t\t<<ind>>\n\t\t\t\t\t\t\t<</if>>\n\t\t\t\t\t\t</div>\n\t\t\t\t\t<</if>>\n\t\t\t\t\t<br>\n\t\t\t\t<</if>>\n\t\t\t</div>\n\t\t\t<div class='tf-cat'>\n\t\t\t\t<<if $cat gt 1>>\n\t\t\t\t\t__猫化__\n\t\t\t\t\t<br>\n\t\t\t\t\t<<if _cat.ears isnot \"disabled\">>\n\t\t\t\t\t\t<div class='tf-part-item'>\n\t\t\t\t\t\t\t耳朵:\n\t\t\t\t\t\t\t<<listbox \"_cat.ears\" autoselect>>\n\t\t\t\t\t\t\t\t<<option \"隐藏\" \"hidden\">>\n\t\t\t\t\t\t\t\t<<option \"默认\" \"default\">>\n\t\t\t\t\t\t\t<</listbox>>\n\t\t\t\t\t\t</div>\n\t\t\t\t\t<</if>>\n\t\t\t\t\t<<if _cat.tail isnot \"disabled\">>\n\t\t\t\t\t\t<div class='tf-part-item'>\n\t\t\t\t\t\t\t尾巴:\n\t\t\t\t\t\t\t<<listbox \"_cat.tail\" autoselect>>\n\t\t\t\t\t\t\t\t<<option \"隐藏\" \"hidden\">>\n\t\t\t\t\t\t\t\t<<option \"默认\" \"default\">>\n\t\t\t\t\t\t\t<</listbox>>\n\t\t\t\t\t\t</div>\n\t\t\t\t\t<</if>>\n\t\t\t\t\t<<if _cat.heterochromia isnot \"disabled\">>\n\t\t\t\t\t\t<div class='tf-part-item'>\n\t\t\t\t\t\t\t异色瞳:\n\t\t\t\t\t\t\t<<listbox \"_cat.heterochromia\" autoselect>>\n\t\t\t\t\t\t\t\t<<option \"隐藏\" \"hidden\">>\n\t\t\t\t\t\t\t\t<<option \"默认\" \"default\">>\n\t\t\t\t\t\t\t<</listbox>>\n\t\t\t\t\t\t</div>\n\t\t\t\t\t<</if>>\n\t\t\t\t\t<br>\n\t\t\t\t<</if>>\n\t\t\t</div>\n\t\t\t<div class='tf-cow'>\n\t\t\t\t<<if $cow gt 1>>\n\t\t\t\t\t__牛化__\n\t\t\t\t\t<br>\n\t\t\t\t\t<<if _cow.horns isnot \"disabled\">>\n\t\t\t\t\t\t<div class='tf-part-item'>\n\t\t\t\t\t\t\t犄角:\n\t\t\t\t\t\t\t<<listbox \"_cow.horns\" autoselect>>\n\t\t\t\t\t\t\t\t<<option \"隐藏\" \"hidden\">>\n\t\t\t\t\t\t\t\t<<option \"默认\" \"default\">>\n\t\t\t\t\t\t\t<</listbox>>\n\t\t\t\t\t\t</div>\n\t\t\t\t\t<</if>>\n\t\t\t\t\t<<if _cow.ears isnot \"disabled\">>\n\t\t\t\t\t\t<div class='tf-part-item'>\n\t\t\t\t\t\t\t耳朵:\n\t\t\t\t\t\t\t<<listbox \"_cow.ears\" autoselect>>\n\t\t\t\t\t\t\t\t<<option \"隐藏\" \"hidden\">>\n\t\t\t\t\t\t\t\t<<option \"默认\" \"default\">>\n\t\t\t\t\t\t\t\t<<option \"黑色斑点\" \"spotted black\">>\n\t\t\t\t\t\t\t\t<<option \"棕色斑点\" \"spotted brown\">>\n\t\t\t\t\t\t\t<</listbox>>\n\t\t\t\t\t\t</div>\n\t\t\t\t\t<</if>>\n\t\t\t\t\t<<if _cow.tail isnot \"disabled\">>\n\t\t\t\t\t\t<div class='tf-part-item'>\n\t\t\t\t\t\t\t尾巴:\n\t\t\t\t\t\t\t<<listbox \"_cow.tail\" autoselect>>\n\t\t\t\t\t\t\t\t<<option \"隐藏\" \"hidden\">>\n\t\t\t\t\t\t\t\t<<option \"默认\" \"default\">>\n\t\t\t\t\t\t\t\t<<option \"黑色\" \"black\">>\n\t\t\t\t\t\t\t<</listbox>>\n\t\t\t\t\t\t</div>\n\t\t\t\t\t<</if>>\n\t\t\t\t\t<br>\n\t\t\t\t<</if>>\n\t\t\t</div>\n\t\t\t<div class='tf-wolf'>\n\t\t\t\t<<if $wolfgirl gt 1>>\n\t\t\t\t\t__狼化__\n\t\t\t\t\t<br>\n\t\t\t\t\t<<if _wolf.ears isnot \"disabled\">>\n\t\t\t\t\t\t<div class='tf-part-item'>\n\t\t\t\t\t\t\t耳朵:\n\t\t\t\t\t\t\t<<listbox \"_wolf.ears\" autoselect>>\n\t\t\t\t\t\t\t\t<<option \"隐藏\" \"hidden\">>\n\t\t\t\t\t\t\t\t<<option \"默认\" \"default\">>\n\t\t\t\t\t\t\t\t<<option \"野性的\" \"feral\">>\n\t\t\t\t\t\t\t<</listbox>>\n\t\t\t\t\t\t</div>\n\t\t\t\t\t<</if>>\n\t\t\t\t\t<<if _wolf.tail isnot \"disabled\">>\n\t\t\t\t\t\t<div class='tf-part-item'>\n\t\t\t\t\t\t\t尾巴:\n\t\t\t\t\t\t\t<<listbox \"_wolf.tail\" autoselect>>\n\t\t\t\t\t\t\t\t<<option \"隐藏\" \"hidden\">>\n\t\t\t\t\t\t\t\t<<option \"默认\" \"default\">>\n\t\t\t\t\t\t\t\t<<option \"野性的\" \"feral\">>\n\t\t\t\t\t\t\t<</listbox>>\n\t\t\t\t\t\t</div>\n\t\t\t\t\t<</if>>\n\t\t\t\t\t<br>\n\t\t\t\t\t<<if _wolf.cheeks isnot \"disabled\">>\n\t\t\t\t\t\t<div class='tf-part-item'>\n\t\t\t\t\t\t\t脸颊:\n\t\t\t\t\t\t\t<<listbox \"_wolf.cheeks\" autoselect>>\n\t\t\t\t\t\t\t\t<<option \"隐藏\" \"hidden\">>\n\t\t\t\t\t\t\t\t<<option \"野性的\" \"feral\">>\n\t\t\t\t\t\t\t<</listbox>>\n\t\t\t\t\t\t</div>\n\t\t\t\t\t<</if>>\n\t\t\t\t\t<<if _wolf.pubes isnot \"disabled\" and $pbdisable is \"f\">>\n\t\t\t\t\t\t<div class='tf-part-item'>\n\t\t\t\t\t\t\t阴毛:\n\t\t\t\t\t\t\t<<listbox \"_wolf.pubes\" autoselect>>\n\t\t\t\t\t\t\t\t<<option \"隐藏\" \"hidden\">>\n\t\t\t\t\t\t\t\t<<option \"默认\" \"default\">>\n\t\t\t\t\t\t\t<</listbox>>\n\t\t\t\t\t\t</div>\n\t\t\t\t\t<</if>>\n\t\t\t\t\t<br>\n\t\t\t\t\t<<if _wolf.pits isnot \"disabled\" and $pbdisable is \"f\">>\n\t\t\t\t\t\t<div class='tf-part-item'>\n\t\t\t\t\t\t\t雀斑:\n\t\t\t\t\t\t\t<<listbox \"_wolf.pits\" autoselect>>\n\t\t\t\t\t\t\t\t<<option \"隐藏\" \"hidden\">>\n\t\t\t\t\t\t\t\t<<option \"默认\" \"default\">>\n\t\t\t\t\t\t\t<</listbox>>\n\t\t\t\t\t\t</div>\n\t\t\t\t\t<</if>>\n\t\t\t\t\t<br>\n\t\t\t\t<</if>>\n\t\t\t</div>\n\t\t\t<div class='tf-bird'>\n\t\t\t\t<<if $harpy gt 1>>\n\t\t\t\t\t__鸟化__\n\t\t\t\t\t<br>\n\t\t\t\t\t<<if _bird.eyes isnot \"disabled\">>\n\t\t\t\t\t\t<div class='tf-part-item'>\n\t\t\t\t\t\t\t眼睛:\n\t\t\t\t\t\t\t<<listbox \"_bird.eyes\" autoselect>>\n\t\t\t\t\t\t\t\t<<option \"隐藏\" \"hidden\">>\n\t\t\t\t\t\t\t\t<<option \"默认\" \"default\">>\n\t\t\t\t\t\t\t<</listbox>>\n\t\t\t\t\t\t</div>\n\t\t\t\t\t<</if>>\n\t\t\t\t\t<<if _bird.malar isnot \"disabled\">>\n\t\t\t\t\t\t<div class='tf-part-item'>\n\t\t\t\t\t\t\t面部花纹：\n\t\t\t\t\t\t\t<<listbox \"_bird.malar\" autoselect>>\n\t\t\t\t\t\t\t\t<<option \"隐藏\" \"hidden\">>\n\t\t\t\t\t\t\t\t<<option \"默认\" \"default\">>\n\t\t\t\t\t\t\t<</listbox>>\n\t\t\t\t\t\t</div>\n\t\t\t\t\t<</if>>\n\t\t\t\t\t<<if _bird.plumage isnot \"disabled\">>\n\t\t\t\t\t\t<div class='tf-part-item'>\n\t\t\t\t\t\t\t羽毛:\n\t\t\t\t\t\t\t<<listbox \"_bird.plumage\" autoselect>>\n\t\t\t\t\t\t\t\t<<option \"隐藏\" \"hidden\">>\n\t\t\t\t\t\t\t\t<<option \"默认\" \"default\">>\n\t\t\t\t\t\t\t<</listbox>>\n\t\t\t\t\t\t</div>\n\t\t\t\t\t<</if>>\n\t\t\t\t\t<<if _bird.tail isnot \"disabled\">>\n\t\t\t\t\t\t<div class='tf-part-item'>\n\t\t\t\t\t\t\t尾巴:\n\t\t\t\t\t\t\t<<listbox \"_bird.tail\" autoselect>>\n\t\t\t\t\t\t\t\t<<option \"隐藏\" \"hidden\">>\n\t\t\t\t\t\t\t\t<<option \"默认\" \"default\">>\n\t\t\t\t\t\t\t<</listbox>>\n\t\t\t\t\t\t</div>\n\t\t\t\t\t<</if>>\n\t\t\t\t\t<<if _bird.wings isnot \"disabled\">>\n\t\t\t\t\t\t<div class='tf-part-item'>\n\t\t\t\t\t\t\t翅膀:\n\t\t\t\t\t\t\t<<listbox \"_bird.wings\" autoselect>>\n\t\t\t\t\t\t\t\t<<option \"隐藏\" \"hidden\">>\n\t\t\t\t\t\t\t\t<<option \"默认\" \"default\">>\n\t\t\t\t\t\t\t<</listbox>>\n\t\t\t\t\t\t</div>\n\t\t\t\t\t\t<br>\n\t\t\t\t\t<</if>>\n\t\t\t\t\t<<if _bird.pubes isnot \"disabled\" and $pbdisable is \"f\">>\n\t\t\t\t\t\t<div class='tf-part-item'>\n\t\t\t\t\t\t\t阴毛:\n\t\t\t\t\t\t\t<<listbox \"_bird.pubes\" autoselect>>\n\t\t\t\t\t\t\t\t<<option \"隐藏\" \"hidden\">>\n\t\t\t\t\t\t\t\t<<option \"默认\" \"default\">>\n\t\t\t\t\t\t\t<</listbox>>\n\t\t\t\t\t\t</div>\n\t\t\t\t\t<</if>>\n\t\t\t\t\t<br>\n\t\t\t\t<</if>>\n\t\t\t</div>\n\t\t\t<div class='tf-fox'>\n\t\t\t\t<<if $fox gt 1>>\n\t\t\t\t\t__狐化__\n\t\t\t\t\t<br>\n\t\t\t\t\t<<if _fox.ears isnot \"disabled\">>\n\t\t\t\t\t\t<div class='tf-part-item'>\n\t\t\t\t\t\t\t耳朵:\n\t\t\t\t\t\t\t<<listbox \"_fox.ears\" autoselect>>\n\t\t\t\t\t\t\t\t<<option \"隐藏\" \"hidden\">>\n\t\t\t\t\t\t\t\t<<option \"默认\" \"default\">>\n\t\t\t\t\t\t\t<</listbox>>\n\t\t\t\t\t\t</div>\n\t\t\t\t\t<</if>>\n\t\t\t\t\t<<if _fox.tail isnot \"disabled\">>\n\t\t\t\t\t\t<div class='tf-part-item'>\n\t\t\t\t\t\t\t尾巴:\n\t\t\t\t\t\t\t<<listbox \"_fox.tail\" autoselect>>\n\t\t\t\t\t\t\t\t<<option \"隐藏\" \"hidden\">>\n\t\t\t\t\t\t\t\t<<option \"默认\" \"default\">>\n\t\t\t\t\t\t\t<</listbox>>\n\t\t\t\t\t\t</div>\n\t\t\t\t\t<</if>>\n\t\t\t\t\t<<if _fox.cheeks isnot \"disabled\">>\n\t\t\t\t\t\t<div class='tf-part-item'>\n\t\t\t\t\t\t\t脸颊:\n\t\t\t\t\t\t\t<<listbox \"_fox.cheeks\" autoselect>>\n\t\t\t\t\t\t\t\t<<option \"隐藏\" \"hidden\">>\n\t\t\t\t\t\t\t\t<<option \"默认\" \"default\">>\n\t\t\t\t\t\t\t<</listbox>>\n\t\t\t\t\t\t</div>\n\t\t\t\t\t<</if>>\n\t\t\t\t\t<br>\n\t\t\t\t<</if>>\n\t\t\t</div>\n\t\t\t<<set $_chimeraOptions to {\n\t\t\t\t\"demoncat_tail\" : ![\"disabled\", \"hidden\"].includesAny(_demon.tail, _cat.tail),\n\t\t\t\t\"demonharpy_wings\" : ![\"disabled\", \"hidden\"].includesAny(_demon.wings, _bird.wings)\n\t\t\t}>>\n\t\t\t<<set $_chimeraEnabled to Object.values($_chimeraOptions).some(o => o) ? \"\" : \" hide\">>\n\t\t\t<div @class=\"'chimera' + $_chimeraEnabled\">\n\t\t\t\t__嵌合__\n\t\t\t\t<<if $_chimeraOptions.demoncat_tail>>\n\t\t\t\t\t/* Using demon cat chimera tail. */\n\t\t\t\t\t<div class='tf-part-item'>\n\t\t\t\t\t\t恶魔猫尾巴:\n\t\t\t\t\t\t<<listbox \"$chimera.demoncat.tail\" autoselect>>\n\t\t\t\t\t\t\t<<option \"显示\" true>>\n\t\t\t\t\t\t\t<<option \"隐藏\" false>>\n\t\t\t\t\t\t<</listbox>>\n\t\t\t\t\t</div>\n\t\t\t\t<</if>>\n\t\t\t\t<<if $_chimeraOptions.demonharpy_wings>>\n\t\t\t\t\t/* Using demon harpy chimera wings. */\n\t\t\t\t\t<div class='tf-part-item'>\n\t\t\t\t\t\t魔鹰之翼:\n\t\t\t\t\t\t<<listbox \"$chimera.demonharpy.wings\" autoselect>>\n\t\t\t\t\t\t\t<<option \"显示\" true>>\n\t\t\t\t\t\t\t<<option \"隐藏\" false>>\n\t\t\t\t\t\t<</listbox>>\n\t\t\t\t\t</div>\n\t\t\t\t<</if>>\n\t\t\t</div>\n\t\t\t<div class=\"no-numberify\">\n\t\t\t\t<<if ![\"demon\", \"cow\"].every(transform => T[transform].horns is \"disabled\")>>\n\t\t\t\t\t<<switch $hornslayer>>\n\t\t\t\t\t\t<<case \"front\">>\n\t\t\t\t\t\t\t<<link \"置犄角于头饰后\">>\n\t\t\t\t\t\t\t\t<<run State.setVar(\"$hornslayer\", \"back\")>>\n\t\t\t\t\t\t\t\t<<run Engine.show()>>\n\t\t\t\t\t\t\t<</link>>\n\t\t\t\t\t\t<<case \"back\">>\n\t\t\t\t\t\t\t<<link \"置犄角于头饰前\">>\n\t\t\t\t\t\t\t\t<<run State.setVar(\"$hornslayer\", \"front\")>>\n\t\t\t\t\t\t\t\t<<run Engine.show()>>\n\t\t\t\t\t\t\t<</link>>\n\t\t\t\t\t\t<<default>>\n\t\t\t\t\t\t\t<<link \"置犄角于头饰前\">>\n\t\t\t\t\t\t\t\t<<run State.setVar(\"$hornslayer\", \"front\")>>\n\t\t\t\t\t\t\t\t<<run Engine.show()>>\n\t\t\t\t\t\t\t<</link>>\n\t\t\t\t\t<</switch>>\n\t\t\t\t\t<br>\n\t\t\t\t<</if>>\n\t\t\t\t<<if ![\"demon\", \"cat\", \"cow\", \"wolf\", \"bird\", \"fox\"].every(transform => T[transform].tail is \"disabled\")>>\n\t\t\t\t\t<<switch $taillayer>>\n\t\t\t\t\t\t<<case \"front\">>\n\t\t\t\t\t\t\t<<link \"置尾巴于背后\">>\n\t\t\t\t\t\t\t\t<<run State.setVar(\"$taillayer\", \"back\")>>\n\t\t\t\t\t\t\t\t<<run Engine.show()>>\n\t\t\t\t\t\t\t<</link>>\n\t\t\t\t\t\t<<case \"back\">>\n\t\t\t\t\t\t\t<<link \"置尾巴于前面\">>\n\t\t\t\t\t\t\t\t<<run State.setVar(\"$taillayer\", \"front\")>>\n\t\t\t\t\t\t\t\t<<run Engine.show()>>\n\t\t\t\t\t\t\t<</link>>\n\t\t\t\t\t\t<<default>>\n\t\t\t\t\t\t\t<<link \"置尾巴于背后\">>\n\t\t\t\t\t\t\t\t<<run State.setVar(\"$taillayer\", \"back\")>>\n\t\t\t\t\t\t\t\t<<run Engine.show()>>\n\t\t\t\t\t\t\t<</link>>\n\t\t\t\t\t<</switch>>\n\t\t\t\t\t<br>\n\t\t\t\t<</if>>\n\t\t\t\t<<if ![\"angel\", \"fallen\", \"demon\", \"bird\"].every(transform => T[transform].wings is \"disabled\")>>\n\t\t\t\t\t<<switch $wingslayer>>\n\t\t\t\t\t\t<<case \"front\">>\n\t\t\t\t\t\t\t<<link \"置翅膀于后\">>\n\t\t\t\t\t\t\t\t<<run State.setVar(\"$wingslayer\", \"back\")>>\n\t\t\t\t\t\t\t\t<<run Engine.show()>>\n\t\t\t\t\t\t\t<</link>>\n\t\t\t\t\t\t<<case \"back\">>\n\t\t\t\t\t\t\t<<link \"置翅膀于前\">>\n\t\t\t\t\t\t\t\t<<run State.setVar(\"$wingslayer\", \"front\")>>\n\t\t\t\t\t\t\t\t<<run Engine.show()>>\n\t\t\t\t\t\t\t<</link>>\n\t\t\t\t\t\t<<default>>\n\t\t\t\t\t\t\t<<link \"置翅膀于后\">>\n\t\t\t\t\t\t\t\t<<run State.setVar(\"$wingslayer\", \"back\")>>\n\t\t\t\t\t\t\t\t<<run Engine.show()>>\n\t\t\t\t\t\t\t<</link>>\n\t\t\t\t\t<</switch>>\n\t\t\t\t\t<br>\n\t\t\t\t<</if>>\n\t\t\t</div>\n\t\t</div>\n\t\t<<if _isMenuEnabled>>\n\t\t\t<div id=\"transformations-colour-selector\" class='list sticky centre'>\n\t\t\t\t<<set _options to ['ffffff', 'ff0000', '00ff00', '0000ff', '590099', '000000']>>\n\t\t\t\t<<gencoloursquares _options>>\n\t\t\t\t<<gencolourpicker>>\n\t\t\t</div>\n\t\t<</if>>\n\t</div>\n\t<<link [[确认|$passage]]>>\n\t\t<<set $mirrorMenu to \"transformation\">>\n\t\t<<if $transformationParts.cat.heterochromia is \"hidden\">>\n\t\t\t<<catHeterochromiaTF \"hide\">>\n\t\t<<elseif $cat gte 7 and $cat lte 10>>\n\t\t\t<<catHeterochromiaTF `$cat - 7`>>\n\t\t<</if>>\n\t<</link>>",
    "replace": "<<widget \"mirrorTransformation\">>\n    /* 北极星模组 */\n\t<<link \"返回\">><<replace #mirror>><<mirrorMenu>><</replace>><<numberify \"#passages > .passage\">><<unset $mirrorMenu>><</link>>\n\t<br><br>\n\n\t<<set _angel to $transformationParts.angel>>\n\t<<set _fallen to $transformationParts.fallenAngel>>\n\t<<set _demon to $transformationParts.demon>>\n\t<<set _cat to $transformationParts.cat>>\n\t<<set _cow to $transformationParts.cow>>\n\t<<set _wolf to $transformationParts.wolf>>\n\t<<set _bird to $transformationParts.bird>>\n\t<<set _fox to $transformationParts.fox>>\n\t<<set _bee to $transformationParts.bee>>\n\t<<set _sheep to $transformationParts.sheep>>\n\t<<set _deer to $transformationParts.deer>>\n\t<<set _bear to $transformationParts.bear>>\n\t<<set _dragon to $transformationParts.dragon>>\n\t<<set _lizard to $transformationParts.lizard>>\n\t<<set _dolphin to $transformationParts.dolphin>>\n\t<<set _dog to $transformationParts.dog>>\n\t<<set _raccoon to $transformationParts.raccoon>>\n\t<<set _fish to $transformationParts.fish>>\n\t<<set _horse to $transformationParts.horse>>\n\t<<set _spider to $transformationParts.spider>>\n\t<<set _frog to $transformationParts.frog>>\n\t<<set _pig to $transformationParts.pig>>\n\t<<set _traits to $transformationParts.traits>>\n\n\t__特质__<br>\n\t<<if $demon gte 4 and $exhibitionism gte 95>>\n\t\t炫耀性器:<br>\n\t\t<<link \"设置\">><<set _traits.flaunting = \"default\">><</link>> / <<link \"清除\">><<set _traits.flaunting = \"disabled\">><</link>><br>\n\t<</if>>\n\t<<if $wolfgirl gte 2 or $cat gte 2 or $fox gte 2 or ($dragon gte 2 or $lizard gte 4 or $dog gte 2 or $spider gte 2) and $options.bjx_animal>>\n\t\t尖牙:<br>\n\t\t<<link \"设置\">><<set _traits.fangs = \"default\">><</link>> / <<link \"清除\">><<set _traits.fangs = \"disabled\">><</link>><br>\n\t<</if>>\n\t<<if $cat gte 2 or $harpy gte 2 or $fox gte 2 or ($raccoon gte 2 or $spider gte 4) and $options.bjx_animal>>\n\t\t锐利的眼神:<br>\n\t\t<<link \"设置\">><<set _traits.sharpEyes = \"default\">><</link>> / <<link \"清除\">><<set _traits.sharpEyes = \"disabled\">><</link>><br>\n\t<</if>>\n\t<<if $cow gte 6 or $sheep gte 6 and $options.bjx_animal>>\n\t\t双倍精液/乳液:<br>\n\t\t<<link \"设置\">><<set $semen_max to 6000>><<set $milk_max to 6000>><</link>> / <<link \"清除\">><<set $semen_max to 3000>><<set $milk_max to 3000>><</link>><br>\n\t<</if>>\n\t<<if $harpy gte 3 or $fox gte 3>>\n\t\t终生伴侣:<br>\n\t\t<<link \"设置\">><<set _traits.mateForLife = \"default\">><</link>> / <<link \"清除\">><<set _traits.mateForLife = \"disabled\">><</link>><br>\n\t<</if>>\n\t<<if $raccoon gte 6 and $options.bjx_animal>>\n\t\t易容:<br>\n\t\t<<link \"设置\">><<set _traits.incognito = \"default\">><</link>> / <<link \"清除\">><<set _traits.incognito = \"disabled\">><</link>><br>\n\t<</if>>\n\t<<if $horse gte 6 and $options.bjx_animal>>\n\t\t活力四射:<br>\n\t\t<<link \"设置\">><<set _traits.vigorous = \"default\">><</link>> / <<link \"清除\">><<set _traits.vigorous = \"disabled\">><</link>><br>\n\t<</if>>\n\t<<if $frog gte 4 and $options.bjx_animal>>\n\t\t蛙蹼:<br>\n\t\t<<link \"设置\">><<set _traits.webbedfeet = \"default\">><</link>> / <<link \"清除\">><<set _traits.webbedfeet = \"disabled\">><</link>><br>\n\t<</if>>\n\t<<if ($frog gte 2 or $horse gte 2) and $options.bjx_animal>>\n\t\t强力踢击:<br>\n\t\t<<link \"设置\">><<set _traits.kicks = \"default\">><</link>> / <<link \"清除\">><<set _traits.kicks = \"disabled\">><</link>><br>\n\t<</if>>\n\t<<if $frog gte 4 and $options.bjx_animal>>\n\t\t长舌:<br>\n\t\t<<link \"设置\">><<set _traits.longtongue = \"default\">><</link>> / <<link \"清除\">><<set _traits.longtongue = \"disabled\">><</link>><br>\n\t<</if>>\n\t<<if $pig gte 2 and $options.bjx_animal>>\n\t\t灵敏的鼻子:<br>\n\t\t<<link \"设置\">><<set _traits.strongnose = \"default\">><</link>> / <<link \"清除\">><<set _traits.strongnose = \"disabled\">><</link>><br>\n\t<</if>>\n\t<br>\n\n\t\n\t__肺部__<br>\n\t<<if ($lizard gte 6 or $dolphin gte 2 or $frog gte 2) and $options.bjx_animal>>\n\t\t大容量肺:<br>\n\t\t<<link \"设置\">><<set _traits.lungs = \"disabled\">><<set _traits.aquatic = \"disabled\">><<set _traits.lungs = \"default\">><<set $oxygenmax to 1500>><</link>> / <<link \"清除\">><<set _traits.lungs = \"disabled\">><<set $oxygenmax to 1200>><</link>><br>\n\t<</if>>\n\t<br>\n\n\t__脸颊__<br>\n\t<<link \"清除\">><<clearcheeks>><<updatesidebarimg>><</link>><br>\n\t<<if $wolfgirl gte 6>>\n\t\t<<link \"狼\">><<clearcheeks>><<set _wolf.cheeks = \"feral\">><<updatesidebarimg>><</link>><br>\n\t<</if>>\n\t<<if $fox gte 5>>\n\t\t<<link \"狐狸\">><<clearcheeks>><<set _fox.cheeks = \"default\">><<updatesidebarimg>><</link>><br>\n\t<</if>>\n\t<<if $raccoon gte 2 and $options.bjx_animal>>\n\t\t<<link \"浣熊\">><<clearcheeks>><<set _raccoon.mask = \"default\">><<updatesidebarimg>><</link>><br>\n\t<</if>>\n\t<<if $frog gte 6 and $options.bjx_animal>>\n\t\t<<link \"蛙\">><<clearcheeks>><<set _frog.cheeks = \"default\">><<updatesidebarimg>><</link>><br>\n\t<</if>>\n\t<br>\n    \n    <<if $cat gte 10>>\n    \t__异色瞳__<br>\n    \t<<if _cat.heterochromia isnot \"default\">>\n    \t\t<<link [[设置|$passage]]>><<set _cat.heterochromia = \"default\">><<run window.determineCatEyeStages()>><<set $original_colour = [$leftEyeColour, $rightEyeColour]>><<catHeterochromiaTF 3>><<updatesidebarimg>><</link>><br>\n    \t<<else>>\n    \t\t<<link [[清除|$passage]]>><<set _cat.heterochromia = \"disabled\">><<set $leftEyeColour to $original_colour[0]>><<set $rightEyeColour to $original_colour[1]>><<catHeterochromiaTF \"hide\">><<updatesidebarimg>><</link>><br>\n    \t<</if>>\n\t    <br>\n\t<</if>>\n\n\t<<if $harpy gte 2>>\n\t\t__颧骨__<br>\n\t\t<<link \"设置\">><<set _bird.malar = \"default\">><<updatesidebarimg>><</link>> / <<link \"清除\">><<set _bird.malar = \"disabled\">><<updatesidebarimg>><</link>><br>\n\t\t<br>\n\t<</if>>\n\n\t<<if $wolfgirl gte 4 and $pbdisable is \"f\">>\n\t\t__腋毛__<br>\n\t\t<<link \"设置\">><<set _wolf.pits = \"default\">><<updatesidebarimg>><</link>> / <<link \"清除\">><<set _wolf.pits = \"disabled\">><<updatesidebarimg>><</link>><br>\n\t\t<br>\n\t<</if>>\n\n\t<<if $harpy gte 4>>\n\t\t__羽毛__<br>\n\t\t<<link \"设置\">><<set _bird.plumage = \"default\">><<updatesidebarimg>><</link>> / <<link \"清除\">><<set _bird.plumage = \"disabled\">><<updatesidebarimg>><</link>><br>\n\t\t<br>\n\t<</if>>\n\n\t<<if $wolfgirl gte 4 and $pbdisable is \"f\">>\n\t\t__阴毛__<br>\n\t\t<<link \"设置\">><<set _wolf.pubes = \"default\">><<updatesidebarimg>><</link>> / <<link \"清除\">><<set _wolf.pubes = \"disabled\">><<updatesidebarimg>><</link>><br>\n\t\t<br>\n\t<</if>>\n\n\t__耳朵__<br>\n\t<<link \"置于前面\">><<run State.setVar(\"$earslayer\", \"back\")>><<run Engine.show()>><</link>> / <<link \"置于后面\">><<run State.setVar(\"$earslayer\", \"front\")>><<run Engine.show()>><</link>><br>\n\t<<link \"清除\">><<clearears>><<updatesidebarimg>><</link>><br>\n\t<<if $cat gte 4>>\n\t\t<<link \"猫\">><<clearears>><<set _cat.ears = \"default\">><<updatesidebarimg>><</link>><br>\n\t<</if>>\n\t<<if $cow gte 4>>\n\t\t<<link \"牛-默认\">><<clearears>><<set _cow.ears = \"default\">><<updatesidebarimg>><</link>><br>\n\t<</if>>\n\t<<if $cow gte 4>>\n\t\t<<link \"牛-黑斑\">><<clearears>><<set _cow.ears = \"spotted black\">><<updatesidebarimg>><</link>><br>\n\t<</if>>\n\t<<if $cow gte 4>>\n\t\t<<link \"牛-棕斑\">><<clearears>><<set _cow.ears = \"spotted brown\">><<updatesidebarimg>><</link>><br>\n\t<</if>>\n    <<if $wolfgirl gte 4>>\n\t\t<<link \"狼-默认\">><<clearears>><<set _wolf.ears = \"default\">><<updatesidebarimg>><</link>><br>\n\t<</if>>\n\t<<if $wolfgirl gte 4>>\n\t\t<<link \"狼-野性\">><<clearears>><<set _wolf.ears = \"feral\">><<updatesidebarimg>><</link>><br>\n\t<</if>>\n\t<<if $fox gte 4>>\n\t\t<<link \"狐狸\">><<clearears>><<set _fox.ears = \"default\">><<updatesidebarimg>><</link>><br>\n\t<</if>>\n\t<<if $bee gte 2 and $options.bjx_animal>>\n\t\t<<link \"蜜蜂\">><<clearears>><<set _bee.ears = \"default\">><<updatesidebarimg>><</link>><br>\n\t<</if>>\n\t<<if $sheep gte 4 and $options.bjx_animal>>\n\t\t<<link \"羊\">><<clearears>><<set _sheep.ears = \"default\">><<updatesidebarimg>><</link>><br>\n\t<</if>>\n\t<<if $deer gte 4 and $options.bjx_animal>>\n\t\t<<link \"鹿\">><<clearears>><<set _deer.ears = \"default\">><<updatesidebarimg>><</link>><br>\n\t<</if>>\n\t<<if $bear gte 4 and $options.bjx_animal>>\n\t\t<<link \"熊\">><<clearears>><<set _bear.ears = \"default\">><<updatesidebarimg>><</link>><br>\n\t<</if>>\n\t<<if $dog gte 4 and $options.bjx_animal>>\n\t\t<<link \"狗\">><<clearears>><<set _dog.ears = \"default\">><<updatesidebarimg>><</link>><br>\n\t<</if>>\n\t<<if $raccoon gte 4 and $options.bjx_animal>>\n\t\t<<link \"浣熊\">><<clearears>><<set _raccoon.ears = \"default\">><<updatesidebarimg>><</link>><br>\n\t<</if>>\n\t<<if $fish gte 4 and $options.bjx_animal>>\n\t\t<<link \"鱼\">><<clearears>><<set _fish.fins = \"default\">><<updatesidebarimg>><</link>><br>\n\t<</if>>\n\t<<if $horse gte 4 and $options.bjx_animal>>\n\t\t<<link \"马\">><<clearears>><<set _horse.ears = \"default\">><<updatesidebarimg>><</link>><br>\n\t<</if>>\n\t<<if $pig gte 4 and $options.bjx_animal>>\n\t\t<<link \"猪\">><<clearears>><<set _pig.ears = \"default\">><<updatesidebarimg>><</link>><br>\n\t<</if>>\n\t<br>\n\n\t__眼睛__<br>\n\t<<link \"清除\">><<cleareyes>><<updatesidebarimg>><</link>><br>\n\t<<if $harpy gte 2>>\n\t\t<<link \"鹰\">><<cleareyes>><<set _bird.eyes = \"default\">><<updatesidebarimg>><</link>><br>\n\t<</if>>\n\t<<if $dragon gte 1 and $options.bjx_animal>>\n\t\t<<link \"龙\">><<cleareyes>><<set _dragon.eyes = \"default\">><<updatesidebarimg>><</link>><br>\n\t<</if>>\n\t<<if $lizard gte 2 and $options.bjx_animal>>\n\t\t<<link \"蜥蜴\">><<cleareyes>><<set _lizard.eyes = \"default\">><<updatesidebarimg>><</link>><br>\n\t<</if>>\n\t<<if $spider gte 4 and $options.bjx_animal>>\n\t\t<<link \"蜘蛛\">><<cleareyes>><<set _spider.eyes = \"default\">><<updatesidebarimg>><</link>><br>\n\t<</if>>\n\t<<if $frog gte 4 and $options.bjx_animal>>\n\t\t<<link \"青蛙\">><<cleareyes>><<set _frog.eyes = \"default\">><<updatesidebarimg>><</link>><br>\n\t<</if>>\n\t<br>\n\n\t__光环__<br>\n\t<<link \"清除\">><<clearhalo>><<updatesidebarimg>><</link>><br>\n\t<<if $angel gte 4>>\n\t\t<<link \"天使-默认\">><<set _angel.halo = \"default\">><<updatesidebarimg>><</link>><br>\n\t\t<<link \"天使-经典\">><<set _angel.halo = \"traditional\">><<updatesidebarimg>><</link>><br>\n\t<</if>>\n\t<<if $fallenangel gte 1>>\n\t\t<<link \"堕天使-默认\">><<set _fallen.halo = \"default\">><<updatesidebarimg>><</link>><br>\n\t\t<<link \"堕天使-经典\">><<set _fallen.halo = \"traditional\">><<updatesidebarimg>><</link>><br>\n\t<</if>>\n\t<br>\n\n\t__角__<br>\n\t<<link \"在头饰后\">><<run State.setVar(\"$hornslayer\", \"back\")>><<run Engine.show()>><</link>> / <<link \"在头饰前\">><<run State.setVar(\"$hornslayer\", \"front\")>><<run Engine.show()>><</link>><br>\n\t<<link \"清除\">><<clearhorns>><<set $chimera.demoncow.horns = null>><<updatesidebarimg>><</link>><br>\n\t<<if !$options.bjx_animal and $demon gte 6 and $cow gte 2 or $options.bjx_animal and ($demon gte 6 or $deer gte 6) and ($cow gte 6 or $sheep gte 6 or $dragon gte 6)>>\n\t\t<<link \"复合犄角\">><<clearhorns>><<set _cow.horns = \"default\">><<set _demon.horns = \"default\">><<set $chimera.demoncow.horns = \"default\">><<updatesidebarimg>><</link>><<gencolourselector \"_demon.horns_colour\">><br>\n\t<</if>>\n\t<<if $demon gte 2>>\n\t\t<<link \"恶魔-默认\">><<clearhorns>><<set _demon.horns = \"default\">><<updatesidebarimg>><</link>><<gencolourselector \"_demon.horns_colour\">><br>\n\t<</if>>\n\t<<if $demon gte 2>>\n\t\t<<link \"恶魔-魅魔\">><<clearhorns>><<set _demon.horns = \"succubus\">><<updatesidebarimg>><</link>><<gencolourselector \"_demon.horns_colour\">><br>\n\t<</if>>\n\t<<if $demon gte 2>>\n\t\t<<link \"恶魔-经典\">><<clearhorns>><<set _demon.horns = \"classic\">><<updatesidebarimg>><</link>><<gencolourselector \"_demon.horns_colour\">><br>\n\t<</if>>\n\t<<if $cow gte 2>>\n\t\t<<link \"牛\">><<clearhorns>><<set _cow.horns = \"default\">><<updatesidebarimg>><</link>><br>\n\t<</if>>\n\t<<if $sheep gte 2 and $options.bjx_animal>>\n\t\t<<link \"羊\">><<clearhorns>><<set _sheep.horns = \"default\">><<updatesidebarimg>><</link>><br>\n\t<</if>>\n\t<<if $deer gte 2 and $options.bjx_animal>>\n\t\t<<link \"鹿\">><<clearhorns>><<set _deer.horns = \"default\">><<updatesidebarimg>><</link>><br>\n\t<</if>>\n\t<<if $dragon gte 3 and $options.bjx_animal>>\n\t\t<<link \"龙\">><<clearhorns>><<set _dragon.horns = \"default\">><<updatesidebarimg>><</link>><br>\n\t<</if>>\n\t<br>\n\n\t__尾巴__<br>\n\t<<link \"放在身后\">><<run State.setVar(\"$taillayer\", \"back\")>><<run Engine.show()>><</link>> / <<link \"放在身前\">><<run State.setVar(\"$taillayer\", \"front\")>><<run Engine.show()>><</link>><br>\n\t<<link \"清除\">><<cleartail>><<set $chimera.demoncat.tail = null>><<updatesidebarimg>><</link>><br>\n\t<<if $demon gte 6 and $cat gte 6>>\n\t\t<<link \"恶魔猫尾\">><<cleartail>><<set _cat.tail = \"default\">><<set _demon.tail = \"default\">><<set $chimera.demoncat.tail = \"default\">><<set $hastail to \"true\">><<updatesidebarimg>><</link>><<gencolourselector \"_demon.tail_colour\">><br>\n\t<</if>>\n\t<<if $demon gte 4>>\n\t\t<<link \"恶魔-默认\">><<cleartail>><<set _demon.tail = \"default\">><<set $hastail to \"true\">><<updatesidebarimg>><</link>><<gencolourselector \"_demon.tail_colour\">><br>\n\t<</if>>\n\t<<if $demon gte 4>>\n\t\t<<link \"恶魔-魅魔\">><<cleartail>><<set _demon.tail = \"succubus\">><<set $hastail to \"true\">><<updatesidebarimg>><</link>><<gencolourselector \"_demon.tail_colour\">><br>\n\t<</if>>\n\t<<if $demon gte 4>>\n\t\t<<link \"恶魔-经典\">><<cleartail>><<set _demon.tail = \"classic\">><<set $hastail to \"true\">><<updatesidebarimg>><</link>><<gencolourselector \"_demon.tail_colour\">><br>\n\t<</if>>\n\t<<if $cat gte 6>>\n\t\t<<link \"猫\">><<cleartail>><<set _cat.tail = \"default\">><<set $hastail to \"true\">><<updatesidebarimg>><</link>><br>\n\t<</if>>\n\t<<if $cow gte 6>>\n\t\t<<link \"牛-默认\">><<cleartail>><<set _cow.tail = \"default\">><<set $hastail to \"true\">><<updatesidebarimg>><</link>><br>\n\t<</if>>\n\t<<if $cow gte 6>>\n\t\t<<link \"牛-黑色\">><<cleartail>><<set _cow.tail = \"black\">><<set $hastail to \"true\">><<updatesidebarimg>><</link>><br>\n\t<</if>>\n\t<<if $wolfgirl gte 6>>\n\t\t<<link \"狼-默认\">><<cleartail>><<set _wolf.tail = \"default\">><<set $hastail to \"true\">><<updatesidebarimg>><</link>><br>\n\t<</if>>\n\t<<if $wolfgirl gte 6>>\n\t\t<<link \"狼-野性\">><<cleartail>><<set _wolf.tail = \"feral\">><<set $hastail to \"true\">><<updatesidebarimg>><</link>><br>\n\t<</if>>\n\t<<if $harpy gte 2>>\n\t\t<<link \"鹰\">><<cleartail>><<set _bird.tail = \"default\">><<set $hastail to \"true\">><<updatesidebarimg>><</link>><br>\n\t<</if>>\n\t<<if $fox gte 6>>\n\t\t<<link \"狐狸\">><<cleartail>><<set _fox.tail = \"default\">><<set $hastail to \"true\">><<updatesidebarimg>><</link>><br>\n\t<</if>>\n\t<<if $bee gte 4 and $options.bjx_animal>>\n\t\t<<link \"蜜蜂\">><<cleartail>><<set _bee.tail = \"default\">><<set $hastail to \"true\">><<set $thicktail to \"true\">><<updatesidebarimg>><</link>><br>\n\t<</if>>\n\t<<if $sheep gte 6 and $options.bjx_animal>>\n\t\t<<link \"羊\">><<cleartail>><<set _sheep.sheep.tail = \"default\">><<set $hastail to \"true\">><<updatesidebarimg>><</link>><br>\n\t<</if>>\n\t<<if $deer gte 6 and $options.bjx_animal>>\n\t\t<<link \"鹿\">><<cleartail>><<set _deer.tail = \"default\">><<set $hastail to \"true\">><<updatesidebarimg>><</link>><br>\n\t<</if>>\n\t<<if $bear gte 6 and $options.bjx_animal>>\n\t\t<<link \"熊\">><<cleartail>><<set _bear.tail = \"default\">><<set $hastail to \"true\">><<updatesidebarimg>><</link>><br>\n\t<</if>>\n\t<<if $dragon gte 4 and $options.bjx_animal>>\n\t\t<<link \"龙\">><<cleartail>><<set _dragon.tail = \"default\">><<set $hastail to \"true\">><<set $thicktail to \"true\">><<updatesidebarimg>><</link>><br>\n\t<</if>>\n\t<<if $lizard gte 6 and $options.bjx_animal>>\n\t\t<<link \"蜥蜴\">><<cleartail>><<set _lizard.tail = \"default\">><<set $hastail to \"true\">><<set $thicktail to \"true\">><<updatesidebarimg>><</link>><br>\n\t<</if>>\n\t<<if $dolphin gte 4 and $options.bjx_animal>>\n\t\t<<link \"海豚\">><<cleartail>><<set _dolphin.tail = \"default\">><<set $hastail to \"true\">><<set $swimtail to \"true\">><<set $thicktail to \"true\">><<updatesidebarimg>><</link>><br>\n\t<</if>>\n\t<<if $dog gte 6 and $options.bjx_animal>>\n\t\t<<link \"狗\">><<cleartail>><<set _dog.tail = \"default\">><<set $hastail to \"true\">><<updatesidebarimg>><</link>><br>\n\t<</if>>\n\t<<if $raccoon gte 6 and $options.bjx_animal>>\n\t\t<<link \"浣熊\">><<cleartail>><<set _raccoon.tail = \"default\">><<set $hastail to \"true\">><<set $thicktail to \"true\">><<updatesidebarimg>><</link>><br>\n\t<</if>>\n\t<<if $fish gte 6 and $options.bjx_animal>>\n\t\t<<link \"鱼\">><<cleartail>><<set _fish.tail = \"default\">><<set $hastail to \"true\">><<set $swimtail to \"true\">><<set $thicktail to \"true\">><<updatesidebarimg>><</link>><br>\n\t<</if>>\n\t<<if $horse gte 6 and $options.bjx_animal>>\n\t\t<<link \"马\">><<cleartail>><<set _horse.tail = \"default\">><<set $hastail to \"true\">><<updatesidebarimg>><</link>><br>\n\t<</if>>\n\t<<if $spider gte 6 and $options.bjx_animal>>\n\t\t<<link \"蜘蛛\">><<cleartail>><<set _spider.tail = \"default\">><<set $hastail to \"true\">><<set $thicktail to \"true\">><<updatesidebarimg>><</link>><br>\n\t<</if>>\n\t<<if $pig gte 6 and $options.bjx_animal>>\n\t\t<<link \"猪\">><<cleartail>><<set _pig.tail = \"default\">><<set $hastail to \"true\">><<updatesidebarimg>><</link>><br>\n\t<</if>>\n\t<br>\n\n    __翅膀__<br>\n\t<<link \"置于后侧\">><<run State.setVar(\"$wingslayer\", \"back\")>><<run Engine.show()>><</link>> / <<link \"置于前侧\">><<run State.setVar(\"$wingslayer\", \"front\")>><<run Engine.show()>><</link>><br>\n\t<<link \"清除\">><<clearwings>><<set $chimera.demonharpy.wings = null>><<updatesidebarimg>><</link>><br>\n\t<<if $demon gte 6 and $harpy gte 6>>\n\t\t<<link \"恶魔鹰翅\">><<clearwings>><<set _bird.wings = \"default\">><<set _demon.wings = \"default\">><<set $chimera.demonharpy.wings = \"default\">><<updatesidebarimg>><</link>><br>\n\t<</if>>\n\t<<if $angel gte 6>>\n\t\t<<link \"天使\">><<clearwings>><<set _angel.wings = \"default\">><<updatesidebarimg>><</link>><br>\n\t<</if>>\n\t<<if $demon gte 6>>\n\t\t<<link \"恶魔-默认\">><<clearwings>><<set _demon.wings = \"default\">><<gencolourselector \"_demon.wings_colour\">><<updatesidebarimg>><</link>><<gencolourselector \"_demon.wings_colour\">><br>\n\t<</if>>\n\t<<if $demon gte 6>>\n\t\t<<link \"恶魔-魅魔\">><<clearwings>><<set _demon.wings = \"succubus\">><<gencolourselector \"_demon.wings_colour\">><<updatesidebarimg>><</link>><<gencolourselector \"_demon.wings_colour\">><br>\n\t<</if>>\n\t<<if $fallenangel gte 2>>\n\t\t<<link \"堕天使\">><<clearwings>><<set _fallen.wings = \"default\">><<updatesidebarimg>><</link>><br>\n\t<</if>>\n\t<<if $fallenangel gte 4>>\n\t\t<<link \"堕天使进阶\">><<clearwings>><<set _fallen.wings = \"fallenplus\">><<updatesidebarimg>><</link>><br>\n\t<</if>>\n\t<<if $harpy gte 6>>\n\t\t<<link \"鹰\">><<clearwings>><<set _bird.wings = \"default\">><<updatesidebarimg>><</link>><br>\n\t<</if>>\n\t<<if $bee gte 6 and $options.bjx_animal>>\n\t\t<<link \"蜜蜂\">><<clearwings>><<set _bee.wings = \"default\">><<updatesidebarimg>><</link>><br>\n\t<</if>>\n\t<<if $dragon gte 6 and $options.bjx_animal>>\n\t\t<<link \"龙\">><<clearwings>><<set _dragon.wings = \"default\">><<updatesidebarimg>><</link>><br>\n\t<</if>>\n\t<br>\n\n\t<<if ($traumatized isnot undefined and $options.bjx_divine)>>\n\t\t__受创__<br>\n\t\t<<link [[设置|$passage]]>><<set $traumatized to true>><<faceimg>><<updatesidebarimg>><</link>> / <<link [[取消|$passage]]>><<set $traumatized to false>><<faceimg>><<updatesidebarimg>><</link>><br>\n\t\t<br>\n\t<</if>>\n\n\t<<if ($mushroom gte 1 and $fungalclotheslimiter gte 1 and $options.bjx_eventTF)>>\n\t\t<<mushroomtfcheck>>\n\t\t__蘑菇转化__<br>\n\t\t<<link [[具现内衣|$passage]]>>\n\t\t    <<set $fungalgrowth -= 1>>\n\t\t    <<set $fungalclotheslimiter -= 1>>\n\t\t    <<bjxclotheswear \"under_upper\" \"mushroom top\">>\n\t\t    <<bjxclotheswear \"under_lower\" \"mushroom bottoms\">>\n\t\t    <<bjxclotheswear \"legs\" \"mushroom leggings\">>\n\t\t    <<bjxclotheswear \"feet\" \"mushroom shoes\">>\n    \t\t<<set $worn.under_upper.integrity += $mushroomtf.integrity>>\n    \t\t<<set $worn.under_upper.integrity_max += $mushroomtf.integrity>>\n    \t\t<<set $worn.under_lower.integrity += $mushroomtf.integrity>>\n    \t\t<<set $worn.under_lower.integrity_max += $mushroomtf.integrity>>\n    \t\t<<set $worn.legs.integrity += $mushroomtf.integrity>>\n    \t\t<<set $worn.legs.integrity_max += $mushroomtf.integrity>>\n    \t\t<<set $worn.feet.integrity += $mushroomtf.integrity>>\n    \t\t<<set $worn.feet.integrity_max += $mushroomtf.integrity>>\n    \t\t<<updatesidebarimg>>\n\t\t<</link>>\n\t\t<br>\n\t\t<<link [[具现夏装|$passage]]>>\n\t\t    <<set $fungalgrowth -= 1>>\n\t\t    <<set $fungalclotheslimiter -= 1>>\n\t\t    <<bjxclotheswear \"upper\" \"mushroom dress\">>\n\t\t    <<bjxclotheswear \"lower\" \"mushroom skirt\">>\n\t\t    <<set $worn.upper.integrity += $mushroomtf.integrity>>\n    \t\t<<set $worn.upper.integrity_max += $mushroomtf.integrity>>\n    \t\t<<set $worn.lower.integrity += $mushroomtf.integrity>>\n    \t\t<<set $worn.lower.integrity_max += $mushroomtf.integrity>>\n\t\t    <<updatesidebarimg>>\n\t\t<</link>>\n\t\t<br>\n\t\t<<link [[具现冬装|$passage]]>>\n\t\t    <<set $fungalgrowth -= 1>>\n\t\t    <<set $fungalclotheslimiter -= 1>>\n\t\t    <<bjxclotheswear \"upper\" \"mushroom bodice\">>\n\t\t    <<bjxclotheswear \"lower\" \"mushroom gown\">>\n\t\t    <<set $worn.upper.integrity += $mushroomtf.integrity>>\n    \t\t<<set $worn.upper.integrity_max += $mushroomtf.integrity>>\n    \t\t<<set $worn.lower.integrity += $mushroomtf.integrity>>\n    \t\t<<set $worn.lower.integrity_max += $mushroomtf.integrity>>\n\t\t    <<updatesidebarimg>>\n\t\t<</link>>\n\t\t<br>\n\t<</if>>\n\n\t<<if _isMenuEnabled>>\n\t\t<div id=\"transformations-colour-selector\" class='list sticky centre'>\n\t\t\t<<set _options to ['ffffff', 'ff0000', '00ff00', '0000ff', '590099', '000000']>>\n\t\t\t<<gencoloursquares _options>>\n\t\t\t<<gencolourpicker>>\n\t\t</div>\n\t\t<br>\n\t<</if>>\n\n\t<<link \"回到顶页\">>\n\t\t<<script>>\n\t\t\tdocument.body.scrollTop = 0;\n\t\t\tdocument.documentElement.scrollTop = 0;\n\t\t<</script>>\n\t\t<br>\n\t<</link>>\n\t/* 北极星 */"
  }
]