[
  {
    "passage": "Widgets Combat Tentacle Adv",
    "findString": "\t\t<<tentacle_skin \"mouth\">>\n\t\t<<purity -1>><<internalejac>><<sex 5 \"mouth\">>\n\t\t<<if _fluid is \"nectar\">><<nectarfed 5>><<else>><<drugs 3>><</if>><<bodyliquid \"mouth\" _fluid>>\n\t\t<<set _tentacle.tentaclehealth -= 1>>\n\t\t<<if _tentacle.desc.includes(\"苍白色\")>>\n\t\t\t<<hallucinogen 5>>\n\t\t<</if>>\n\t\t<<if $abomination is 1>>\n\t\t\t<<set $enemyarousal += 3>>\n\t\t<</if>>",
    "replace": "\t\t/* 北极星模组 */\n\t\t<<set $disabledejac to false>>\n\t\t<<tentacle_skin \"mouth\">>\n\t\t<<if !$disabledejac>>\n    \t\t<<purity -1>><<byinternalejac>><<sex 5 \"mouth\">>\n    \t\t<<if _fluid is \"nectar\">><<nectarfed 5>><<else>><<drugs 3>><</if>><<bodyliquid \"mouth\" _fluid>>\n    \t\t<<set _tentacle.tentaclehealth -= 1>>\n    \t\t<<if _tentacle.desc.includes(\"苍白色\")>>\n    \t\t\t<<hallucinogen 5>>\n    \t\t<</if>>\n    \t\t<<if $abomination is 1>>\n    \t\t\t<<set $enemyarousal += 3>>\n    \t\t<</if>>\n\t\t<</if>>\n\t\t/* 北极星 */"
  },
  {
    "passage": "Widgets Combat Tentacle Adv",
    "findString": "\t\t<<tentacle_skin \"mouth\">>\n\t\t<<purity -1>><<internalejac>><<sex 5 \"mouth\">>\n\t\t<<set $mouthstate to \"tentacledeep\">><<set _tentacle.head to \"mouthdeep\">>\n\t\t<<oralejacstat>><<ejacstat>>",
    "replace": "\t\t/* 北极星模组 */\n\t\t<<set $disabledejac to false>>\n\t\t<<tentacle_skin \"mouth\">>\n\t\t<<if !$disabledejac>>\n    \t\t<<purity -1>><<byinternalejac>><<sex 5 \"mouth\">>\n\t\t<<set $mouthstate to \"tentacledeep\">><<set _tentacle.head to \"mouthdeep\">>\n\t\t    <<oralejacstat>><<ejacstat>>\n\t\t<</if>>\n\t\t/* 北极星 */"
  },
  {
    "passage": "Widgets Combat Tentacle Adv",
    "findString": "\t\t<<tentacle_skin \"vagina\">>\n\t\t<<purity -1>><<internalejac>><<sex 5 \"genitals\">>\n\t\t<<drugs 3>><<bodyliquid \"vagina\" _fluid>><<pain $vaginalPain>>\n\t\t<<set _tentacle.tentaclehealth -= 1>>\n\t\t<<if _tentacle.desc.includes(\"苍白色\")>>\n\t\t\t<<hallucinogen 5>>\n\t\t<</if>>\n\t\t<<if $abomination is 1>>\n\t\t\t<<set $enemyarousal += 3>>\n\t\t<</if>>",
    "replace": "\t\t/* 北极星模组 */\n\t\t<<set $disabledejac to false>>\n\t\t<<tentacle_skin \"vagina\">>\n\t\t<<if !$disabledejac>>\n    \t\t<<purity -1>><<byinternalejac>><<sex 5 \"genitals\">>\n    \t\t<<drugs 3>><<bodyliquid \"vagina\" _fluid>><<pain $vaginalPain>>\n    \t\t<<set _tentacle.tentaclehealth -= 1>>\n    \t\t<<if _tentacle.desc.includes(\"苍白色\")>>\n    \t\t\t<<hallucinogen 5>>\n    \t\t<</if>>\n    \t\t<<if $abomination is 1>>\n    \t\t\t<<set $enemyarousal += 3>>\n    \t\t<</if>>\n\t\t<</if>>\n\t\t/* 北极星 */"
  },
  {
    "passage": "Widgets Combat Tentacle Adv",
    "findString": "\t\t<<tentacle_skin \"vagina\">>\n\t\t<<purity -1>><<internalejac>>\n\t\t<<set $vaginastate to \"tentacledeep\">><<set _tentacle.head to \"vaginadeep\">><<pain $vaginalPain>>\n\t\t<<sex 5 \"genitals\">><<vaginalejacstat>><<ejacstat>>",
    "replace": "\t\t/* 北极星模组 */\n\t\t<<set $disabledejac to false>>\n\t\t<<tentacle_skin \"vagina\">>\n\t\t<<if !$disabledejac>>\n    \t\t<<purity -1>><<byinternalejac>><<sex 5 \"genitals\">>\n\t\t<<set $vaginastate to \"tentacledeep\">><<set _tentacle.head to \"vaginadeep\">><<pain $vaginalPain>>\n\t\t    <<sex 5 \"genitals\">><<vaginalejacstat>><<ejacstat>>\n\t\t<</if>>\n\t\t/* 北极星 */"
  },
  {
    "passage": "Widgets Combat Tentacle Adv",
    "findString": "\t\t<<purity -1>><<internalejac>><<sex 5 \"anus\">>\n\t\t<<drugs 3>><<bodyliquid \"anus\" _fluid>>\n\t\t<<set _tentacle.tentaclehealth -= 1>><<pain $analPain>>\n\t\t<<if _tentacle.desc.includes(\"苍白色\")>>\n\t\t\t<<hallucinogen 5>>\n\t\t<</if>>\n\t\t<<if $abomination is 1>>\n\t\t\t<<set $enemyarousal += 3>>\n\t\t<</if>>",
    "replace": "\t\t/* 北极星模组 */\n\t\t<<set $disabledejac to false>>\n\t\t<<tentacle_skin \"anus\">>\n\t\t<<if !$disabledejac>>\n    \t\t<<purity -1>><<byinternalejac>><<sex 5 \"anus\">>\n    \t\t<<drugs 3>><<bodyliquid \"anus\" _fluid>>\n    \t\t<<set _tentacle.tentaclehealth -= 1>><<pain $analPain>>\n    \t\t<<if _tentacle.desc.includes(\"苍白色\")>>\n    \t\t\t<<hallucinogen 5>>\n    \t\t<</if>>\n    \t\t<<if $abomination is 1>>\n    \t\t\t<<set $enemyarousal += 3>>\n    \t\t<</if>>\n\t\t<</if>>\n\t\t/* 北极星 */"
  },
  {
    "passage": "Widgets Combat Tentacle Adv",
    "findString": "\t\t<<purity -1>><<internalejac>><<sex 5 \"anus\">>\n\t\t<<set $anusstate to \"tentacledeep\">><<set _tentacle.head to \"anusdeep\">>\n\t\t<<analejacstat>><<ejacstat>><<pain $analPain>>",
    "replace": "\t\t/* 北极星模组 */\n\t\t<<set $disabledejac to false>>\n\t\t<<tentacle_skin \"anus\">>\n\t\t<<if !$disabledejac>>\n    \t\t<<purity -1>><<byinternalejac>><<sex 5 \"anus\">>\n\t\t<<set $anusstate to \"tentacledeep\">><<set _tentacle.head to \"anusdeep\">>\n\t\t    <<analejacstat>><<ejacstat>><<pain $analPain>>\n\t\t<</if>>\n\t\t/* 北极星 */"
  },
  {
    "passage": "Widgets Combat Tentacle Adv",
    "findString": "\t\t\t\t<<if $head is 0 and $nochoke isnot 1 and $asphyxiaLvl gte 1>>",
    "replace": "\t\t\t    /* 北极星模组 */\n\t\t\t\t<<if $head is 0 and $nochoke isnot 1 and $asphyxiaLvl gte 1 and ($slime lte 0 or !$options.bjx_eventTF)>>\n\t\t\t\t/* 北极星 */"
  },
  {
    "passage": "Widgets Combat Tentacle Adv",
    "findString": "\t<<if ($leftaction is \"leftgrabtentacle\" and $leftactionTarget is _tentacle.id)\n\tor ($rightaction is \"rightgrabtentacle\" and $rightactionTarget is _tentacle.id)>>\n\t\t<<tentacleadvdisable _tentacle>> /* Make sure you call this before trying to set the tentacle info */\n\t\t<<if $leftaction is \"leftgrabtentacle\" and $leftactionTarget is _tentacle.id>>\n\t\t\t<<set _hand to \"left\">><<set $leftaction to 0>><<set $leftactiondefault to \"leftrub\">>\n\t\t\t<<set $leftarm to _tentacle.id>><<set _tentacle.head to \"leftarm\">><<set $leftarmstate to \"tentacle\">><<set $lefttarget to \"tentacles\">>\n\t\t<<else>>\n\t\t\t<<set _hand to \"right\">><<set $rightaction to 0>><<set $rightactiondefault to \"rightrub\">>\n\t\t\t<<set $rightarm to _tentacle.id>><<set _tentacle.head to \"rightarm\">><<set $rightarmstate to \"tentacle\">><<set $righttarget to \"tentacles\">>\n\t\t<</if>>\n\t\t<span class=\"lblue\">你<<handtext>>用你的<<print _hand.replace(\"left\",\"左\").replace(\"right\",\"右\")>>手抓着<<= _the>>_tentacle.fullDesc。</span>\n\t\t<<submission 1>><<handstat>>\n\t<</if>>",
    "replace": "\t/* 北极星模组 */\n\t<<if ($leftaction is \"leftgrabtentacle\" and $leftactionTarget is _tentacle.id)\n\tor ($rightaction is \"rightgrabtentacle\" and $rightactionTarget is _tentacle.id)>>\n\t\t<<tentacleadvdisable _tentacle>> /* Make sure you call this before trying to set the tentacle info */\n\t\t<<if $fallenangel gte 5 and $options.bjx_divine>>\n    \t\t<<if $leftaction is \"leftgrabtentacle\" and $leftactionTarget is _tentacle.id>>\n\t\t\t<<set _hand to \"left\">><<set $leftaction to 0>><<set $leftactiondefault to \"leftrub\">>\n\t\t\t<<set $leftarm to _tentacle.id>><<set _tentacle.head to \"leftarm\">><<set $leftarmstate to \"tentacle\">><<set $lefttarget to \"tentacles\">>\n    \t\t<<else>>\n\t\t\t<<set _hand to \"right\">><<set $rightaction to 0>><<set $rightactiondefault to \"rightrub\">>\n\t\t\t<<set $rightarm to _tentacle.id>><<set _tentacle.head to \"rightarm\">><<set $rightarmstate to \"tentacle\">><<set $righttarget to \"tentacles\">>\n    \t\t<</if>>\n    \t\t<<defiance `2 * _tentacle.tentaclehealth`>>\n    \t\t<<set $speechhit to _tentacle.tentaclehealth>><<set $attackstat += _tentacle.tentaclehealth>>\n    \t\t<<trauma `(_tentacle.tentaclehealth)`>>\n    \t\t<<purity `-(_tentacle.tentaclehealth)`>>\n    \t\t<<pain `-(_tentacle.tentaclehealth)`>>\n\t\t\t<<set $stress -= (60 * _tentacle.tentaclehealth)>>\n    \t\t<<set _tentacle.tentaclehealth to 0>>\n    \t\t<<tentacleadvdisable _tentacle>>\n    \t\t<span class=\"lblue\">你<<handtext>>抓住<<print _the>>_tentacle.fullDesc，一股混沌之力从掌中涌现，触手溶解并被吸收进你的体内。</span><<lpurity>><<lpain>><<lstress>>\n    \t\t<br>\n    \t<<else>>\t\n    \t\t<<if $leftaction is \"leftgrabtentacle\" and $leftactionTarget is _tentacle.id>>\n\t\t\t<<set _hand to \"left\">><<set $leftaction to 0>><<set $leftactiondefault to \"leftrub\">>\n\t\t\t<<set $leftarm to _tentacle.id>><<set _tentacle.head to \"leftarm\">><<set $leftarmstate to \"tentacle\">><<set $lefttarget to \"tentacles\">>\n    \t\t<<else>>\n\t\t\t<<set _hand to \"right\">><<set $rightaction to 0>><<set $rightactiondefault to \"rightrub\">>\n\t\t\t<<set $rightarm to _tentacle.id>><<set _tentacle.head to \"rightarm\">><<set $rightarmstate to \"tentacle\">><<set $righttarget to \"tentacles\">>\n    \t\t<</if>>\n    \t\t<span class=\"lblue\">你<<handtext>>用你的<<print _hand.replace(\"left\",\"左\").replace(\"right\",\"右\")>>手抓住<<print _the>>_tentacle.fullDesc。</span>\n    \t\t<br>\n    \t\t<<submission 1>><<handstat>>\n    \t<</if>>\n\t<</if>>\n\t/* 北极星 */"
  },
  {
    "passage": "Widgets Combat Tentacle Adv",
    "findString": "\t\t\t<<if $leftaction is \"leftstruggle\" and $rightaction is \"rightstruggle\">>\n\t\t\t\t你拼尽全力挣扎。\n\t\t\t<<else>>\n\t\t\t\t你挣扎着。\n\t\t\t<</if>>",
    "replace": "\t\t    /* 北极星模组 */\n\t\t    <<if $slime gt 0 and $options.bjx_eventTF>>\n\t\t\t\t你从它的抓取中滑出。\n\t\t\t<<elseif $leftaction is \"leftstruggle\" and $rightaction is \"rightstruggle\">>\n\t\t\t\t你拼尽全力挣扎。\n\t\t\t<<else>>\n\t\t\t\t你挣扎着。\n\t\t\t<</if>>\n\t\t\t/* 北极星 */"
  },
  {
    "passage": "Widgets Combat Tentacle Adv",
    "findString": "\t\t\t\t<<if currentSkillValue('physique') gte random(1, 32000)>>\n\t\t\t\t\t<span class=\"teal\">你设法将手臂挣脱。</span>",
    "replace": "\t\t\t\t/* 北极星模组 */\n\t\t\t\t<<if currentSkillValue('physique') gte random(1, 32000) or $slime gt 0 and $options.bjx_eventTF>>\n\t\t\t\t\t<span class=\"teal\">你设法将手臂挣脱</span><<if $slime is 1 and $options.bjx_eventTF>><span class='green'>，并同时烧伤你的敌人</span><</if>>。</span>\n\t\t\t\t\t<<if $slime gt 0 and $options.bjx_eventTF>><span class='green'>这太简单了。</span><</if>>\n\t\t\t\t/* 北极星 */"
  },
  {
    "passage": "Widgets Combat Tentacle Adv",
    "findString": "\t\t\t\t<<if currentSkillValue('physique') gte random(1, 64000)>>\n\t\t\t\t\t<span class=\"teal\">你设法将手臂挣脱。</span>",
    "replace": "\t\t\t    /* 北极星模组 */\n\t\t\t\t<<if currentSkillValue('physique') gte random(1, 64000) or $slime gt 0 and $options.bjx_eventTF>>\n\t\t\t\t\t<span class=\"teal\">你设法将手臂挣脱</span><<if $slime is 1 and $options.bjx_eventTF>><span class='green'>，并同时烧伤你的敌人</span><</if>>。</span>\n\t\t\t\t\t<<if $slime gt 0 and $options.bjx_eventTF>><span class='green'>这太简单了。</span><</if>>\n\t\t\t\t/* 北极星 */"
  },
  {
    "passage": "Widgets Combat Tentacle Adv",
    "findString": "\t\t\t<<if currentSkillValue('physique') gte random(1, 64000)>>\n\t\t\t\t<span class=\"teal\">你设法将你的左臂挣脱。</span>",
    "replace": "\t\t\t/* 北极星模组 */\n\t\t\t<<if currentSkillValue('physique') gte random(1, 64000) or $slime gt 0 and $options.bjx_eventTF>>\n\t\t\t\t<span class=\"teal\">你设法将左臂挣脱</span><<if $slime is 1 and $options.bjx_eventTF>><span class='green'>，并同时烧伤你的敌人</span><</if>>。</span>\n\t\t\t\t<<if $slime gt 0 and $options.bjx_eventTF>><span class='green'>这太简单了。</span><</if>>\n\t\t\t/* 北极星 */"
  },
  {
    "passage": "Widgets Combat Tentacle Adv",
    "findString": "\t\t\t<<if currentSkillValue('physique') gte random(1, 64000)>>\n\t\t\t\t<span class=\"teal\">你设法将你的右臂挣脱。</span>",
    "replace": "\t\t\t/* 北极星模组 */\n\t\t\t<<if currentSkillValue('physique') gte random(1, 64000) or $slime gt 0 and $options.bjx_eventTF>>\n\t\t\t\t<span class=\"teal\">你设法将右臂挣脱</span><<if $slime is 1 and $options.bjx_eventTF>><span class='green'>，并同时烧伤你的敌人</span><</if>>。</span>\n\t\t\t\t<<if $slime gt 0 and $options.bjx_eventTF>><span class='green'>这太简单了。</span><</if>>\n\t\t\t/* 北极星 */"
  },
  {
    "passage": "Widgets Combat Tentacle Adv",
    "findString": "\t\t<<if $rng lte 30>> /* How common will the tentacle wrap around the arm guiding it */",
    "replace": "\t\t/* 北极星模组 */\n\t\t<<if $rng lte 30 and ($slime lte 0 or !$options.bjx_eventTF)>> /* How common will the tentacle wrap around the arm guiding it */\n\t\t/* 北极星 */"
  },
  {
    "passage": "Widgets Combat Tentacle Adv",
    "findString": "\t\t<<if $rng lte 30>> /* How common will the tentacle wrap around the arm guiding it */",
    "replace": "\t\t/* 北极星模组 */\n\t\t<<if $rng lte 30 and ($slime lte 0 or !$options.bjx_eventTF)>> /* How common will the tentacle wrap around the arm guiding it */\n\t\t/* 北极星 */"
  },
  {
    "passage": "Widgets Combat Tentacle Adv",
    "findString": "\t\t<<if $rng lte 30>> /* How common will the tentacle wrap around the arm guiding it */",
    "replace": "\t\t/* 北极星模组 */\n\t\t<<if $rng lte 30 and ($slime lte 0 or !$options.bjx_eventTF)>> /* How common will the tentacle wrap around the arm guiding it */\n\t\t/* 北极星 */"
  },
  {
    "passage": "Widgets Combat Tentacle Adv",
    "findString": "\t\t\t<<if $rng lte 30>> /* How common will the tentacle wrap around the arm guiding it */",
    "replace": "\t\t\t/* 北极星模组 */\n\t\t\t<<if $rng lte 30 and ($slime lte 0 or !$options.bjx_eventTF)>> /* How common will the tentacle wrap around the arm guiding it */\n\t\t\t/* 北极星 */"
  },
  {
    "passage": "Widgets Combat Tentacle Adv",
    "findString": "\t\t\t<<if $rng lte 30>> /* How common will the tentacle wrap around the arm guiding it */",
    "replace": "\t\t\t/* 北极星模组 */\n\t\t\t<<if $rng lte 30 and ($slime lte 0 or !$options.bjx_eventTF)>> /* How common will the tentacle wrap around the arm guiding it */\n\t\t\t/* 北极星 */"
  },
  {
    "passage": "Widgets Combat Tentacle Adv",
    "findString": "\t\t<<if $rng lte 30>> /* Leg grapple? */",
    "replace": "\t\t/* 北极星模组 */\n\t\t<<if $rng lte 30 and ($slime lte 0 or !$options.bjx_eventTF)>> /* Leg grapple? */\n\t\t/* 北极星 */"
  },
  {
    "passage": "Widgets Combat Tentacle Adv",
    "findString": "\t\t\t<<if $rng lte 30>>\n\t\t\t\t<<if $rng gte 15>>",
    "replace": "\t\t\t/* 北极星模组 */\n\t\t\t<<if $rng lte 30 and ($slime lte 0 or !$options.bjx_eventTF)>>\n\t\t\t/* 北极星 */\n\t\t\t\t<<if $rng gte 15>>"
  },
  {
    "passage": "Widgets Combat Tentacle Adv",
    "findString": "\t\t\t<<if $rng lte 30>>\n\t\t\t\t<<if $rng gte 15>>",
    "replace": "\t\t\t/* 北极星模组 */\n\t\t\t<<if $rng lte 30 and ($slime lte 0 or !$options.bjx_eventTF)>>\n\t\t\t/* 北极星 */\n\t\t\t\t<<if $rng gte 15>>"
  },
  {
    "passage": "Widgets Combat Tentacle Adv",
    "findString": "\t\t你<<oraltext>>吮吸着侵犯嘴巴的_tentacle.fullDesc。\n\t\t<<if currentSkillValue(\"oralskill\") gte (800 - ($rng * 10))>>",
    "replace": "\t\t你<<oraltext>>吮吸着侵犯嘴巴的_tentacle.fullDesc。\n\t\t/* 北极星模组 */\n\t\t<<set $disabledejac to false>>\n\t\t<<tentacle_skin \"mouth\">>\n\t\t<<if !$disabledejac and currentSkillValue(\"oralskill\") gte (800 - ($rng * 10))>>\n\t\t/* 北极星 */"
  },
  {
    "passage": "Widgets Combat Tentacle Adv",
    "findString": "\t\t你咬向侵犯嘴巴的_tentacle.fullDesc。<span class=\"teal\">它马上就退缩了。</span>",
    "replace": "\t\t/* 北极星模组 */\n\t\t你咬向侵犯你嘴巴的_tentacle.fullDesc<<if $slime is 1 and $options.bjx_eventTF>><span class='green'>并开始吞噬它</span><</if>>。<span class=\"teal\">它马上就退缩了。</span>\n\t\t/* 北极星 */"
  },
  {
    "passage": "Widgets Combat Tentacle Adv",
    "findString": "\t\t你<<vaginaltext>>后压向侵犯着你<<pussy>>的<<= _the>>_tentacle.fullDesc。\n\t\t<<if currentSkillValue(\"vaginalskill\") gte (800 - ($rng * 10))>>",
    "replace": "\t\t你<<vaginaltext>>后压向侵犯着你<<pussy>>的<<= _the>>_tentacle.fullDesc。\n\t\t/* 北极星模组 */\n\t\t<<set $disabledejac to false>>\n\t\t<<tentacle_skin \"vagina\">>\n\t\t<<if !$disabledejac and currentSkillValue(\"vaginalskill\") gte (800 - ($rng * 10))>>\n\t\t/* 北极星 */"
  },
  {
    "passage": "Widgets Combat Tentacle Adv",
    "findString": "\t\t你<<analtext>>向后压向侵犯着你<<bottom>>的_tentacle.fullDesc。\n\t\t<<if currentSkillValue(\"analskill\") gte (800 - ($rng * 10))>>",
    "replace": "\t\t你<<analtext>>向后压向侵犯着你<<bottom>>的_tentacle.fullDesc。\n\t\t/* 北极星模组 */\n\t\t<<set $disabledejac to false>>\n\t\t<<tentacle_skin \"anus\">>\n\t\t<<if !$disabledejac and currentSkillValue(\"analskill\") gte (800 - ($rng * 10))>>\n\t\t/* 北极星 */"
  },
  {
    "passage": "Widgets Combat Tentacle Adv",
    "findString": "\t<<elseif _tentacle.traits.includes(\"pain\") and _args[0] isnot \"pubic\">>",
    "replace": "\t/* 北极星模组 */\n    <<elseif $demonhunter gte 2 and [\"vagina\",\"penis\",\"anus\",\"pubic\"].includes(_args[0])>>\n        <<if $player.vaginaExist and $vaginaWetness gte 75 or $orgasmdown gte 1>>\n\t\t\t<span class=\"lustful\">你下体涌出的滚烫体液灼伤了来犯的_tentacle.fullDesc。</span><<set _tentacle.tentaclehealth -= 12>><<tentacleadvdisable _tentacle>>\n\t\t<</if>>\n\t\t<<set $disabledejac to true>>\n\t<<elseif $demonhunter gte 2 and [\"mouth\"].includes(_args[0])>>\n        <span class=\"lustful\">你口腔里的滚烫唾液灼伤了来犯的_tentacle.fullDesc。</span><<set _tentacle.tentaclehealth -= 12>><<tentacleadvdisable _tentacle>>\n        <<set $disabledejac to true>>\n    /* 北极星 */\n\t<<elseif _tentacle.traits.includes(\"pain\") and _args[0] isnot \"pubic\">>"
  }
]