[
  {
    "passage": "Widgets Orgasm",
    "findString": "\t<<if $combat is 1>>\n\t\t<<set $speechcum to 1>><<set $speechorgasmcount += 1>>\n\t<</if>>",
    "replace": "\t<<if $combat is 1>>\n\t\t<<set $speechcum to 1>><<set $speechorgasmcount += 1>>\n\t\t/* 北极星模组 */\n\t\t<<set $mushroomsatisfy to true>>\n\t\t/* 北极星 */\n\t<</if>>"
  },
  {
    "passage": "Widgets Orgasm",
    "findString": "\t\t\t<<if wearingCondom(\"player\")>>\n\t\t\t\t<<set _condom to $player.condom.state>>\n\t\t\t<</if>>",
    "replace": "\t\t\t<<if wearingCondom(\"player\")>>\n\t\t\t    /* 北极星模组 */\n\t\t\t    <<if $demonhunter gte 2 and !playerHasStrapon()>>\n                    <span class=\"lustful\">在你灼热精液的腐蚀下，避孕套发出不堪重负地嘶嘶声。</span>\n                    <<set $player.condom.state to \"sabotaged\">>\n                    <br>\n                <</if>>\n                /* 北极星 */\n\t\t\t\t<<set _condom to $player.condom.state>>\n\t\t\t<</if>>"
  },
  {
    "passage": "Widgets Orgasm",
    "findString": "\t\t\t<<if $parasite.penis.name and $parasite.penis.name isnot \"parasite\">>\n\t\t\t\t<span class=\"pink\">你被快感征服，射到了<<print $parasitePenis>>阴茎寄生虫上。</span>",
    "replace": "\t\t\t<<if $parasite.penis.name and $parasite.penis.name isnot \"parasite\">>\n\t\t\t\t/* 北极星模组 */\n\t\t\t    <<if $parasite.penis.name is \"livingclothes\">>\n                    <span class=\"pink\">你被快感征服，射精到了触手服内。</span>\n                    <<if $demonhunter gte 2>>\n                        <span class=\"lustful\">在你灼热精液的腐蚀下，触手服痛苦地颤抖着。</span>\n                        <<set $worn.under_lower.integrity -= 400>>\n                    <</if>>\n                    <br>\n                <<else>>\n    \t\t\t\t<span class=\"pink\">你被快感征服，射精到了<<print $parasitePenis>>阴茎寄生虫上。</span>\n    \t\t\t\t<<if $demonhunter gte 2>>\n                        <span class=\"lustful\">在你灼热精液的腐蚀下，寄生虫痛苦地颤抖着从你身上脱落，再无生息。</span>\n                        <<removeparasite penis>>\n                    <</if>>\n                    <br>\n                <</if>>\n                /* 北极星 */"
  },
  {
    "passage": "Widgets Orgasm",
    "findString": "\t\t\t\t\t<<purity -1>><<internalejac>><<creampie \"npc\" \"vagina\">>\n\t\t\t\t\t<<if $earSlime.focus is \"pregnancy\" and $earSlime.growth gte 75>>",
    "replace": "\t\t\t\t\t<<purity -1>><<internalejac>><<creampie \"npc\" \"vagina\">>\n\t\t\t\t\t/* 北极星模组 */\n\t\t\t\t\t<<hunterhotfluid 3 $penistarget>>\n\t\t\t\t\t/* 北极星 */\n\t\t\t\t\t<<if $earSlime.focus is \"pregnancy\" and $earSlime.growth gte 75>>"
  },
  {
    "passage": "Widgets Orgasm",
    "findString": "\t\t\t\t\t<span class=\"pink\">你被快感征服，<<if _cumDesc isnot \"精液\">>将一股_cumDesc<</if>>射在了<<his>>的小穴上。</span>\n\t\t\t\t<</if>>",
    "replace": "\t\t\t\t\t<span class=\"pink\">你被快感征服，<<if _cumDesc isnot \"精液\">>将一股_cumDesc<</if>>射在了<<his>>的小穴上。</span>\n\t\t\t\t\t/* 北极星模组 */\n\t\t\t\t\t<<hunterhotfluid 2 $penistarget>>\n\t\t\t\t\t/* 北极星 */\n\t\t\t\t<</if>>"
  },
  {
    "passage": "Widgets Orgasm",
    "findString": "\t\t\t\t\t\t<<purity -1>><<internalejac>><<creampie \"npc\" \"anus\">>\n\t\t\t\t\t<<elseif $NPCList[$_i].penis is \"otheranusimminent\" or $NPCList[$_i].penis is \"otheranusentrance\" or $NPCList[$_i].vagina is \"otheranusimminent\" or $NPCList[$_i].vagina is \"otheranusentrance\">>",
    "replace": "\t\t\t\t\t\t<<purity -1>><<internalejac>><<creampie \"npc\" \"anus\">>\n\t\t\t\t\t\t/* 北极星模组 */\n\t\t\t\t\t\t<<hunterhotfluid 3 $_i>>\n\t\t\t\t\t\t/* 北极星 */\n\t\t\t\t\t<<elseif $NPCList[$_i].penis is \"otheranusimminent\" or $NPCList[$_i].penis is \"otheranusentrance\" or $NPCList[$_i].vagina is \"otheranusimminent\" or $NPCList[$_i].vagina is \"otheranusentrance\">>"
  },
  {
    "passage": "Widgets Orgasm",
    "findString": "\t\t\t\t\t\t<span class=\"pink\">你被快感征服，<<if _cumDesc isnot \"精液\">>将一股_cumDesc<</if>>射在了<<his>>的屁股上。</span>\n\t\t\t\t\t<</if>>\n\t\t\t\t<</for>>",
    "replace": "\t\t\t\t\t\t<span class=\"pink\">你被快感征服，<<if _cumDesc isnot \"精液\">>将一股_cumDesc<</if>>射在了<<his>>的屁股上。</span>\n\t\t\t\t\t\t/* 北极星模组 */\n\t\t\t\t\t\t<<hunterhotfluid 2 $_i>>\n\t\t\t\t\t\t/* 北极星 */\n\t\t\t\t\t<</if>>\n\t\t\t\t<</for>>"
  },
  {
    "passage": "Widgets Orgasm",
    "findString": "\t\t\t\t\t\t<<purity -1>><<internalejac>><<creampie \"npc\" \"mouth\">>\n\t\t\t\t\t<<elseif $NPCList[$_i].mouth is \"penisimminent\" or $NPCList[$_i].mouth is \"penisentrance\">>",
    "replace": "\t\t\t\t\t\t<<purity -1>><<internalejac>><<creampie \"npc\" \"mouth\">>\n\t\t\t\t\t\t/* 北极星模组 */\n\t\t\t\t\t\t<<hunterhotfluid 3 $_i>>\n\t\t\t\t\t\t/* 北极星 */\n\t\t\t\t\t<<elseif $NPCList[$_i].mouth is \"penisimminent\" or $NPCList[$_i].mouth is \"penisentrance\">>"
  },
  {
    "passage": "Widgets Orgasm",
    "findString": "\t\t\t\t\t\t<span class=\"pink\">你被快感征服，<<if _cumDesc isnot \"精液\">>将一股_cumDesc<</if>>射在了<<his>>脸上。</span>\n\t\t\t\t\t<</if>>\n\t\t\t\t<</for>>",
    "replace": "\t\t\t\t\t\t<span class=\"pink\">你被快感征服，<<if _cumDesc isnot \"精液\">>将一股_cumDesc<</if>>射在了<<his>>脸上。</span>\n\t\t\t\t\t\t/* 北极星模组 */\n\t\t\t\t\t\t<<hunterhotfluid 2 $_i>>\n\t\t\t\t\t\t/* 北极星 */\n\t\t\t\t\t<</if>>\n\t\t\t\t<</for>>"
  },
  {
    "passage": "Widgets Orgasm",
    "findString": "\t\t\t\t\t\t<<purity -1>><<internalejac>>\n\t\t\t\t\t\t<!-- <<creampie \"npc\" \"penis\">> -->",
    "replace": "\t\t\t\t\t\t<<purity -1>><<internalejac>>\n\t\t\t\t\t\t/* 北极星模组 */\n\t\t\t\t\t\t<<hunterhotfluid 3 $_i>>\n\t\t\t\t\t\t/* 北极星 */\n\t\t\t\t\t\t<!-- <<creampie \"npc\" \"penis\">> -->"
  },
  {
    "passage": "Widgets Orgasm",
    "findString": "\t\t\t\t\t\t<span class=\"pink\">你被快感征服，<<if _cumDesc isnot \"精液\">>将一股_cumDesc<</if>>射到了<<his>>的鸡巴和肚子上。</span>\n\t\t\t\t\t<</if>>\n\t\t\t\t<</for>>",
    "replace": "\t\t\t\t\t\t<span class=\"pink\">你被快感征服，<<if _cumDesc isnot \"精液\">>将一股_cumDesc<</if>>射到了<<his>>的鸡巴和肚子上。</span>\n\t\t\t\t\t\t/* 北极星模组 */\n\t\t\t\t\t\t<<hunterhotfluid 2 $_i>>\n\t\t\t\t\t\t/* 北极星 */\n\t\t\t\t\t<</if>>\n\t\t\t\t<</for>>\n\t\t\t/* 北极星模组 */\n\t\t\t<<elseif $penisuse is \"feet\">>\n    \t\t\t<<for $_i = 0; $_i lt $enemynomax; $_i++>>\n    \t\t\t\t<<if $NPCList[$_i].penis is \"footjob\" or $NPCList[$_i].vagina is \"footjob\">>\n    \t\t\t\t\t<<personselect $_i>>\n    \t\t\t\t\t<span class=\"pink\">你被快感征服，射精到了<<his>>的脚上。</span>\n    \t\t\t\t\t<<hunterhotfluid 1 $_i>>\n    \t\t\t\t    <br>\n    \t\t\t\t<</if>>\n    \t\t\t<</for>>\n    \t\t/* 北极星 */"
  },
  {
    "passage": "Widgets Orgasm",
    "findString": "\t\t\t\t\t<<purity -1>><<internalejac>>\n\t\t\t\t\t<!-- <<creampie \"npc\" \"tentacle\">> -->",
    "replace": "\t\t\t\t\t<<purity -1>><<internalejac>>\n\t\t\t\t\t/* 北极星模组 */\n\t\t\t\t\t<<hunterhotfluid 3>>\n\t\t\t\t\t/* 北极星 */\n\t\t\t\t\t<!-- <<creampie \"npc\" \"tentacle\">> -->"
  },
  {
    "passage": "Widgets Orgasm",
    "findString": "\t\t\t\t<<else>>\n\t\t\t\t\t<span class=\"pink\">你被快感征服，<<if _cumDesc isnot \"精液\">>将一股_cumDesc<</if>>射到了$tentaclePenis上。</span>\n\t\t\t\t<</if>>",
    "replace": "\t\t\t\t<<else>>\n\t\t\t\t\t<span class=\"pink\">你被快感征服，<<if _cumDesc isnot \"精液\">>将一股_cumDesc<</if>>射到了$tentaclePenis上。</span>\n\t\t\t\t\t/* 北极星模组 */\n\t\t\t\t\t<<hunterhotfluid 2>>\n\t\t\t\t\t/* 北极星 */\n\t\t\t\t<</if>>"
  },
  {
    "passage": "Widgets Orgasm",
    "findString": "\t<<if $player.vaginaExist and !_deniedOrgasm>>\n\t\t<<if !$player.penisExist>>\n\t\t\t<span class=\"pink\">你被高潮带来的快感征服了。</span>\n\t\t<</if>>",
    "replace": "\t<<if $player.vaginaExist and !_deniedOrgasm>>\n        /* 北极星模组 */\n\t\t<span class=\"pink\">你被高潮带来的快感征服，</span>\n\t\t<<bodyliquid \"vagina\" \"goo\">>\n\t\t<<if $parasite.clit.name>>\n    \t    <<if $parasite.penis.name is \"livingclothes\">>\n                <span class=\"pink\">在触手服内潮吹了。</span>\n                <<if $demonhunter gte 2>>\n                    <span class=\"lustful\">在你灼热爱液的腐蚀下，触手服痛苦地颤抖着。</span>\n                    <<set $worn.under_lower.integrity -= 400>>\n                <</if>>\n                <br>\n            <<else>>\n    \t\t\t<span class=\"pink\">潮吹到了阴蒂上的寄生虫体内。</span>\n    \t\t\t<<if $demonhunter gte 2>>\n                    <span class=\"lustful\">在你灼热爱液的腐蚀下，寄生虫痛苦地颤抖着从你身上脱落，再无生息。</span>\n                    <<removeparasite clit>>\n                <</if>>\n                <br>\n            <</if>>\n        <<elseif $vaginause is \"othervagina\">>\n\t\t\t<<if $NPCList[$vaginatarget].vagina is \"vagina\">>\n\t\t\t\t<<personselect $vaginatarget>>\n\t\t\t\t<span class=\"pink\">潮吹到了<<his>>的小穴里。</span>\n\t\t\t\t<<internalejac>>\n\t\t\t\t<<hunterhotfluid 3 $vaginatarget>>\n\t\t\t\t<br>\n\t\t\t<<elseif $NPCList[$vaginatarget].vagina is \"vaginaimminent\" or $NPCList[$vaginatarget].vagina is \"vaginaentrance\">>\n\t\t\t\t<<personselect $vaginatarget>>\n\t\t\t\t<span class=\"pink\">在<<his>>的阴蒂上潮吹了。</span>\n\t\t\t\t<<hunterhotfluid 2 $vaginatarget>>\n\t\t\t\t<br>\n\t\t\t<</if>>\n\t\t<<elseif $vaginause is \"penis\">>\n\t\t\t<<if $NPCList[$vaginatarget].penis is \"vagina\">>\n\t\t\t\t<<personselect $vaginatarget>>\n\t\t\t\t<span class=\"pink\">在<<his>>的肉棒抽插下潮吹了。</span>\n\t\t\t\t<<internalejac>>\n\t\t\t\t<<hunterhotfluid 3 $vaginatarget>>\n\t\t\t\t<br>\n\t\t\t<<elseif $NPCList[$vaginatarget].penis is \"vaginaimminent\" or $NPCList[$vaginatarget].penis is \"vaginaentrance\">>\n\t\t\t\t<<personselect $vaginatarget>>\n\t\t\t\t<span class=\"pink\">在<<his>>的肉棒摩擦下潮吹了。</span>\n\t\t\t\t<<hunterhotfluid 2 $vaginatarget>>\n\t\t\t\t<br>\n\t\t\t<</if>>\n\t\t<<elseif $vaginause is \"penisdouble\">>\n\t\t    <span class=\"pink\">在两根肉棒的玩弄下潮吹了。</span>\n\t\t\t<<for $_i = 0; $_i lt $enemynomax; $_i++>>\n\t\t\t\t<<if $NPCList[$_i].penis is \"vaginadouble\">>\n\t\t\t\t\t<<personselect $_i>>\n\t\t\t\t\t<<internalejac>>\n\t\t\t\t\t<<hunterhotfluid 3 $_i>>\n\t\t\t\t<<elseif $NPCList[$_i].penis is \"vaginaimminentdouble\" or $NPCList[$_i].penis is \"vaginaentrancedouble\">>\n\t\t\t\t\t<<personselect $_i>>\n\t\t\t\t\t<<hunterhotfluid 2 $_i>>\n\t\t\t\t<</if>>\n\t\t\t<</for>>\n\t\t\t<br>\n\t\t<<elseif $vaginause is \"othermouth\">>\n\t\t\t<<for $_i = 0; $_i lt $enemynomax; $_i++>>\n\t\t\t\t<<if $NPCList[$_i].mouth is \"vagina\">>\n\t\t\t\t\t<<personselect $_i>>\n\t\t\t\t\t<span class=\"pink\">潮吹到了<<his>>的嘴里。</span>\n\t\t\t\t\t<<internalejac>>\n\t\t\t\t\t<<hunterhotfluid 3 $_i>>\n\t\t\t\t    <br>\n\t\t\t\t<<elseif $NPCList[$_i].mouth is \"vaginaimminent\" or $NPCList[$_i].mouth is \"vaginaentrance\">>\n\t\t\t\t\t<<personselect $_i>>\n\t\t\t\t\t<span class=\"pink\">潮吹到了<<his>>的脸上。</span>\n\t\t\t\t\t<<hunterhotfluid 2 $_i>>\n\t\t\t\t\t<br>\n\t\t\t\t<</if>>\n\t\t\t<</for>>\n\t\t<<elseif $vaginause is \"feet\">>\n\t\t\t<<for $_i = 0; $_i lt $enemynomax; $_i++>>\n\t\t\t\t<<if $NPCList[$_i].penis is \"footjob\" or $NPCList[$_i].vagina is \"footjob\">>\n\t\t\t\t\t<<personselect $_i>>\n\t\t\t\t\t<span class=\"pink\">潮吹到了<<his>>的脚上。</span>\n\t\t\t\t\t<<hunterhotfluid 1 $_i>>\n\t\t\t\t    <br>\n\t\t\t\t<</if>>\n\t\t\t<</for>>\n\t\t<<elseif $vaginause is \"tentacle\">>\n\t\t\t<<if $vaginastate isnot \"tentacleentrance\" and $vaginastate isnot \"tentacleimminent\">>\n\t\t\t\t<span class=\"pink\">在触手的抽插下潮吹了。</span>\n\t\t\t\t<<internalejac>>\n\t\t\t\t<<hunterhotfluid 3>>\n\t\t\t\t<br>\n\t\t\t<<else>>\n\t\t\t\t<span class=\"pink\">潮吹到了触手上。</span>\n\t\t\t\t<<hunterhotfluid 2>>\n\t\t\t\t<br>\n\t\t\t<</if>>\n\t\t<<elseif $vaginause is \"tentaclerub\">>\n\t\t\t<span class=\"pink\">在触手的爱抚下潮吹了。</span>\n\t\t\t<<hunterhotfluid 2>>\n\t\t\t<br>\n\t\t<<elseif playerChastity()>>\n\t\t    <span class=\"pink\">在你的$worn.genitals.cn_name_cap里潮吹了。</span>\n\t\t    <br>\n        <<elseif $vaginause is \"cover\">>\n            <span class=\"pink\">潮吹到了自己手上。</span>\n            <br>\n            <<if $leftarm is \"vagina\">>\n                <<bodyliquid \"leftarm\" \"goo\">>\n            <</if>>\n            <<if $rightarm is \"vagina\">>\n                <<bodyliquid \"rightarm\" \"goo\">>\n            <</if>>\n        <<else>>\n\t\t\t<span class=\"pink\">情不自禁地潮吹了。</span>\n\t\t\t<br>\n        <</if>>\n        /* 北极星 */"
  },
  {
    "passage": "Widgets Orgasm",
    "findString": "\t<<if $player.vaginaExist and !_deniedOrgasm>>\n\t\t<<vaginaFluidOrgasm>>\n\t\t<<if _lube_released gt 10>>\n\t\t\t<span class=\"pink\">液体从你<<pussy>>喷涌而出，</span>\n\t\t<<elseif _lube_released gt 0>>\n\t\t\t<span class=\"pink\">液体从你<<pussy>>流出。</span>\n\t\t<</if>>\n\t<</if>>",
    "replace": "\t<<if $player.vaginaExist and !_deniedOrgasm>>\n\t\t<<vaginaFluidOrgasm>>\n\t\t<<if _lube_released gt 10>>\n\t\t\t<span class=\"pink\">液体从你<<pussy>>喷涌而出，</span>\n\t\t<<elseif _lube_released gt 0>>\n\t\t\t<span class=\"pink\">液体从你<<pussy>>流出。</span>\n\t\t<</if>>\n\t<</if>>\n\t\n\t/* 北极星模组 */\n\t<<if $parasite.clit.name is \"livingclothes\">>\n\t\t<span class=\"blue\">活体衣服以你的性高潮为食。</span>当它贴上你的<<bottom>>时，你能感觉到成千上万的小触手在你的<<genitals>>周边蠕动进出着。<<ggarousal>><<arousal 1200>><<set $tentacleclothesorgasm += 1>><<set $worn.under_lower.integrity += 30>><<set $worn.feet.integrity += 30>><<set $worn.legs.integrity += 30>><br>\n\t\t\t<<if $lactating is 1 and $parasite.nipples.name>>\n\t\t\t\t触手吸收着你的乳汁来壮大自己，随着你的乳汁被吸走，<span class=\"purple\">你感觉乳头上有一种温暖的感觉。</span><<garousal>><<arousal 100>><<set $milk_amount -= 10>><<set $worn.under_upper.integrity += 30>><<set $worn.hands.integrity += 30>><br>\n\t\t\t<</if>>\n\n\t<<elseif $parasite.penis.name is \"livingclothes\">>\n\t\t<span class=\"blue\">活体衣服以你的性高潮为食。</span>你能感觉到成千上万的小触手在你的<<genitals>>周围摩擦，就像一个活生生的触手穴，在你的<<bottom>>里。<<ggarousal>><<arousal 1200>><<set $tentacleclothesorgasm += 1>><<set $worn.under_lower.integrity += 30>><br>\n\t\t\t<<if $lactating is 1 and $parasite.nipples.name>>\n\t\t\t\t触手吸收着你的乳汁来壮大自己，随着你的乳汁被吸走，<span class=\"purple\">你感觉乳头上有一种温暖的感觉。</span><<garousal>><<arousal 100>><<set $milk_amount -=10>><<set $worn.under_upper.integrity += 30>><<set $worn.hands.integrity += 30>><br>\n\t\t\t<</if>>\n\t<</if>>\n\n\t<<if $tentacleclothesorgasm is 10>>\n\t\t<span class=\"purple\">你感觉到乳头被什么东西刺痛，你注意到一些触手在衣服底下生长，这件活体衣服开始逐渐长大。</span><<set $lactating to 1>><br>\n\t<<elseif $tentacleclothesorgasm is 50>>\n\t\t<span class=\"purple\">你的性高潮次数越多，活体衣服就越结实。</span>触手们一边在你衣服下摩擦你的乳房，一边在你的皮肤上涂抹催情药。<gggarousal><arousal 8000><<set $drugged += 50>><br>\n\t<</if>>\n\n\t<<if $demonhunter gte 2 and !_deniedOrgasm>>\n\t\t<span class=\"green\">尽情的释放高潮让你神清气爽。</span>\n\t\t<<lpain>><<ltrauma>><<lstress>>\n\t\t<<pain -5>><<trauma -50>><<stress -100>>\n\t\t<br>\n    <</if>>\n    /* 北极星 */"
  }
]