[
  {
    "passage": "Adult clothing shop widgets",
    "findString": "\t\t\t<<if $debug is 1>>\n\t\t\t\t<<clothingcategoryicon \"overoutfit\">>\n\t\t\t\t<<link \"查看外套套装\">><<replace \"#clothingShop-div\">><<OverOutfitShop>><</replace>><</link>>\n\t\t\t\t<br>\n\t\t\t\t<<clothingcategoryicon \"overoutfit\">>\n\t\t\t\t<<link \"查看外套上装\">><<replace \"#clothingShop-div\">><<OverTopShop>><</replace>><</link>>\n\t\t\t\t<br><br>\n\t\t\t<</if>>",
    "replace": "\t\t\t/* 北极星模组 */\n\t\t\t<<if $options.bjx_clothes>>\n\t\t\t\t<<clothingcategoryicon \"overoutfit\">>\n\t\t\t\t<<link \"查看外套\">><<replace \"#clothingShop-div\">><<OverOutfitShop>><</replace>><</link>>\n\t\t\t\t<br>\n\t\t\t\t<<clothingcategoryicon \"overupper\">>\n    \t\t\t<<link \"查看外套上装\">><<replace \"#clothingShop-div\">><<OverUpperShop>><</replace>><</link>>\n    \t\t\t<br>\n    \t\t\t<<clothingcategoryicon \"overlower\">>\n    \t\t\t<<link \"查看外套下装\">><<replace \"#clothingShop-div\">><<OverLowerShop>><</replace>><</link>>\n    \t\t\t<br>\n\t\t\t\t<<clothingcategoryicon \"overhead\">>\n\t\t\t\t<<link \"查看外帽\">><<replace \"#clothingShop-div\">><<OverHeadShop>><</replace>><</link>>\n    \t\t\t<br><br>\n\t\t\t<</if>>\n\t\t\t/* 北极星 */"
  },
  {
    "passage": "Ambient Weather And Seasonal Event Widgets",
    "findString": "\t\t\t\t\t\t\t\t<<elseif $fallenangel gte 2>>\n\t\t\t\t\t\t\t\t\t你愤怒地在上面踢雪，压抑着痛苦的记忆。",
    "replace": "\t\t\t\t\t\t\t\t<<elseif $fallenangel gte 2>>\n\t\t\t\t\t\t\t\t\t你愤怒地在上面踢雪，压抑着痛苦的记忆。\n\t\t\t\t\t\t\t\t/* 北极星模组 */\n\t\t\t\t\t\t\t\t<<elseif $demonhunter gte 2>>\n\t\t\t\t\t\t\t\t\t你的心中只有复仇的烈火，对这种幼稚的行为不屑一顾。\n\t\t\t\t\t\t\t\t/* 北极星 */"
  },
  {
    "passage": "Ambient Weather And Seasonal Event Widgets",
    "findString": "\t\t\t\t\t\t\t你注意到前方一段距离有一头鹿正紧紧地挤在它的幼崽身边，为了在雪中让幼崽也能保持温暖。为了不打扰他们，你决定绕道走。<<stress -3>><<lstress>>",
    "replace": "\t\t\t\t\t\t    /* 北极星模组 */\n\t\t\t\t\t\t\t你注意到前方一段距离有一头鹿正紧紧地挤在它的幼崽身边，为了在雪中让幼崽也能保持温暖。为了不打扰他们，你决定绕道走。<<stress -3>><<lstress>><<transform deer 1>>\n\t\t\t\t\t\t\t/* 北极星 */"
  },
  {
    "passage": "Ambient Weather And Seasonal Event Widgets",
    "findString": "\t\t\t\t\t\t你看到一只鹿正庇护它的孩子躲避雨水。<<stress -3>><<lstress>>",
    "replace": "\t\t\t\t\t    /* 北极星模组 */\n\t\t\t\t\t\t你看到一只鹿正庇护它的孩子躲避雨水。<<stress -3>><<lstress>><<transform deer 1>>\n\t\t\t\t\t\t/* 北极星 */"
  },
  {
    "passage": "Asylum Widgets",
    "findString": "\t\t\t<<link [[偷门禁卡|Asylum Keycard]]>><</link>><<skulduggerydifficulty>> <<note \"该动作在低嫌疑时会更容易\" \"italic\">>",
    "replace": "\t\t\t/* 北极星模组 */\n\t\t\t<<link [[偷走钥匙卡|Asylum Keycard]]>><<set $skulduggeryhands to 1>><</link>><<skulduggerydifficulty>> <<note \"该动作在低嫌疑时会更容易\" \"italic\">>\n\t\t\t/* 北极星 */",
    "all": true
  },
  {
    "passage": "Clothes Testing",
    "findString": "\t\t\tfoxTailLayer:\"front\",\n\t\t\tfoxCheeks:\"hidden\",",
    "replace": "\t\t\tfoxTailLayer:\"front\",\n\t\t\tfoxCheeks:\"hidden\",\n\t\t\t/* 北极星模组 */\n\t\t\tbeeEars:\"hidden\",\n\t\t\tbeeWings:\"hidden\",\n\t\t\tbeeWingsLeftType:\"idle\",\n\t\t\tbeeWingsRightType:\"idle\",\n\t\t\tbeeTail:\"hidden\",\n\t\t\tbearEars:\"hidden\",\n\t\t\tbearTail:\"hidden\",\n\t\t\tdeerEars:\"hidden\",\n\t\t\tdeerHorns:\"hidden\",\n\t\t\tdeerTail:\"hidden\",\n\t\t\tdragonEyes:\"hidden\",\n\t\t\tdragonHorns:\"hidden\",\n\t\t\tdragonWings:\"hidden\",\n\t\t\tdragonWingsLeftType:\"idle\",\n\t\t\tdragonWingsRightType:\"idle\",\n\t\t\tdragonTail:\"hidden\",\n\t\t\tlizardEyes:\"hidden\",\n\t\t\tlizardHorns:\"hidden\",\n\t\t\tlizardTail:\"hidden\",\n\t\t\tsheepEars:\"hidden\",\n\t\t\tsheepHorns:\"hidden\",\n\t\t\tsheepTail:\"hidden\",\n\t\t\tdolphinTail:\"hidden\",\n\t\t\tdogEars:\"hidden\",\n\t\t\tdogTail:\"hidden\",\n\t\t\traccoonEars:\"hidden\",\n\t\t\traccoonMask:\"hidden\",\n\t\t\traccoonTail:\"hidden\",\n\t\t\tfishFins:\"hidden\",\n\t\t\tfishTail:\"hidden\",\n\t\t\thorseEars:\"hidden\",\n\t\t\thorseTail:\"hidden\",\n\t\t\tspiderEyes:\"hidden\",\n\t\t\tspiderTail:\"hidden\",\n\t\t\tfrogEyes:\"hidden\",\n\t\t\tfrogCheeks:\"hidden\",\n\t\t\tpigEars:\"hidden\",\n\t\t\tpigTail:\"hidden\",\n\t\t\t/* 北极星 */"
  },
  {
    "passage": "clothesTestingImageGenerate",
    "findString": "\t<<listbox \"$characterViewer.bodyState.foxTailLayer\" autoselect>>\n\t\t<<option \"前面\" \"front\">>\n\t\t<<option \"背面\" \"back\">>\n\t<</listbox>>\n\t<br><br>",
    "replace": "\t<<listbox \"$characterViewer.bodyState.foxTailLayer\" autoselect>>\n\t\t<<option \"前面\" \"front\">>\n\t\t<<option \"背面\" \"back\">>\n\t<</listbox>>\n\t<br><br>\n\t\n\t/* 北极星模组 */\n\t<span class=\"gold\">蜜蜂:</span>\n\t<br>\n\t耳朵:\n\t<<listbox \"$characterViewer.bodyState.beeEars\" autoselect>>\n\t\t<<option \"隐藏\" \"hidden\">>\n\t\t<<option \"默认\" \"default\">>\n\t<</listbox>>\n\t||\n\t尾巴:\n\t<<listbox \"$characterViewer.bodyState.beeTail\" autoselect>>\n\t\t<<option \"隐藏\" \"hidden\">>\n\t\t<<option \"默认\" \"default\">>\n\t<</listbox>>\n\t<br>\n\t翅膀:\n\t<<listbox \"$characterViewer.bodyState.beeWings\" autoselect>>\n\t\t<<option \"隐藏\" \"hidden\">>\n\t\t<<option \"默认\" \"default\">>\n\t<</listbox>>\n\t||\n\t左翼类型:\n\t<<listbox \"$characterViewer.bodyState.beeWingsLeftType\" autoselect>>\n\t\t<<option \"正常\" \"idle\">>\n\t\t<<option \"覆盖\" \"cover\">>\n\t<</listbox>>\n\t||\n\t右翼类型:\n\t<<listbox \"$characterViewer.bodyState.beeWingsRightType\" autoselect>>\n\t\t<<option \"正常\" \"idle\">>\n\t\t<<option \"覆盖\" \"cover\">>\n\t<</listbox>>\n\t<br><br>\n\n\t<span class=\"gold\">熊:</span>\n\t<br>\n\t耳朵:\n\t<<listbox \"$characterViewer.bodyState.bearEars\" autoselect>>\n\t\t<<option \"隐藏\" \"hidden\">>\n\t\t<<option \"默认\" \"default\">>\n\t<</listbox>>\n\t||\n\t尾巴:\n\t<<listbox \"$characterViewer.bodyState.bearTail\" autoselect>>\n\t\t<<option \"隐藏\" \"hidden\">>\n\t\t<<option \"默认\" \"default\">>\n\t<</listbox>>\n\t<br><br>\n\n\t<span class=\"gold\">鹿:</span>\n\t<br>\n\t角:\n\t<<listbox \"$characterViewer.bodyState.deerHorns\" autoselect>>\n\t\t<<option \"隐藏\" \"hidden\">>\n\t\t<<option \"默认\" \"default\">>\n\t<</listbox>>\n\t||\n\t耳朵:\n\t<<listbox \"$characterViewer.bodyState.deerEars\" autoselect>>\n\t\t<<option \"隐藏\" \"hidden\">>\n\t\t<<option \"默认\" \"default\">>\n\t<</listbox>>\n\t||\n\t尾巴:\n\t<<listbox \"$characterViewer.bodyState.deerTail\" autoselect>>\n\t\t<<option \"隐藏\" \"hidden\">>\n\t\t<<option \"默认\" \"default\">>\n\t<</listbox>>\n\t<br><br>\n\n\t<span class=\"gold\">龙:</span>\n\t<br>\n\t角:\n\t<<listbox \"$characterViewer.bodyState.dragonHorns\" autoselect>>\n\t\t<<option \"隐藏\" \"hidden\">>\n\t\t<<option \"默认\" \"default\">>\n\t<</listbox>>\n\t||\n\t眼睛:\n\t<<listbox \"$characterViewer.bodyState.dragonEyes\" autoselect>>\n\t\t<<option \"隐藏\" \"hidden\">>\n\t\t<<option \"默认\" \"default\">>\n\t<</listbox>>\n\t||\n\t尾巴:\n\t<<listbox \"$characterViewer.bodyState.dragonTail\" autoselect>>\n\t\t<<option \"隐藏\" \"hidden\">>\n\t\t<<option \"默认\" \"default\">>\n\t<</listbox>>\n\t翅膀:\n\t<<listbox \"$characterViewer.bodyState.dragonWings\" autoselect>>\n\t\t<<option \"隐藏\" \"hidden\">>\n\t\t<<option \"默认\" \"default\">>\n\t<</listbox>>\n\t||\n\t左翼类型:\n\t<<listbox \"$characterViewer.bodyState.dragonWingsLeftType\" autoselect>>\n\t\t<<option \"正常\" \"idle\">>\n\t\t<<option \"覆盖\" \"cover\">>\n\t<</listbox>>\n\t||\n\t右翼类型:\n\t<<listbox \"$characterViewer.bodyState.dragonWingsRightType\" autoselect>>\n\t\t<<option \"正常\" \"idle\">>\n\t\t<<option \"覆盖\" \"cover\">>\n\t<</listbox>>\n\t<br><br>\n\n\t<span class=\"gold\">蜥蜴:</span>\n\t<br>\n\t角:\n\t<<listbox \"$characterViewer.bodyState.lizardHorns\" autoselect>>\n\t\t<<option \"隐藏\" \"hidden\">>\n\t\t<<option \"默认\" \"default\">>\n\t<</listbox>>\n\t||\n\t眼睛:\n\t<<listbox \"$characterViewer.bodyState.lizardEyes\" autoselect>>\n\t\t<<option \"隐藏\" \"hidden\">>\n\t\t<<option \"默认\" \"default\">>\n\t<</listbox>>\n\t||\n\t尾巴:\n\t<<listbox \"$characterViewer.bodyState.lizardTail\" autoselect>>\n\t\t<<option \"隐藏\" \"hidden\">>\n\t\t<<option \"默认\" \"default\">>\n\t<</listbox>>\n\t<br><br>\n\n\t<span class=\"gold\">羊:</span>\n\t<br>\n\t角:\n\t<<listbox \"$characterViewer.bodyState.sheepHorns\" autoselect>>\n\t\t<<option \"隐藏\" \"hidden\">>\n\t\t<<option \"默认\" \"default\">>\n\t<</listbox>>\n\t||\n\t耳朵:\n\t<<listbox \"$characterViewer.bodyState.sheepEars\" autoselect>>\n\t\t<<option \"隐藏\" \"hidden\">>\n\t\t<<option \"默认\" \"default\">>\n\t<</listbox>>\n\t||\n\t尾巴:\n\t<<listbox \"$characterViewer.bodyState.sheepTail\" autoselect>>\n\t\t<<option \"隐藏\" \"hidden\">>\n\t\t<<option \"默认\" \"default\">>\n\t<</listbox>>\n\t<br><br>\n\n\t<span class=\"gold\">狗:</span>\n\t<br>\n\t耳朵:\n\t<<listbox \"$characterViewer.bodyState.dogEars\" autoselect>>\n\t\t<<option \"隐藏\" \"hidden\">>\n\t\t<<option \"默认\" \"default\">>\n\t<</listbox>>\n\t||\n\t尾巴:\n\t<<listbox \"$characterViewer.bodyState.dogTail\" autoselect>>\n\t\t<<option \"隐藏\" \"hidden\">>\n\t\t<<option \"默认\" \"default\">>\n\t<</listbox>>\n\t<br><br>\n\n\t<span class=\"gold\">浣熊:</span>\n\t<br>\n\t耳朵:\n\t<<listbox \"$characterViewer.bodyState.raccoonEars\" autoselect>>\n\t\t<<option \"隐藏\" \"hidden\">>\n\t\t<<option \"默认\" \"default\">>\n\t<</listbox>>\n\t||\n\t面具:\n\t<<listbox \"$characterViewer.bodyState.raccoonMask\" autoselect>>\n\t\t<<option \"隐藏\" \"hidden\">>\n\t\t<<option \"默认\" \"default\">>\n\t<</listbox>>\n\t||\n\t尾巴:\n\t<<listbox \"$characterViewer.bodyState.raccoonTail\" autoselect>>\n\t\t<<option \"隐藏\" \"hidden\">>\n\t\t<<option \"默认\" \"default\">>\n\t<</listbox>>\n\t<br><br>\n\n\t<span class=\"gold\">鱼:</span>\n\t<br>\n\t鱼鳍:\n\t<<listbox \"$characterViewer.bodyState.fishFins\" autoselect>>\n\t\t<<option \"隐藏\" \"hidden\">>\n\t\t<<option \"默认\" \"default\">>\n\t<</listbox>>\n\t||\n\t尾巴:\n\t<<listbox \"$characterViewer.bodyState.fishTail\" autoselect>>\n\t\t<<option \"隐藏\" \"hidden\">>\n\t\t<<option \"默认\" \"default\">>\n\t<</listbox>>\n\t<br><br>\n\n\t<span class=\"gold\">马:</span>\n\t<br>\n\t耳朵:\n\t<<listbox \"$characterViewer.bodyState.horseEars\" autoselect>>\n\t\t<<option \"隐藏\" \"hidden\">>\n\t\t<<option \"默认\" \"default\">>\n\t<</listbox>>\n\t||\n\t尾巴:\n\t<<listbox \"$characterViewer.bodyState.horseTail\" autoselect>>\n\t\t<<option \"隐藏\" \"hidden\">>\n\t\t<<option \"默认\" \"default\">>\n\t<</listbox>>\n\t<br><br>\n\t\n\t<span class=\"gold\">蜘蛛:</span>\n\t<br>\n\t眼睛:\n\t<<listbox \"$characterViewer.bodyState.spiderEyes\" autoselect>>\n\t\t<<option \"隐藏\" \"hidden\">>\n\t\t<<option \"默认\" \"default\">>\n\t<</listbox>>\n\t||\n\t尾巴:\n\t<<listbox \"$characterViewer.bodyState.spiderTail\" autoselect>>\n\t\t<<option \"隐藏\" \"hidden\">>\n\t\t<<option \"默认\" \"default\">>\n\t<</listbox>>\n\t<br><br>\n\t\n\t<span class=\"gold\">青蛙:</span>\n\t<br>\n\t眼睛:\n\t<<listbox \"$characterViewer.bodyState.frogEyes\" autoselect>>\n\t\t<<option \"隐藏\" \"hidden\">>\n\t\t<<option \"默认\" \"default\">>\n\t<</listbox>>\n\t||\n\t脸颊:\n\t<<listbox \"$characterViewer.bodyState.frogCheeks\" autoselect>>\n\t\t<<option \"隐藏\" \"hidden\">>\n\t\t<<option \"默认\" \"default\">>\n\t<</listbox>>\n\t<br><br>\n\t\n\t<span class=\"gold\">猪:</span>\n\t<br>\n\t耳朵:\n\t<<listbox \"$characterViewer.bodyState.pigEars\" autoselect>>\n\t\t<<option \"隐藏\" \"hidden\">>\n\t\t<<option \"默认\" \"default\">>\n\t<</listbox>>\n\t||\n\t尾巴:\n\t<<listbox \"$characterViewer.bodyState.pigTail\" autoselect>>\n\t\t<<option \"隐藏\" \"hidden\">>\n\t\t<<option \"默认\" \"default\">>\n\t<</listbox>>\n\t<br><br>\n\n\t<span class=\"gold\">海豚:</span>\n\t<br>\n\t尾巴:\n\t<<listbox \"$characterViewer.bodyState.dolphinTail\" autoselect>>\n\t\t<<option \"隐藏\" \"hidden\">>\n\t\t<<option \"默认\" \"default\">>\n\t<</listbox>>\n\t<br><br>\n\t/* 北极星 */"
  },
  {
    "passage": "clothesTestingImageGenerate",
    "findString": "\t<<set _modeloptions.fox_ears_type to $characterViewer.bodyState.foxEars>>\n\t<<set _modeloptions.fox_cheeks_type to $characterViewer.bodyState.foxCheeks>>",
    "replace": "\t<<set _modeloptions.fox_ears_type to $characterViewer.bodyState.foxEars>>\n\t<<set _modeloptions.fox_cheeks_type to $characterViewer.bodyState.foxCheeks>>\n\t/* 北极星模组 */\n\t<<set _modeloptions.bee_tail_type to $characterViewer.bodyState.beeTail>>\n\t<<set _modeloptions.bee_ears_type to $characterViewer.bodyState.beeEars>>\n\t<<set _modeloptions.bee_wings_type to $characterViewer.bodyState.beeWings>>\n\t<<set _modeloptions.bee_wing_right to $characterViewer.bodyState.beeWingsRightType>>\n\t<<set _modeloptions.bee_wing_left to $characterViewer.bodyState.beeWingsLeftType>>\n\t<<set _modeloptions.bear_tail_type to $characterViewer.bodyState.bearTail>>\n\t<<set _modeloptions.bear_ears_type to $characterViewer.bodyState.bearEars>>\n\t<<set _modeloptions.deer_tail_type to $characterViewer.bodyState.deerTail>>\n\t<<set _modeloptions.deer_ears_type to $characterViewer.bodyState.deerEars>>\n\t<<set _modeloptions.deer_horns_type to $characterViewer.bodyState.deerHorns>>\n\t<<set _modeloptions.dragon_tail_type to $characterViewer.bodyState.dragonTail>>\n\t<<set _modeloptions.dragon_eyes_type to $characterViewer.bodyState.dragonEyes>>\n\t<<set _modeloptions.dragon_horns_type to $characterViewer.bodyState.dragonHorns>>\n\t<<set _modeloptions.dragon_wings_type to $characterViewer.bodyState.dragonWings>>\n\t<<set _modeloptions.dragon_wing_right to $characterViewer.bodyState.dragonWingsRightType>>\n\t<<set _modeloptions.dragon_wing_left to $characterViewer.bodyState.dragonWingsLeftType>>\n\t<<set _modeloptions.lizard_tail_type to $characterViewer.bodyState.lizardTail>>\n\t<<set _modeloptions.lizard_eyes_type to $characterViewer.bodyState.lizardEyes>>\n\t<<set _modeloptions.lizard_horns_type to $characterViewer.bodyState.lizardHorns>>\n\t<<set _modeloptions.sheep_tail_type to $characterViewer.bodyState.sheepTail>>\n\t<<set _modeloptions.sheep_ears_type to $characterViewer.bodyState.sheepEars>>\n\t<<set _modeloptions.sheep_horns_type to $characterViewer.bodyState.sheepHorns>>\n\t<<set _modeloptions.dolphin_tail_type to $characterViewer.bodyState.dolphinTail>>\n\t<<set _modeloptions.dog_tail_type to $characterViewer.bodyState.dogTail>>\n\t<<set _modeloptions.dog_ears_type to $characterViewer.bodyState.dogEars>>\n\t<<set _modeloptions.horse_ears_type to $characterViewer.bodyState.horseEars>>\n\t<<set _modeloptions.horse_tail_type to $characterViewer.bodyState.horseTail>>\n\t<<set _modeloptions.pig_ears_type to $characterViewer.bodyState.pigEars>>\n\t<<set _modeloptions.pig_tail_type to $characterViewer.bodyState.pigTail>>\n\t<<set _modeloptions.spider_eyes_type to $characterViewer.bodyState.spiderEyes>>\n\t<<set _modeloptions.spider_tail_type to $characterViewer.bodyState.spiderTail>>\n\t<<set _modeloptions.frog_eyes_type to $characterViewer.bodyState.frogEyes>>\n\t<<set _modeloptions.frog_cheeks_type to $characterViewer.bodyState.frogCheeks>>\n\t<<set _modeloptions.raccoon_ears_type to $characterViewer.bodyState.raccoonEars>>\n\t<<set _modeloptions.raccoon_mask_type to $characterViewer.bodyState.raccoonMask>>\n\t<<set _modeloptions.raccoon_tail_type to $characterViewer.bodyState.raccoonTail>>\n\t<<set _modeloptions.fish_fins_type to $characterViewer.bodyState.fishFins>>\n\t<<set _modeloptions.fish_tail_type to $characterViewer.bodyState.fishTail>>\n\t<<set _modeloptions.horse_ears_type to $characterViewer.bodyState.horseEars>>\n\t<<set _modeloptions.horse_tail_type to $characterViewer.bodyState.horseTail>>\n\t/* 北极星 */"
  },
  {
    "passage": "Clothing Shop Categories",
    "findString": "<<widget \"OutfitShop\">>",
    "replace": "/* 北极星模组 */\n<<widget \"OverUpperShop\">>\n\t<<set $outside to 0>><<effects>>\n\n\t<<if $clothes_choice and $clothes_choice_previous>>\n\t\t<<if $clothes_choice is $clothes_choice_previous>>\n\t\t\t<<shopbuyv2 \"over_upper\">>\n\t\t<<else>>\n\t\t\t<<shopbuyv2 \"over_upper\" \"reset\">>\n\t\t<</if>>\n\t<<else>>\n\t\t<<shopbuyv2 \"over_upper\" \"reset\">>\n\t<</if>>\n\n\t<div id=\"clothes-list\" class=\"clothes-list\">\n\t\t<<clothingShopv2 $shopName \"over_upper\" \"non-outfits\">>\n\t</div>\n<</widget>>\n\n<<widget \"OverLowerShop\">>\n\t<<set $outside to 0>><<effects>>\n\n\t<<if $clothes_choice and $clothes_choice_previous>>\n\t\t<<if $clothes_choice is $clothes_choice_previous>>\n\t\t\t<<shopbuyv2 \"over_lower\">>\n\t\t<<else>>\n\t\t\t<<shopbuyv2 \"over_lower\" \"reset\">>\n\t\t<</if>>\n\t<<else>>\n\t\t<<shopbuyv2 \"over_lower\" \"reset\">>\n\t<</if>>\n\n\t<div id=\"clothes-list\" class=\"clothes-list\">\n\t\t<<clothingShopv2 $shopName \"over_lower\">>\n\t</div>\n<</widget>>\n\n<<widget \"OverHeadShop\">>\n\t<<set $outside to 0>><<effects>>\n\n\t<<if $clothes_choice and $clothes_choice_previous>>\n\t\t<<if $clothes_choice is $clothes_choice_previous>>\n\t\t\t<<shopbuyv2 \"over_head\">>\n\t\t<<else>>\n\t\t\t<<shopbuyv2 \"over_head\" \"reset\">>\n\t\t<</if>>\n\t<<else>>\n\t\t<<shopbuyv2 \"over_head\" \"reset\">>\n\t<</if>>\n\n\t<div id=\"clothes-list\" class=\"clothes-list\">\n\t\t<<clothingShopv2 $shopName \"over_head\" \"non-outfits\">>\n\t</div>\n<</widget>>\n/* 北极星 */\n\n<<widget \"OutfitShop\">>"
  },
  {
    "passage": "Clothing Shop Categories",
    "findString": "\t\t\t<<if $debug is 1>>\n\t\t\t\t<div class=\"category-group\">\n\t\t\t\t\t<<set _active = _args[0] == \"overoutfit\" ? \"active\" : \"\">>\n\t\t\t\t\t<div @class=\"'div-link category-tab ' + _active\">\n\t\t\t\t\t\t<<if $options.images is 1>>\n\t\t\t\t\t\t\t<<clothingcategoryicon \"overoutfit\">>\n\t\t\t\t\t\t<<else>>\n\t\t\t\t\t\t\t<div class=\"category-icon-alt\">全</div>\n\t\t\t\t\t\t<</if>>\n\t\t\t\t\t\t<<link \"\">><<set $shopPage = 0>><<unset $clothes_choice>><<set _shopNameFilter to ''>><<replace \"#clothingShop-div\">><<OverOutfitShop>><</replace>><</link>>\n\t\t\t\t\t</div>\n\t\t\t\t</div>\n\t\t\t<</if>>",
    "replace": "\t\t/* 北极星模组 */\n\t\t<<if $options.bjx_clothes>>\n\t\t    <div class=\"category-group\">\n\t\t\t\n\t\t\t\t<<set _active = _args[0] == \"overoutfit\" ? \"active\" : \"\">>\n    \t\t\t<div @class=\"'div-link category-tab ' + _active\">\n    \t\t\t\t<<if $options.images is 1>>\n    \t\t\t\t\t<<clothingcategoryicon \"overoutfit\">>\n    \t\t\t\t<<else>>\n    \t\t\t\t\t<div class=\"category-icon-alt\">外</div>\n    \t\t\t\t<</if>>\n\t\t\t\t<<link \"\">><<set $shopPage = 0>><<unset $clothes_choice>><<set _shopNameFilter to ''>><<replace \"#clothingShop-div\">><<OverOutfitShop>><</replace>><</link>>\n    \t\t\t</div>\n\n\t\t\t\t<<set _active = _args[0] == \"overupper\" ? \"active\" : \"\">>\n\t\t\t\t<div @class=\"'div-link category-tab ' + _active\">\n\t\t\t\t\t<<if $options.images is 1>>\n\t\t\t\t\t\t<<clothingcategoryicon \"overupper\">>\n\t\t\t\t\t<<else>>\n\t\t\t\t\t\t<div class=\"category-icon-alt\">\uD85D\uDE15</div>\n\t\t\t\t\t<</if>>\n\t\t\t\t\t<<link \"\">><<set $shopPage = 0>><<unset $clothes_choice>><<set _shopNameFilter to ''>><<replace \"#clothingShop-div\">><<OverUpperShop>><</replace>><</link>>\n\t\t\t\t</div>\n\n\t\t\t\t<<set _active = _args[0] == \"overlower\" ? \"active\" : \"\">>\n\t\t\t\t<div @class=\"'div-link category-tab ' + _active\">\n\t\t\t\t\t<<if $options.images is 1>>\n\t\t\t\t\t\t<<clothingcategoryicon \"overlower\">>\n\t\t\t\t\t<<else>>\n\t\t\t\t\t\t<div class=\"category-icon-alt\">\uD85D\uDE14</div>\n\t\t\t\t\t<</if>>\n\t\t\t\t\t<<link \"\">><<set $shopPage = 0>><<unset $clothes_choice>><<set _shopNameFilter to ''>><<replace \"#clothingShop-div\">><<OverLowerShop>><</replace>><</link>>\n\t\t\t\t</div>\n\n\t\t\t\t<<set _active = _args[0] == \"overhead\" ? \"active\" : \"\">>\n    \t\t\t<div @class=\"'div-link category-tab ' + _active\">\n    \t\t\t\t<<if $options.images is 1>>\n    \t\t\t\t\t<<clothingcategoryicon \"overhead\">>\n    \t\t\t\t<<else>>\n    \t\t\t\t\t<div class=\"category-icon-alt\">帽</div>\n    \t\t\t\t<</if>>\n    \t\t\t\t<<link \"\">><<set $shopPage = 0>><<unset $clothes_choice>><<set _shopNameFilter to ''>><<replace \"#clothingShop-div\">><<OverHeadShop>><</replace>><</link>>\n    \t\t\t</div>\n\n\t\t\t</div>\n\t\t<</if>>\n\t\t/* 北极星 */"
  },
  {
    "passage": "Clothing Shop Categories",
    "findString": "\t\t<<case \"overoutfit\">><<replace \"#clothingShop-div\">><<OverOutfitShop>><</replace>>",
    "replace": "\t\t<<case \"overoutfit\">><<replace \"#clothingShop-div\">><<OverOutfitShop>><</replace>>\n\t\t/* 北极星模组 */\n\t\t<<case \"overupper\">><<replace \"#clothingShop-div\">><<OverUpperShop>><</replace>>\n\t\t<<case \"overlower\">><<replace \"#clothingShop-div\">><<OverLowerShop>><</replace>>\n\t\t<<case \"overhead\">><<replace \"#clothingShop-div\">><<OverHeadShop>><</replace>>\n\t\t/* 北极星 */"
  },
  {
    "passage": "Ejaculation Demon",
    "findString": "<<famesex 1>>",
    "replace": "<<famesex 1>>\n\t/* 北极星模组 */\n\t<<set $trauma to 0>>\n    <<set $stress to 0>>\n    <<pass 3 hours>>\n    /* 北极星 */"
  },
  {
    "passage": "Ejaculation Demon",
    "findString": "\tYou pass out from exertion, completely spent, <span class=\"blue\">while the <<person>> roars and continues to work away on your limp body.</span>",
    "replace": "   /* 北极星模组 */\n\t你筋疲力尽，昏了过去，<span class=\"blue\">而那<<person>>依旧在你软弱无力的身体上耕耘着。</span>\n\t<br><br>\n\t等你再次醒来，一个声音在你脑海中想起。\n    <br>\n    \"谢谢你，我玩的很开心。<span class=\"blue\">有缘的话，下次再和你一起玩哟。</span>\"\n    <br><br><br>\n    /* 北极星 */"
  }
]