[
  {
    "passage": "Adult clothing shop widgets",
    "findString": "\t\t\t<<if $debug is 1>>\n\t\t\t\t<<clothingcategoryicon \"overoutfit\">>\n\t\t\t\t<<link \"查看外套套装\">><<replace \"#clothingShop-div\">><<OverOutfitShop>><</replace>><</link>>\n\t\t\t\t<br>\n\t\t\t\t<<clothingcategoryicon \"overoutfit\">>\n\t\t\t\t<<link \"查看外套上装\">><<replace \"#clothingShop-div\">><<OverTopShop>><</replace>><</link>>\n\t\t\t\t<br><br>\n\t\t\t<</if>>",
    "replace": "\t\t\t/* 北极星模组 */\n\t\t\t<<if $options.bjx_clothes>>\n\t\t\t\t<<clothingcategoryicon \"overoutfit\">>\n\t\t\t\t<<link \"查看外套\">><<replace \"#clothingShop-div\">><<OverOutfitShop>><</replace>><</link>>\n\t\t\t\t<br>\n\t\t\t\t<<clothingcategoryicon \"overupper\">>\n    \t\t\t<<link \"查看外套上装\">><<replace \"#clothingShop-div\">><<OverUpperShop>><</replace>><</link>>\n    \t\t\t<br>\n    \t\t\t<<clothingcategoryicon \"overlower\">>\n    \t\t\t<<link \"查看外套下装\">><<replace \"#clothingShop-div\">><<OverLowerShop>><</replace>><</link>>\n    \t\t\t<br>\n\t\t\t\t<<clothingcategoryicon \"overhead\">>\n\t\t\t\t<<link \"查看外帽\">><<replace \"#clothingShop-div\">><<OverHeadShop>><</replace>><</link>>\n    \t\t\t<br><br>\n\t\t\t<</if>>\n\t\t\t/* 北极星 */"
  },
  {
    "passage": "Ambient Weather And Seasonal Event Widgets",
    "findString": "\t\t\t\t\t\t\t\t<<elseif $fallenangel gte 2>>\n\t\t\t\t\t\t\t\t\t你愤怒地在上面踢雪，压抑着痛苦的记忆。",
    "replace": "\t\t\t\t\t\t\t\t<<elseif $fallenangel gte 2>>\n\t\t\t\t\t\t\t\t\t你愤怒地在上面踢雪，压抑着痛苦的记忆。\n\t\t\t\t\t\t\t\t/* 北极星模组 */\n\t\t\t\t\t\t\t\t<<elseif $demonhunter gte 2>>\n\t\t\t\t\t\t\t\t\t你的心中只有复仇的烈火，对这种幼稚的行为不屑一顾。\n\t\t\t\t\t\t\t\t/* 北极星 */"
  },
  {
    "passage": "Ambient Weather And Seasonal Event Widgets",
    "findString": "\t\t\t\t\t\t\t你注意到前方一段距离有一头鹿正紧紧地挤在它的幼崽身边，为了在雪中让幼崽也能保持温暖。为了不打扰他们，你决定绕道走。<<stress -3>><<lstress>>",
    "replace": "\t\t\t\t\t\t    /* 北极星模组 */\n\t\t\t\t\t\t\t你注意到前方一段距离有一头鹿正紧紧地挤在它的幼崽身边，为了在雪中让幼崽也能保持温暖。为了不打扰他们，你决定绕道走。<<stress -3>><<lstress>><<transform deer 1>>\n\t\t\t\t\t\t\t/* 北极星 */"
  },
  {
    "passage": "Ambient Weather And Seasonal Event Widgets",
    "findString": "\t\t\t\t\t\t你看到一只鹿正庇护它的孩子躲避雨水。<<stress -3>><<lstress>>",
    "replace": "\t\t\t\t\t    /* 北极星模组 */\n\t\t\t\t\t\t你看到一只鹿正庇护它的孩子躲避雨水。<<stress -3>><<lstress>><<transform deer 1>>\n\t\t\t\t\t\t/* 北极星 */"
  },
  {
    "passage": "Asylum Widgets",
    "findString": "\t\t\t<<link [[偷门禁卡|Asylum Keycard]]>><</link>><<skulduggerydifficulty>> <<note \"该动作在低嫌疑时会更容易\" \"italic\">>",
    "replace": "\t\t\t/* 北极星模组 */\n\t\t\t<<link [[偷走钥匙卡|Asylum Keycard]]>><<set $skulduggeryhands to 1>><</link>><<skulduggerydifficulty>> <<note \"该动作在低嫌疑时会更容易\" \"italic\">>\n\t\t\t/* 北极星 */",
    "all": true
  },
  {
    "passage": "Clothes Testing",
    "findString": "\t\t\tfoxTailLayer:\"front\",\n\t\t\tfoxCheeks:\"hidden\",",
    "replace": "\t\t\tfoxTailLayer:\"front\",\n\t\t\tfoxCheeks:\"hidden\",\n\t\t\t/* 北极星模组 */\n\t\t\tbeeEars:\"hidden\",\n\t\t\tbeeWings:\"hidden\",\n\t\t\tbeeWingsLeftType:\"idle\",\n\t\t\tbeeWingsRightType:\"idle\",\n\t\t\tbeeTail:\"hidden\",\n\t\t\tbearEars:\"hidden\",\n\t\t\tbearTail:\"hidden\",\n\t\t\tdeerEars:\"hidden\",\n\t\t\tdeerHorns:\"hidden\",\n\t\t\tdeerTail:\"hidden\",\n\t\t\tdragonEyes:\"hidden\",\n\t\t\tdragonHorns:\"hidden\",\n\t\t\tdragonWings:\"hidden\",\n\t\t\tdragonWingsLeftType:\"idle\",\n\t\t\tdragonWingsRightType:\"idle\",\n\t\t\tdragonTail:\"hidden\",\n\t\t\tlizardEyes:\"hidden\",\n\t\t\tlizardHorns:\"hidden\",\n\t\t\tlizardTail:\"hidden\",\n\t\t\tsheepEars:\"hidden\",\n\t\t\tsheepHorns:\"hidden\",\n\t\t\tsheepTail:\"hidden\",\n\t\t\tdolphinTail:\"hidden\",\n\t\t\tdogEars:\"hidden\",\n\t\t\tdogTail:\"hidden\",\n\t\t\traccoonEars:\"hidden\",\n\t\t\traccoonMask:\"hidden\",\n\t\t\traccoonTail:\"hidden\",\n\t\t\tfishFins:\"hidden\",\n\t\t\tfishTail:\"hidden\",\n\t\t\thorseEars:\"hidden\",\n\t\t\thorseTail:\"hidden\",\n\t\t\tspiderEyes:\"hidden\",\n\t\t\tspiderTail:\"hidden\",\n\t\t\tfrogEyes:\"hidden\",\n\t\t\tfrogCheeks:\"hidden\",\n\t\t\tpigEars:\"hidden\",\n\t\t\tpigTail:\"hidden\",\n\t\t\t/* 北极星 */"
  },
  {
    "passage": "clothesTestingImageGenerate",
    "findString": "\t<<listbox \"$characterViewer.bodyState.foxTailLayer\" autoselect>>\n\t\t<<option \"前面\" \"front\">>\n\t\t<<option \"背面\" \"back\">>\n\t<</listbox>>\n\t<br><br>",
    "replace": "\t<<listbox \"$characterViewer.bodyState.foxTailLayer\" autoselect>>\n\t\t<<option \"前面\" \"front\">>\n\t\t<<option \"背面\" \"back\">>\n\t<</listbox>>\n\t<br><br>\n\t\n\t/* 北极星模组 */\n\t<span class=\"gold\">蜜蜂:</span>\n\t<br>\n\t耳朵:\n\t<<listbox \"$characterViewer.bodyState.beeEars\" autoselect>>\n\t\t<<option \"隐藏\" \"hidden\">>\n\t\t<<option \"默认\" \"default\">>\n\t<</listbox>>\n\t||\n\t尾巴:\n\t<<listbox \"$characterViewer.bodyState.beeTail\" autoselect>>\n\t\t<<option \"隐藏\" \"hidden\">>\n\t\t<<option \"默认\" \"default\">>\n\t<</listbox>>\n\t<br>\n\t翅膀:\n\t<<listbox \"$characterViewer.bodyState.beeWings\" autoselect>>\n\t\t<<option \"隐藏\" \"hidden\">>\n\t\t<<option \"默认\" \"default\">>\n\t<</listbox>>\n\t||\n\t左翼类型:\n\t<<listbox \"$characterViewer.bodyState.beeWingsLeftType\" autoselect>>\n\t\t<<option \"正常\" \"idle\">>\n\t\t<<option \"覆盖\" \"cover\">>\n\t<</listbox>>\n\t||\n\t右翼类型:\n\t<<listbox \"$characterViewer.bodyState.beeWingsRightType\" autoselect>>\n\t\t<<option \"正常\" \"idle\">>\n\t\t<<option \"覆盖\" \"cover\">>\n\t<</listbox>>\n\t<br><br>\n\n\t<span class=\"gold\">熊:</span>\n\t<br>\n\t耳朵:\n\t<<listbox \"$characterViewer.bodyState.bearEars\" autoselect>>\n\t\t<<option \"隐藏\" \"hidden\">>\n\t\t<<option \"默认\" \"default\">>\n\t<</listbox>>\n\t||\n\t尾巴:\n\t<<listbox \"$characterViewer.bodyState.bearTail\" autoselect>>\n\t\t<<option \"隐藏\" \"hidden\">>\n\t\t<<option \"默认\" \"default\">>\n\t<</listbox>>\n\t<br><br>\n\n\t<span class=\"gold\">鹿:</span>\n\t<br>\n\t角:\n\t<<listbox \"$characterViewer.bodyState.deerHorns\" autoselect>>\n\t\t<<option \"隐藏\" \"hidden\">>\n\t\t<<option \"默认\" \"default\">>\n\t<</listbox>>\n\t||\n\t耳朵:\n\t<<listbox \"$characterViewer.bodyState.deerEars\" autoselect>>\n\t\t<<option \"隐藏\" \"hidden\">>\n\t\t<<option \"默认\" \"default\">>\n\t<</listbox>>\n\t||\n\t尾巴:\n\t<<listbox \"$characterViewer.bodyState.deerTail\" autoselect>>\n\t\t<<option \"隐藏\" \"hidden\">>\n\t\t<<option \"默认\" \"default\">>\n\t<</listbox>>\n\t<br><br>\n\n\t<span class=\"gold\">龙:</span>\n\t<br>\n\t角:\n\t<<listbox \"$characterViewer.bodyState.dragonHorns\" autoselect>>\n\t\t<<option \"隐藏\" \"hidden\">>\n\t\t<<option \"默认\" \"default\">>\n\t<</listbox>>\n\t||\n\t眼睛:\n\t<<listbox \"$characterViewer.bodyState.dragonEyes\" autoselect>>\n\t\t<<option \"隐藏\" \"hidden\">>\n\t\t<<option \"默认\" \"default\">>\n\t<</listbox>>\n\t||\n\t尾巴:\n\t<<listbox \"$characterViewer.bodyState.dragonTail\" autoselect>>\n\t\t<<option \"隐藏\" \"hidden\">>\n\t\t<<option \"默认\" \"default\">>\n\t<</listbox>>\n\t翅膀:\n\t<<listbox \"$characterViewer.bodyState.dragonWings\" autoselect>>\n\t\t<<option \"隐藏\" \"hidden\">>\n\t\t<<option \"默认\" \"default\">>\n\t<</listbox>>\n\t||\n\t左翼类型:\n\t<<listbox \"$characterViewer.bodyState.dragonWingsLeftType\" autoselect>>\n\t\t<<option \"正常\" \"idle\">>\n\t\t<<option \"覆盖\" \"cover\">>\n\t<</listbox>>\n\t||\n\t右翼类型:\n\t<<listbox \"$characterViewer.bodyState.dragonWingsRightType\" autoselect>>\n\t\t<<option \"正常\" \"idle\">>\n\t\t<<option \"覆盖\" \"cover\">>\n\t<</listbox>>\n\t<br><br>\n\n\t<span class=\"gold\">蜥蜴:</span>\n\t<br>\n\t角:\n\t<<listbox \"$characterViewer.bodyState.lizardHorns\" autoselect>>\n\t\t<<option \"隐藏\" \"hidden\">>\n\t\t<<option \"默认\" \"default\">>\n\t<</listbox>>\n\t||\n\t眼睛:\n\t<<listbox \"$characterViewer.bodyState.lizardEyes\" autoselect>>\n\t\t<<option \"隐藏\" \"hidden\">>\n\t\t<<option \"默认\" \"default\">>\n\t<</listbox>>\n\t||\n\t尾巴:\n\t<<listbox \"$characterViewer.bodyState.lizardTail\" autoselect>>\n\t\t<<option \"隐藏\" \"hidden\">>\n\t\t<<option \"默认\" \"default\">>\n\t<</listbox>>\n\t<br><br>\n\n\t<span class=\"gold\">羊:</span>\n\t<br>\n\t角:\n\t<<listbox \"$characterViewer.bodyState.sheepHorns\" autoselect>>\n\t\t<<option \"隐藏\" \"hidden\">>\n\t\t<<option \"默认\" \"default\">>\n\t<</listbox>>\n\t||\n\t耳朵:\n\t<<listbox \"$characterViewer.bodyState.sheepEars\" autoselect>>\n\t\t<<option \"隐藏\" \"hidden\">>\n\t\t<<option \"默认\" \"default\">>\n\t<</listbox>>\n\t||\n\t尾巴:\n\t<<listbox \"$characterViewer.bodyState.sheepTail\" autoselect>>\n\t\t<<option \"隐藏\" \"hidden\">>\n\t\t<<option \"默认\" \"default\">>\n\t<</listbox>>\n\t<br><br>\n\n\t<span class=\"gold\">狗:</span>\n\t<br>\n\t耳朵:\n\t<<listbox \"$characterViewer.bodyState.dogEars\" autoselect>>\n\t\t<<option \"隐藏\" \"hidden\">>\n\t\t<<option \"默认\" \"default\">>\n\t<</listbox>>\n\t||\n\t尾巴:\n\t<<listbox \"$characterViewer.bodyState.dogTail\" autoselect>>\n\t\t<<option \"隐藏\" \"hidden\">>\n\t\t<<option \"默认\" \"default\">>\n\t<</listbox>>\n\t<br><br>\n\n\t<span class=\"gold\">浣熊:</span>\n\t<br>\n\t耳朵:\n\t<<listbox \"$characterViewer.bodyState.raccoonEars\" autoselect>>\n\t\t<<option \"隐藏\" \"hidden\">>\n\t\t<<option \"默认\" \"default\">>\n\t<</listbox>>\n\t||\n\t面具:\n\t<<listbox \"$characterViewer.bodyState.raccoonMask\" autoselect>>\n\t\t<<option \"隐藏\" \"hidden\">>\n\t\t<<option \"默认\" \"default\">>\n\t<</listbox>>\n\t||\n\t尾巴:\n\t<<listbox \"$characterViewer.bodyState.raccoonTail\" autoselect>>\n\t\t<<option \"隐藏\" \"hidden\">>\n\t\t<<option \"默认\" \"default\">>\n\t<</listbox>>\n\t<br><br>\n\n\t<span class=\"gold\">鱼:</span>\n\t<br>\n\t鱼鳍:\n\t<<listbox \"$characterViewer.bodyState.fishFins\" autoselect>>\n\t\t<<option \"隐藏\" \"hidden\">>\n\t\t<<option \"默认\" \"default\">>\n\t<</listbox>>\n\t||\n\t尾巴:\n\t<<listbox \"$characterViewer.bodyState.fishTail\" autoselect>>\n\t\t<<option \"隐藏\" \"hidden\">>\n\t\t<<option \"默认\" \"default\">>\n\t<</listbox>>\n\t<br><br>\n\n\t<span class=\"gold\">马:</span>\n\t<br>\n\t耳朵:\n\t<<listbox \"$characterViewer.bodyState.horseEars\" autoselect>>\n\t\t<<option \"隐藏\" \"hidden\">>\n\t\t<<option \"默认\" \"default\">>\n\t<</listbox>>\n\t||\n\t尾巴:\n\t<<listbox \"$characterViewer.bodyState.horseTail\" autoselect>>\n\t\t<<option \"隐藏\" \"hidden\">>\n\t\t<<option \"默认\" \"default\">>\n\t<</listbox>>\n\t<br><br>\n\t\n\t<span class=\"gold\">蜘蛛:</span>\n\t<br>\n\t眼睛:\n\t<<listbox \"$characterViewer.bodyState.spiderEyes\" autoselect>>\n\t\t<<option \"隐藏\" \"hidden\">>\n\t\t<<option \"默认\" \"default\">>\n\t<</listbox>>\n\t||\n\t尾巴:\n\t<<listbox \"$characterViewer.bodyState.spiderTail\" autoselect>>\n\t\t<<option \"隐藏\" \"hidden\">>\n\t\t<<option \"默认\" \"default\">>\n\t<</listbox>>\n\t<br><br>\n\t\n\t<span class=\"gold\">青蛙:</span>\n\t<br>\n\t眼睛:\n\t<<listbox \"$characterViewer.bodyState.frogEyes\" autoselect>>\n\t\t<<option \"隐藏\" \"hidden\">>\n\t\t<<option \"默认\" \"default\">>\n\t<</listbox>>\n\t||\n\t脸颊:\n\t<<listbox \"$characterViewer.bodyState.frogCheeks\" autoselect>>\n\t\t<<option \"隐藏\" \"hidden\">>\n\t\t<<option \"默认\" \"default\">>\n\t<</listbox>>\n\t<br><br>\n\t\n\t<span class=\"gold\">猪:</span>\n\t<br>\n\t耳朵:\n\t<<listbox \"$characterViewer.bodyState.pigEars\" autoselect>>\n\t\t<<option \"隐藏\" \"hidden\">>\n\t\t<<option \"默认\" \"default\">>\n\t<</listbox>>\n\t||\n\t尾巴:\n\t<<listbox \"$characterViewer.bodyState.pigTail\" autoselect>>\n\t\t<<option \"隐藏\" \"hidden\">>\n\t\t<<option \"默认\" \"default\">>\n\t<</listbox>>\n\t<br><br>\n\n\t<span class=\"gold\">海豚:</span>\n\t<br>\n\t尾巴:\n\t<<listbox \"$characterViewer.bodyState.dolphinTail\" autoselect>>\n\t\t<<option \"隐藏\" \"hidden\">>\n\t\t<<option \"默认\" \"default\">>\n\t<</listbox>>\n\t<br><br>\n\t/* 北极星 */"
  },
  {
    "passage": "clothesTestingImageGenerate",
    "findString": "\t<<set _modeloptions.fox_ears_type to $characterViewer.bodyState.foxEars>>\n\t<<set _modeloptions.fox_cheeks_type to $characterViewer.bodyState.foxCheeks>>",
    "replace": "\t<<set _modeloptions.fox_ears_type to $characterViewer.bodyState.foxEars>>\n\t<<set _modeloptions.fox_cheeks_type to $characterViewer.bodyState.foxCheeks>>\n\t/* 北极星模组 */\n\t<<set _modeloptions.bee_tail_type to $characterViewer.bodyState.beeTail>>\n\t<<set _modeloptions.bee_ears_type to $characterViewer.bodyState.beeEars>>\n\t<<set _modeloptions.bee_wings_type to $characterViewer.bodyState.beeWings>>\n\t<<set _modeloptions.bee_wing_right to $characterViewer.bodyState.beeWingsRightType>>\n\t<<set _modeloptions.bee_wing_left to $characterViewer.bodyState.beeWingsLeftType>>\n\t<<set _modeloptions.bear_tail_type to $characterViewer.bodyState.bearTail>>\n\t<<set _modeloptions.bear_ears_type to $characterViewer.bodyState.bearEars>>\n\t<<set _modeloptions.deer_tail_type to $characterViewer.bodyState.deerTail>>\n\t<<set _modeloptions.deer_ears_type to $characterViewer.bodyState.deerEars>>\n\t<<set _modeloptions.deer_horns_type to $characterViewer.bodyState.deerHorns>>\n\t<<set _modeloptions.dragon_tail_type to $characterViewer.bodyState.dragonTail>>\n\t<<set _modeloptions.dragon_eyes_type to $characterViewer.bodyState.dragonEyes>>\n\t<<set _modeloptions.dragon_horns_type to $characterViewer.bodyState.dragonHorns>>\n\t<<set _modeloptions.dragon_wings_type to $characterViewer.bodyState.dragonWings>>\n\t<<set _modeloptions.dragon_wing_right to $characterViewer.bodyState.dragonWingsRightType>>\n\t<<set _modeloptions.dragon_wing_left to $characterViewer.bodyState.dragonWingsLeftType>>\n\t<<set _modeloptions.lizard_tail_type to $characterViewer.bodyState.lizardTail>>\n\t<<set _modeloptions.lizard_eyes_type to $characterViewer.bodyState.lizardEyes>>\n\t<<set _modeloptions.lizard_horns_type to $characterViewer.bodyState.lizardHorns>>\n\t<<set _modeloptions.sheep_tail_type to $characterViewer.bodyState.sheepTail>>\n\t<<set _modeloptions.sheep_ears_type to $characterViewer.bodyState.sheepEars>>\n\t<<set _modeloptions.sheep_horns_type to $characterViewer.bodyState.sheepHorns>>\n\t<<set _modeloptions.dolphin_tail_type to $characterViewer.bodyState.dolphinTail>>\n\t<<set _modeloptions.dog_tail_type to $characterViewer.bodyState.dogTail>>\n\t<<set _modeloptions.dog_ears_type to $characterViewer.bodyState.dogEars>>\n\t<<set _modeloptions.horse_ears_type to $characterViewer.bodyState.horseEars>>\n\t<<set _modeloptions.horse_tail_type to $characterViewer.bodyState.horseTail>>\n\t<<set _modeloptions.pig_ears_type to $characterViewer.bodyState.pigEars>>\n\t<<set _modeloptions.pig_tail_type to $characterViewer.bodyState.pigTail>>\n\t<<set _modeloptions.spider_eyes_type to $characterViewer.bodyState.spiderEyes>>\n\t<<set _modeloptions.spider_tail_type to $characterViewer.bodyState.spiderTail>>\n\t<<set _modeloptions.frog_eyes_type to $characterViewer.bodyState.frogEyes>>\n\t<<set _modeloptions.frog_cheeks_type to $characterViewer.bodyState.frogCheeks>>\n\t<<set _modeloptions.raccoon_ears_type to $characterViewer.bodyState.raccoonEars>>\n\t<<set _modeloptions.raccoon_mask_type to $characterViewer.bodyState.raccoonMask>>\n\t<<set _modeloptions.raccoon_tail_type to $characterViewer.bodyState.raccoonTail>>\n\t<<set _modeloptions.fish_fins_type to $characterViewer.bodyState.fishFins>>\n\t<<set _modeloptions.fish_tail_type to $characterViewer.bodyState.fishTail>>\n\t<<set _modeloptions.horse_ears_type to $characterViewer.bodyState.horseEars>>\n\t<<set _modeloptions.horse_tail_type to $characterViewer.bodyState.horseTail>>\n\t/* 北极星 */"
  },
  {
    "passage": "Clothing Shop Categories",
    "findString": "<<widget \"OutfitShop\">>",
    "replace": "/* 北极星模组 */\n<<widget \"OverUpperShop\">>\n\t<<set $outside to 0>><<effects>>\n\n\t<<if $clothes_choice and $clothes_choice_previous>>\n\t\t<<if $clothes_choice is $clothes_choice_previous>>\n\t\t\t<<shopbuyv2 \"over_upper\">>\n\t\t<<else>>\n\t\t\t<<shopbuyv2 \"over_upper\" \"reset\">>\n\t\t<</if>>\n\t<<else>>\n\t\t<<shopbuyv2 \"over_upper\" \"reset\">>\n\t<</if>>\n\n\t<div id=\"clothes-list\" class=\"clothes-list\">\n\t\t<<clothingShopv2 $shopName \"over_upper\" \"non-outfits\">>\n\t</div>\n<</widget>>\n\n<<widget \"OverLowerShop\">>\n\t<<set $outside to 0>><<effects>>\n\n\t<<if $clothes_choice and $clothes_choice_previous>>\n\t\t<<if $clothes_choice is $clothes_choice_previous>>\n\t\t\t<<shopbuyv2 \"over_lower\">>\n\t\t<<else>>\n\t\t\t<<shopbuyv2 \"over_lower\" \"reset\">>\n\t\t<</if>>\n\t<<else>>\n\t\t<<shopbuyv2 \"over_lower\" \"reset\">>\n\t<</if>>\n\n\t<div id=\"clothes-list\" class=\"clothes-list\">\n\t\t<<clothingShopv2 $shopName \"over_lower\">>\n\t</div>\n<</widget>>\n\n<<widget \"OverHeadShop\">>\n\t<<set $outside to 0>><<effects>>\n\n\t<<if $clothes_choice and $clothes_choice_previous>>\n\t\t<<if $clothes_choice is $clothes_choice_previous>>\n\t\t\t<<shopbuyv2 \"over_head\">>\n\t\t<<else>>\n\t\t\t<<shopbuyv2 \"over_head\" \"reset\">>\n\t\t<</if>>\n\t<<else>>\n\t\t<<shopbuyv2 \"over_head\" \"reset\">>\n\t<</if>>\n\n\t<div id=\"clothes-list\" class=\"clothes-list\">\n\t\t<<clothingShopv2 $shopName \"over_head\" \"non-outfits\">>\n\t</div>\n<</widget>>\n/* 北极星 */\n\n<<widget \"OutfitShop\">>"
  },
  {
    "passage": "Clothing Shop Categories",
    "findString": "\t\t\t<<if $debug is 1>>\n\t\t\t\t<div class=\"category-group\">\n\t\t\t\t\t<<set _active = _args[0] == \"overoutfit\" ? \"active\" : \"\">>\n\t\t\t\t\t<div @class=\"'div-link category-tab ' + _active\">\n\t\t\t\t\t\t<<if $options.images is 1>>\n\t\t\t\t\t\t\t<<clothingcategoryicon \"overoutfit\">>\n\t\t\t\t\t\t<<else>>\n\t\t\t\t\t\t\t<div class=\"category-icon-alt\">全</div>\n\t\t\t\t\t\t<</if>>\n\t\t\t\t\t\t<<link \"\">><<set $shopPage = 0>><<unset $clothes_choice>><<set _shopNameFilter to ''>><<replace \"#clothingShop-div\">><<OverOutfitShop>><</replace>><</link>>\n\t\t\t\t\t</div>\n\t\t\t\t</div>\n\t\t\t<</if>>",
    "replace": "\t\t/* 北极星模组 */\n\t\t<<if $options.bjx_clothes>>\n\t\t    <div class=\"category-group\">\n\t\t\t\n\t\t\t\t<<set _active = _args[0] == \"overoutfit\" ? \"active\" : \"\">>\n    \t\t\t<div @class=\"'div-link category-tab ' + _active\">\n    \t\t\t\t<<if $options.images is 1>>\n    \t\t\t\t\t<<clothingcategoryicon \"overoutfit\">>\n    \t\t\t\t<<else>>\n    \t\t\t\t\t<div class=\"category-icon-alt\">外</div>\n    \t\t\t\t<</if>>\n\t\t\t\t<<link \"\">><<set $shopPage = 0>><<unset $clothes_choice>><<set _shopNameFilter to ''>><<replace \"#clothingShop-div\">><<OverOutfitShop>><</replace>><</link>>\n    \t\t\t</div>\n\n\t\t\t\t<<set _active = _args[0] == \"overupper\" ? \"active\" : \"\">>\n\t\t\t\t<div @class=\"'div-link category-tab ' + _active\">\n\t\t\t\t\t<<if $options.images is 1>>\n\t\t\t\t\t\t<<clothingcategoryicon \"overupper\">>\n\t\t\t\t\t<<else>>\n\t\t\t\t\t\t<div class=\"category-icon-alt\">\uD85D\uDE15</div>\n\t\t\t\t\t<</if>>\n\t\t\t\t\t<<link \"\">><<set $shopPage = 0>><<unset $clothes_choice>><<set _shopNameFilter to ''>><<replace \"#clothingShop-div\">><<OverUpperShop>><</replace>><</link>>\n\t\t\t\t</div>\n\n\t\t\t\t<<set _active = _args[0] == \"overlower\" ? \"active\" : \"\">>\n\t\t\t\t<div @class=\"'div-link category-tab ' + _active\">\n\t\t\t\t\t<<if $options.images is 1>>\n\t\t\t\t\t\t<<clothingcategoryicon \"overlower\">>\n\t\t\t\t\t<<else>>\n\t\t\t\t\t\t<div class=\"category-icon-alt\">\uD85D\uDE14</div>\n\t\t\t\t\t<</if>>\n\t\t\t\t\t<<link \"\">><<set $shopPage = 0>><<unset $clothes_choice>><<set _shopNameFilter to ''>><<replace \"#clothingShop-div\">><<OverLowerShop>><</replace>><</link>>\n\t\t\t\t</div>\n\n\t\t\t\t<<set _active = _args[0] == \"overhead\" ? \"active\" : \"\">>\n    \t\t\t<div @class=\"'div-link category-tab ' + _active\">\n    \t\t\t\t<<if $options.images is 1>>\n    \t\t\t\t\t<<clothingcategoryicon \"overhead\">>\n    \t\t\t\t<<else>>\n    \t\t\t\t\t<div class=\"category-icon-alt\">帽</div>\n    \t\t\t\t<</if>>\n    \t\t\t\t<<link \"\">><<set $shopPage = 0>><<unset $clothes_choice>><<set _shopNameFilter to ''>><<replace \"#clothingShop-div\">><<OverHeadShop>><</replace>><</link>>\n    \t\t\t</div>\n\n\t\t\t</div>\n\t\t<</if>>\n\t\t/* 北极星 */"
  },
  {
    "passage": "Clothing Shop Categories",
    "findString": "\t\t<<case \"overoutfit\">><<replace \"#clothingShop-div\">><<OverOutfitShop>><</replace>>",
    "replace": "\t\t<<case \"overoutfit\">><<replace \"#clothingShop-div\">><<OverOutfitShop>><</replace>>\n\t\t/* 北极星模组 */\n\t\t<<case \"overupper\">><<replace \"#clothingShop-div\">><<OverUpperShop>><</replace>>\n\t\t<<case \"overlower\">><<replace \"#clothingShop-div\">><<OverLowerShop>><</replace>>\n\t\t<<case \"overhead\">><<replace \"#clothingShop-div\">><<OverHeadShop>><</replace>>\n\t\t/* 北极星 */"
  },
  {
    "passage": "Clothing Shop Widgets",
    "findString": "\t\t\t<<if $debug is 1>>\n\t\t\t\t<<clothingcategoryicon \"overoutfit\">>\n\t\t\t\t<<link \"浏览外衣套装\">><<replace \"#clothingShop-div\">><<OverOutfitShop>><</replace>><</link>>\n\t\t\t\t<br><br>\n\t\t\t<</if>>",
    "replace": "\t\t\t/* 北极星模组 */\n\t\t\t<<if $options.bjx_clothes>>\n\t\t\t\t<<clothingcategoryicon \"overoutfit\">>\n\t\t\t\t<<link \"查看外套\">><<replace \"#clothingShop-div\">><<OverOutfitShop>><</replace>><</link>>\n\t\t\t\t<br>\n\t\t\t\t<<clothingcategoryicon \"overupper\">>\n    \t\t\t<<link \"查看外套上装\">><<replace \"#clothingShop-div\">><<OverUpperShop>><</replace>><</link>>\n    \t\t\t<br>\n    \t\t\t<<clothingcategoryicon \"overlower\">>\n    \t\t\t<<link \"查看外套下装\">><<replace \"#clothingShop-div\">><<OverLowerShop>><</replace>><</link>>\n    \t\t\t<br>\n\t\t\t\t<<clothingcategoryicon \"overhead\">>\n\t\t\t\t<<link \"查看外帽\">><<replace \"#clothingShop-div\">><<OverHeadShop>><</replace>><</link>>\n    \t\t\t<br><br>\n\t\t\t<</if>>\n\t\t\t/* 北极星 */"
  },
  {
    "passage": "Ejaculation Demon",
    "findString": "<<famesex 1>>",
    "replace": "<<famesex 1>>\n\t/* 北极星模组 */\n\t<<set $trauma to 0>>\n    <<set $stress to 0>>\n    <<pass 3 hours>>\n    /* 北极星 */"
  },
  {
    "passage": "Ejaculation Demon",
    "findString": "\tYou pass out from exertion, completely spent, <span class=\"blue\">while the <<person>> roars and continues to work away on your limp body.</span>",
    "replace": "   /* 北极星模组 */\n\t你筋疲力尽，昏了过去，<span class=\"blue\">而那<<person>>依旧在你软弱无力的身体上耕耘着。</span>\n\t<br><br>\n\t等你再次醒来，一个声音在你脑海中想起。\n    <br>\n    \"谢谢你，我玩的很开心。<span class=\"blue\">有缘的话，下次再和你一起玩哟。</span>\"\n    <br><br><br>\n    /* 北极星 */"
  },
  {
    "passage": "Farm Widgets",
    "findString": "\t<<if $farm_stage isnot 12 and $farm_work.alex is \"clearing\" and ($exposed lt 2 or $exhibitionism gte 75) and Time.dayState isnot \"night\">>\n\t\t<<farmicon \"clear yard\">><<link [[帮助艾利克斯开垦农田 (0:20)|Farm Clearing]]>><<farm_count 20>><<pass 20>><<tiredness 2>><<physique 2>><<set $farm.clearing -= 1>><</link>><<gtiredness>><<run _actions++>>\n\t\t<br>\n\t<</if>>\n\t<<if $farm_stage isnot 12 and $farm_stage gte 7 and _actions is 0 and $farm_work.alex isnot \"clearing\" and ($exposed lt 2 or $exhibitionism gte 75)>>\n\t\t<<farmicon \"clear yard\">><<link [[独自开垦农田 (0:40)|Farm Clearing Alone]]>><<farm_count 40>><<pass 40>><<tiredness 4>><<physique 3>><<set $farm.clearing -= 1>><</link>><<ggtiredness>><<run _actions++>>\n\t\t<br>\n\t<</if>>\n\n\t<<if (_actions lt 2 or $farm_stage lt 7) and ($farm_work.alex isnot \"relax\" or $exposed gte 0)>>\n\t\t<!-- as worker you can be lazy any time, but as partner you only get that luxury when there's (nearly) nothing else to do.\n\t\t\talso, if Alex is resting you should join them unless you're too naked for comfort -->\n\t\t<<relaxicon>><<link [[在马厩附近休息 (0:15)|Farm Stables Rest]]>><<pass 15>><<stress -2>><</link>><<lstress>>\n\t<</if>>",
    "replace": "\t/* 北极星模组 */\n\t<<if $farm_stage isnot 12 and $farm_work.alex is \"clearing\" and ($exposed lt 2 or $exhibitionism gte 75) and Time.dayState isnot \"night\">>\n\t\t<<farmicon \"clear yard\">><<link [[帮艾历克斯开垦农田(0:20)|Farm Clearing]]>><<physique 2>><<farm_clear>><</link>><<gtiredness>><<run _actions++>>\n\t\t<br>\n\t<</if>>\n\t<<if $farm_stage isnot 12 and $farm_stage gte 7 and $farm_work.alex isnot \"clearing\" and ($exposed lt 2 or $exhibitionism gte 75)>>\n\t\t<<farmicon \"clear yard\">><<link [[独自开垦农田(0:40)|Farm Clearing Alone]]>><<physique 3>><<farm_clear>><</link>><<ggtiredness>><<run _actions++>>\n\t\t<br>\n\t<</if>>\n\t/* 北极星 */\n\n\t<<if (_actions lt 2 or $farm_stage lt 7) and ($farm_work.alex isnot \"relax\" or $exposed gte 0)>>\n\t\t<!-- as worker you can be lazy any time, but as partner you only get that luxury when there's (nearly) nothing else to do.\n\t\t\talso, if Alex is resting you should join them unless you're too naked for comfort -->\n\t\t/* 北极星模组 */\n\t\t<<relaxicon>><<link [[在马厩附近休息(0:15)|Farm Stables Rest]]>><<pass 15>><<stress -2>><<tiredness -3>><</link>><<lstress>><<ltiredness>>\n\t\t/* 北极星 */\n\t<</if>>"
  },
  {
    "passage": "Farm Widgets",
    "findString": "<<link [[\"用手挤奶 (0:\" + String(_cattleMilkHand).padStart(2, '0') + \")\"|Farm Cattle Milk Hand]]>><<farm_yield 1>><<set $cattle_milked += 1>><<set $farm_work.cattle_milked += 1>><<tending 1>><<farm_cattle 1>><<set $phase to _cattleMilkHand>><<pass _cattleMilkHand>><</link>><<deviant1>><<gfarm>><<gtending>><<grespect>>",
    "replace": "/* 北极星模组 */\n\t\t<<link [[\"用手挤奶 (0:\" + String(_cattleMilkHand).padStart(2, '0') + \")\"|Farm Cattle Milk Hand]]>><<farm_yield 1>><<set $cattle_milked += 1>><<set $farm_work.cattle_milked += 1>><<tending 1>><<set $handskill += 1>><<farm_cattle 1>><<set $phase to _cattleMilkHand>><<pass _cattleMilkHand>><</link>><<deviant1>><<gfarm>><<gtending>><<ghandskill>><<grespect>>\n\t\t/* 北极星 */"
  },
  {
    "passage": "Farm Widgets",
    "findString": "<<link [[用嘴挤奶 (0:03)|Farm Cattle Milk Mouth]]>><<set $cattle_milked += 1>><<set $farm_work.cattle_milked += 1>><<tending 1>><<farm_count 3>><</link>><<deviant4>><<gtending>>",
    "replace": "/* 北极星模组 */\n\t\t    <<link [[用嘴挤奶(0:03)|Farm Cattle Milk Mouth]]>><<set $cattle_milked += 1>><<set $farm_work.cattle_milked += 1>><<tending 1>><<farm_count 3>><<oralskill 1>><</link>><<deviant4>><<gtending>><<goralskill>>\n\t\t\t/* 北极星 */"
  },
  {
    "passage": "Farm Widgets",
    "findString": "<<widget \"guard_skill_text\">>\n\t<<if _args[0] is \"tower\" and $farm.tower_guard_skill isnot undefined>>\n\t\t<<set _guard_skill to $farm.tower_guard_skill>>",
    "replace": "<<widget \"guard_skill_text\">>\n\t<<if _args[0] is \"tower\" and $farm.tower_guard_skill isnot undefined>>\n\t\t<<set _guard_skill to $farm.tower_guard_skill>>\n\t/* 北极星模组 */\n\t<<elseif _args[0] is \"lakehouse_tower\" and $lakehouse.tower_guard_skill isnot undefined>>\n\t\t<<set _guard_skill to $lakehouse.tower_guard_skill>>\n\t<<elseif _args[0] is \"lakehouse_post\" and $lakehouse.post_guard_skill isnot undefined>>\n\t\t<<set _guard_skill to $lakehouse.post_guard_skill>>\n\t/* 北极星 */"
  },
  {
    "passage": "Farm Widgets",
    "findString": "\t\t农场灌溉：\n\t\t<<if $farm.irrigation gte 9>>",
    "replace": "\t\t/* 北极星模组 */\n\t\t拖拉机:\n\t\t<<if $farm isnot undefined>>\n\t\t\t<<if $farm.tractor is undefined>>\n\t\t\t\t<<set $farm.tractor = 0>>\n\t\t\t<</if>>\n\t\t<</if>>\n\t\t<<if $farm.tractor gte 3>>\n\t\t\t<span class=\"green\">最大马力</span>\n\t\t<<elseif $farm.tractor gte 2>>\n\t\t\t<<link [[升级|Farm Upgrades Tractor 3]]>><</link>>\n\t\t<<elseif $farm.tractor gte 1>>\n\t\t\t<<link [[升级|Farm Upgrades Tractor 2]]>><</link>>\n\t\t<<else>>\n\t\t\t<<link [[购买|Farm Upgrades Tractor 1]]>><</link>>\n\t\t<</if>>\n\t\t<br>\n\t\t<<if $farm.tractor gte 1>>\n\t\t\t犁:\n\t\t\t<<if $farm.tractorplough is true>>\n\t\t\t\t<span class=\"green\">已购买</span>\n\t\t\t<<else>>\n\t\t\t\t<<link [[购买|Farm Upgrades Tractor Plough]]>><</link>>\n\t\t\t<</if>>\n\t\t\t<br>\n\t\t\t播种机:\n\t\t\t<<if $farm.tractorseeddrill is true>>\n\t\t\t\t<span class=\"green\">已购买</span>\n\t\t\t<<else>>\n\t\t\t\t<<link [[购买|Farm Upgrades Tractor Seed Drill]]>><</link>>\n\t\t\t<</if>>\n\t\t\t<br>\n\t\t\t收割机:\n\t\t\t<<if $farm.tractorharvester is true>>\n\t\t\t\t<span class=\"green\">已购买</span>\n\t\t\t<<else>>\n\t\t\t\t<<link [[购买|Farm Upgrades Tractor Harvester]]>><</link>>\n\t\t\t<</if>>\n\t\t\t<br>\n\t\t\t装载机:\n\t\t\t<<if $farm.tractorloader is true>>\n\t\t\t\t<span class=\"green\">已购买</span>\n\t\t\t<<else>>\n\t\t\t\t<<link [[购买|Farm Upgrades Tractor Loader]]>><</link>>\n\t\t\t<</if>>\n\t\t\t<br>\n\t\t<</if>>\n\t\t<br>\n\t\t/* 北极星 */\n\t\t农场灌溉：\n\t\t<<if $farm.irrigation gte 9>>"
  },
  {
    "passage": "Farm Widgets",
    "findString": "<<widget \"alex_pregnancy_comment\">>\n\t<<if playerBellyVisible()>>",
    "replace": "/* 北极星模组 */\n<<widget \"farm_clear\">>\n\t<<if $farm_work.alex is \"clearing\">>\n\t\t<<set _baseTime = 20>>\n\t\t<<set _baseTiredsness = 2>>\n\t<<else>>\n\t\t<<set _baseTime = 40>>\n\t\t<<set _baseTiredsness = 4>>\n\t<</if>>\n\t<<if $location is \"alex_farm\">>\n\t\t<<if $farm.tractor gte 1>>\n\t\t\t<<set _baseTiredsness = Math.round(_baseTiredsness * 0.8)>>\n\t\t<</if>>\n\t\t<<if $farm.tractor gte 3>>\n\t\t\t<<set _tractor = 0.25>>\n\t\t<<elseif $farm.tractor gte 2>>\n\t\t\t<<set _tractor = 0.5>>\n\t\t<<elseif $farm.tractor gte 1>>\n\t\t\t<<set _tractor = 1>>\n\t\t<</if>>\n\t\t<<if $farm.tractorloader is true>>\n\t\t\t<<set _baseTime = Math.round(_baseTime * (0.5 * _tractor))>>\n\t\t\t<<set _baseTiredsness = Math.round(_baseTiredsness * (0.5 * _tractor))>>\n\t\t<</if>>\n\t<</if>>\n\t<<farm_count _baseTime>>\n\t<<pass _baseTime>>\n\t<<tiredness _baseTiredsness>>\n\t<<if $farm.tractor gte 1>>\n\t\t<<set $farm.clearing = Math.round($farm.clearing - (1 + (1 / _tractor)))>>\n\t<<else>>\n\t\t<<set $farm.clearing = Math.round($farm.clearing - 1)>>\n\t<</if>>\n<</widget>>\n/* 北极星 */\n\n<<widget \"alex_pregnancy_comment\">>\n\t<<if playerBellyVisible()>>"
  },
  {
    "passage": "Farmers Centre Widgets",
    "findString": "<<if $farmersProduce.sold gt 5000>>\n\t\t\t<<set _famebusinessSold to $farmersProduce.sold - ($farmersProduce.sold % 5000)>>\n\t\t\t<<set $farmersProduce.sold -= _famebusinessSold>>\n\t\t\t<<famebusiness `Math.floor(_famebusinessSold / 5000)`>>\n\t\t<</if>>",
    "replace": "\t\t/* 北极星模组 */\n\t\t<<set _basesellnum to 5000>>\n\t\t<<if $options.bjx_sellproduce>>\n\t\t\t<<set _basesellnum to 250>>\n\t\t<</if>>\n\t\t<<if $farmersProduce.sold gt _basesellnum>>\n\t\t\t<<set _famebusinessSold to $farmersProduce.sold - ($farmersProduce.sold % _basesellnum)>>\n\t\t\t<<set $farmersProduce.sold -= _famebusinessSold>>\n\t\t\t<<famebusiness `Math.floor(_famebusinessSold / _basesellnum)`>>\n\t\t<</if>>\n\t\t/* 北极星 */"
  },
  {
    "passage": "Feats",
    "findString": "\t\t\t<<if $fallenangel gte 2>>\n\t\t\t\t<<earnFeat \"Fallen Angel\">>\n\t\t\t<</if>>\n\t\t\t<<if $demon gte 6>>\n\t\t\t\t<<earnFeat \"Demon\">>",
    "replace": "\t\t\t<<if $fallenangel gte 2>>\n\t\t\t\t<<earnFeat \"Fallen Angel\">>\n\t\t\t<</if>>\n\t\t\t/* 北极星模组 */\n\t\t\t<<if $demonhunter gte 2>>\n\t\t\t\t<<earnFeat \"Demon Hunter\">>\n\t\t\t<</if>>\n\t\t\t/* 北极星 */\n\t\t\t<<if $demon gte 6>>\n\t\t\t\t<<earnFeat \"Demon\">>"
  },
  {
    "passage": "Feats",
    "findString": "\t\t\t<<if $fox gte 6>>\n\t\t\t\t<<earnFeat \"Fox\">>\n\t\t\t<</if>>",
    "replace": "\t\t\t<<if $fox gte 6>>\n\t\t\t\t<<earnFeat \"Fox\">>\n\t\t\t<</if>>\n\t\t\t/* 北极星模组 */\n\t\t\t<<if $dog gte 6>>\n\t\t\t\t<<earnFeat \"Dog\">>\n\t\t\t<</if>>\n\t\t\t<<if $raccoon gte 6>>\n\t\t\t\t<<earnFeat \"Raccoon\">>\n\t\t\t<</if>>\n\t\t\t<<if $dragon gte 6>>\n\t\t\t\t<<earnFeat \"Dragon\">>\n\t\t\t<</if>>\n\t\t\t<<if $dolphin gte 6>>\n\t\t\t\t<<earnFeat \"Dolphin\">>\n\t\t\t<</if>>\n\t\t\t<<if $lizard gte 3>>\n\t\t\t\t<<earnFeat \"Lizard\">>\n\t\t\t<</if>>\n\t\t\t<<if $bear gte 6>>\n\t\t\t\t<<earnFeat \"Bear\">>\n\t\t\t<</if>>\n\t\t\t<<if $deer gte 6>>\n\t\t\t\t<<earnFeat \"Deer\">>\n\t\t\t<</if>>\n\t\t\t<<if $sheep gte 6>>\n\t\t\t\t<<earnFeat \"Sheep\">>\n\t\t\t<</if>>\n\t\t\t<<if $bee gte 6>>\n\t\t\t\t<<earnFeat \"Bee\">>\n\t\t\t<</if>>\n\t\t\t<<if $fish gte 6>>\n\t\t\t\t<<earnFeat \"Fish\">>\n\t\t\t<</if>>\n\t\t\t<<if $horse gte 6>>\n\t\t\t\t<<earnFeat \"Horse\">>\n\t\t\t<</if>>\n\t\t\t<<if $pig gte 6>>\n\t\t\t\t<<earnFeat \"Pig\">>\n\t\t\t<</if>>\n\t\t\t<<if $spider gte 6>>\n\t\t\t\t<<earnFeat \"Spider\">>\n\t\t\t<</if>>\n\t\t\t<<if $frog gte 6>>\n\t\t\t\t<<earnFeat \"Frog\">>\n\t\t\t<</if>>\n\t\t\t/* 北极星 */"
  },
  {
    "passage": "Feats",
    "findString": "\t\t<<if $earSlime.corruption gte 100 and $earSlime.growth gte 200>>\n\t\t\t<<earnFeat \"Ear Slime Amalgam\">>\n\t\t<</if>>",
    "replace": "\t\t<<if $earSlime.corruption gte 100 and $earSlime.growth gte 200>>\n\t\t\t<<earnFeat \"Ear Slime Amalgam\">>\n\t\t<</if>>\n\t\t<<if $feats.allSaves.points gte 300>>\n\t\t\t<<earnFeat \"My Timeless Collection of Feats\">>\n\t\t<</if>>"
  },
  {
    "passage": "Forest Shop Widgets",
    "findString": "\t\t<<link \"查看全部\">><<replace \"#clothingShop-div\">><<AllShop>><</replace>><</link>>\n\t\t<br><br>",
    "replace": "\t\t<<link \"查看全部\">><<replace \"#clothingShop-div\">><<AllShop>><</replace>><</link>>\n\t\t<br><br>\n\t\t/* 北极星模组 */\n\t\t<<if $options.bjx_clothes>>\n    \t\t<<clothingcategoryicon \"overoutfit\">>\n    \t\t<<link \"走近磨毛屏风后\">><<replace \"#clothingShop-div\">><<OverOutfitShop>><</replace>><</link>>\n    \t\t<br>\n    \t\t<<clothingcategoryicon \"overupper\">>\n    \t\t<<link \"走近阔叶门帘后\">><<replace \"#clothingShop-div\">><<OverUpperShop>><</replace>><</link>>\n    \t\t<br>\n    \t\t<<clothingcategoryicon \"overlower\">>\n    \t\t<<link \"浏览藤蔓木箱里\">><<replace \"#clothingShop-div\">><<OverLowerShop>><</replace>><</link>>\n    \t\t<br>\n    \t\t<<clothingcategoryicon \"overhead\">>\n    \t\t<<link \"浏览黄铜质排钩\">><<replace \"#clothingShop-div\">><<OverHeadShop>><</replace>><</link>>\n    \t\t<br>\n    \t<</if>>\n\t\t/* 北极星 */"
  },
  {
    "passage": "gameStartOnly",
    "findString": "\t<<set Time.startDate to new DateTime()>>\n\t<<set $timeStamp to 0>>",
    "replace": "\t/* 北极星模组 */\n\t<<run $.extend($options, {\n\t        bjx_divine: true,\n\t        bjx_animal: true,\n\t        bjx_eventTF: true,\n\t        bjx_antiques: true,\n\t    })>>\n\t/* 北极星 */\n\n\t<<set Time.startDate to new DateTime()>>\n\t<<set $timeStamp to 0>>"
  },
  {
    "passage": "gameStartOnly",
    "findString": "\t<<set $bullyeventoutside to 0>>\n\t<<set $masturbationorgasm to 0>>",
    "replace": "\t<<set $bullyeventoutside to 0>>\n\t/* 北极星模组 */\n\t<<set $caseyagain to 0>>\n\t<<set $caseymet to 0>>\n\t<<set $caseyridefirst to 0>>\n\t<<set $caseyromance to 0>>\n\t<<set $motorupgrade to 0>>\n\t/* 北极星 */\n\t<<set $masturbationorgasm to 0>>"
  },
  {
    "passage": "gameStartOnly",
    "findString": "\t<<set $specialTransform to 0>>\n\t<<set $angelbuild to 0>>",
    "replace": "\t<<set $specialTransform to 0>>\n\t/* 北极星模组 */\n\t<<set $eventTransform to 0>>\n\t/* 北极星 */"
  },
  {
    "passage": "gameStartOnly",
    "findString": "\t<<set $demonabsorb to 0>>\n\t<<set $fallenangel to 0>>",
    "replace": "\t<<set $demonabsorb to 0>>\n\t/* 北极星模组 */\n\t<<set $demonseduce to 0>>\n\t<<set $demonejac to 0>>\n\t<<set $daynoabsorb to 0>>\n\t<<set $demonhunterhypnosis to 0>>\n\t<<set $hunterbuild to 0>>\n\t<<set $demonhunter to 0>>\n\t<<set $fallenangelretribution to 0>>\n\t<<set $fallenangelvirginitylost to 0>>\n\t/* 北极星 */"
  },
  {
    "passage": "gameStartOnly",
    "findString": "\t<<set $fox to 0>>\n\t<<set $stray_happiness to 50>>",
    "replace": "\t<<set $fox to 0>>\n\t/* 北极星模组 */\n\t<<set $sheepbuild to 0>>\n\t<<set $sheep to 0>>\n\t<<set $beebuild to 0>>\n\t<<set $bee to 0>>\n\t<<set $deerbuild to 0>>\n\t<<set $deer to 0>>\n\t<<set $bearbuild to 0>>\n\t<<set $bear to 0>>\n\t<<set $dragonbuild to 0>>\n\t<<set $dragon to 0>>\n\t<<set $lizardbuild to 0>>\n\t<<set $lizard to 0>>\n\t<<set $dolphinbuild to 0>>\n\t<<set $dolphin to 0>>\n\t<<set $dogbuild to 0>>\n\t<<set $dog to 0>>\n\t<<set $raccoonbuild to 0>>\n\t<<set $raccoon to 0>>\n\t<<set $fishbuild to 0>>\n\t<<set $fish to 0>>\n\t<<set $horsebuild to 0>>\n\t<<set $horse to 0>>\n\t<<set $pigbuild to 0>>\n\t<<set $pig to 0>>\n\t<<set $spiderbuild to 0>>\n\t<<set $spider to 0>>\n\t<<set $frogbuild to 0>>\n\t<<set $frog to 0>>\n\t<<set $slime to 0>>\n\t<<set $ghost to 0>>\n\t<<set $mushroom to 0>>\n\t<<set $fungalgrowth to 0>>\n\t<<set $fungalpoint to 0>>\n\t<<set $exorcism to 0>>\n\t<<set $exorcised to 0>>\n\t<<set $onemoreslime to 0>>\n\t<<set $mushroomtf to {}>>\n\t<<set $dencounter to 0>>\n\t<<set $prutimonster to 2>>\n\t<<set $enemyhealthmult to 1>>\n\t<<set $enemyarousalmult to 1>>\n\t/* 北极星 */\n\t\n\t<<set $stray_happiness to 50>>"
  },
  {
    "passage": "gameStartOnly",
    "findString": "\t<<set $skulduggeryday to 0>>\n\t<<set $danceskill to 0>>",
    "replace": "\t<<set $skulduggeryday to 0>>\n\t/* 北极星模组 */\n\t<<set $skulduggeryhands to 0>>\n\t/* 北极星 */\n\t<<set $danceskill to 0>>"
  },
  {
    "passage": "gameStartOnly",
    "findString": "\t<<set $genderknown to [\"Robin\", \"Bailey\"]>>\n\n\t<<set $vaginause to 0>>",
    "replace": "\t<<set $genderknown to [\"Robin\", \"Bailey\"]>>\n    \n    /* 北极星模组 */\n    <<set $tail to 0>>\n\t<<set $tailuse to 0>>\n\t/* 北极星 */\n\t<<set $vaginause to 0>>"
  },
  {
    "passage": "gameStartOnly",
    "findString": "\t<<set $traumasaved to 0>>\n\t<<set $stresssaved to 0>>",
    "replace": "\t<<set $traumasaved to 0>>\n\t/* 北极星模组 */\n\t<<set $awarenesssaved to 0>>\n\t<<set $awarenessgain to 0>>\n\t/* 北极星 */\n\t<<set $stresssaved to 0>>"
  },
  {
    "passage": "gameStartOnly",
    "findString": "\t<<set $sea to 0>>\n\n\t<<set $penilechastityparasite to 0>>",
    "replace": "\t<<set $sea to 0>>\n    \n    /* 北极星模组 */\n    <<set $beeprisoner to 0>>\n\t<<set $hivemember to 0>>\n\t<<set $bjob to 0>>\n\t<<set $TaylorArrested to 0>>\n\t<<set $TaylorChase to 0>>\n\t<<set $TaylorFreed to 0>>\n\t<<set $TaylorMissing to 0>>\n\t<<set $TaylorSeen to 0>>\n\t<<set $forestmansionstage to 0>>\n\t<<set $forestmansionpicked to 0>>\n\t<<set $forestmansionkitchen to 0>>\n\t<<set $forestmansionhaunt to 0>>\n\t<<set $TaylorReadMansion to 0>>\n\t<<set $TaylorWith to 0>>\n\t<<set $TaylorSaveForLater to 0>>\n\t/* 北极星 */\n\t\n\t<<set $penilechastityparasite to 0>>"
  },
  {
    "passage": "gameStartOnly",
    "findString": "\t<<initEstatePersistent>>\n\n\t<<set $modeloptionsOverride to {}>>",
    "replace": "\t<<initEstatePersistent>>\n\t\n\t/* 北极星模组 */\n\t<<variablesBJXModUpdate>>\n\t/* 北极星 */\n\n\t<<set $modeloptionsOverride to {}>>"
  },
  {
    "passage": "Location Widgets",
    "findString": "\t\tsetup.addlocation( \"lake\"                     ).parent(\"forest\").location().tanning(1.0).build();\n\t\tsetup.addlocation( \"lake_ruin\"                ).parent(\"lake\").location().inside().build();",
    "replace": "\t\t/* 北极星模组 */\n\t\tsetup.addlocation( \"lakehouse\"                ).parent(\"forest\").location().inside().build();\n\t\t/* 北极星 */"
  },
  {
    "passage": "Location Widgets",
    "findString": "\t\tsetup.addlocation( \"farmroad3\"                ).parent(\"forest\").bus().tanning(1.0).build();\n\n\t\tsetup.addlocation( \"plains\"                   ).parent(\"world\").area().build();",
    "replace": "\t\tsetup.addlocation( \"farmroad3\"                ).parent(\"forest\").bus().tanning(1.0).build();\n\t\t/* 北极星模组 */\n\t\tsetup.addlocation( \"hive\"                    ).parent(\"forest\").location().inside().build();\n\t\tsetup.addlocation( \"bog\"                    ).parent(\"forest\").location().inside().build();\n\t\t/* 北极星 */\n\n\t\tsetup.addlocation( \"plains\"                   ).parent(\"world\").area().build();"
  },
  {
    "passage": "Location Widgets",
    "findString": "\t\tsetup.addlocation( \"tower\"                    ).parent(\"castle\").location().build();\n\n\t\tsetup.addlocation( \"sea\"                      ).parent(\"world\").area().location().bus().build();",
    "replace": "\t\tsetup.addlocation( \"tower\"                    ).parent(\"castle\").location().build();\n        /* 北极星模组 */\n        setup.addlocation( \"old_cemetery\"             ).parent(\"plains\").location().outside().build();\n        /* 北极星 */\n\n\t\tsetup.addlocation( \"sea\"                      ).parent(\"world\").area().location().bus().build();"
  },
  {
    "passage": "Location Widgets",
    "findString": "\t\tsetup.addlocation( \"island\"                   ).parent(\"sea\").location().build();",
    "replace": "\t\tsetup.addlocation( \"island\"                   ).parent(\"sea\").location().build();\n        /* 北极星模组 */\n        setup.addlocation( \"seadive\"                   ).parent(\"sea\").location().inside().build();\n\t\t/* 北极星 */\n\t\t\n\t\t/* 北极星模组 */\n\t\tsetup.addlocation(\"island\"                       ).parent(\"world\").area().location().build();\n\t\tsetup.addlocation( \"desert\"                     ).parent(\"island\").location().build();\n\t\tsetup.addlocation( \"snowforest\"                     ).parent(\"island\").location().build();\n\t\tsetup.addlocation( \"glacier\"                     ).parent(\"island\").location().build();\n\t\t/* 北极星 */"
  },
  {
    "passage": "Machine Actions",
    "findString": "\t<<if $trance lte 0 and $dissociation lte 1 and $panicparalysis is 0 and $panicviolence is 0\n\tand $orgasmdown lte 0 and ($pain lt 100 or $willpowerpain is undefined) and $options.combatControls is \"disabled\">>",
    "replace": "\t/* 北极星模组 */\n\t<<if $trance lte 0 and $dissociation lte 1 and $panicparalysis is 0 and $panicviolence is 0\n\tand ($orgasmdown lte 0 or $demonhunter gte 6) and ($pain lt 100 or $willpowerpain is undefined) and $options.combatControls is \"disabled\">>\n\t/* 北极星 */"
  },
  {
    "passage": "Machine Effects",
    "findString": "\t<<if $leftaction is \"rest\">>",
    "replace": "\t/* 北极星模组 */\n\t<<if $energyaction is \"ghostescape\">>\n\t    <<set $energyaction to \"rest\">>\n\t    <<if $energy gte 800>>\n\t        <<set $energy -= 800>>\n\t        <<set $finish to 1>>\n\t        <span class=\"wraith\">你全力催动灵能，使自己灵体化，尝试逃脱。</span>\n\t    <<else>>\n\t        <span class=\"red\">你的能量不足，无法灵体化逃脱。</span>\n\t    <</if>>\n\t<</if>>\n\t/* 北极星 */\n\t\n\t<<if $leftaction is \"rest\">>"
  },
  {
    "passage": "mobileStats",
    "findString": "\t\t\t<mouse class=\"tooltip-centertop\">控<span>自控: <<print $control.toFixed(2)>></span></mouse>\n\t\t</div>\n\t<</if>>",
    "replace": "\t\t\t<mouse class=\"tooltip-centertop\">控<span>自控: <<print $control.toFixed(2)>></span></mouse>\n\t\t</div>\n\t<</if>>\n\t/* 北极星模组 */\n\t<<if Number.isFinite($energy) and $ghost gte 1>>\n\t\t<<mobileStatsColor \"energy\">>\n\t\t<div @class=\"'stat ' + _mobileColor\">\n\t\t\t<mouse class=\"tooltip-centertop\">能<span>能量: <<print $energy.toFixed(2)>></span></mouse>\n\t\t</div>\n\t<</if>>\n\t/* 北极星 */"
  },
  {
    "passage": "mobileStats",
    "findString": "\t\t<<case \"hallucinogen\">>\n\t\t\t<<mobileStatsColorSet `Math.clamp($hallucinogen, 50, 500)` 500>>",
    "replace": "\t\t<<case \"hallucinogen\">>\n\t\t\t<<mobileStatsColorSet `Math.clamp($hallucinogen, 50, 500)` 500>>\n\t\t/* 北极星模组 */\n\t\t<<case \"energy\">>\n\t\t\t<<mobileStatsColorSetIverted `Math.clamp($energy, 0, $energymax)` $energymax>>\n\t\t/* 北极星 */"
  },
  {
    "passage": "Moor Widgets",
    "findString": "\t<<elseif $danger gte (9900 - ($allure * $forestmod))>>\n\t\t<<rng 10>>",
    "replace": "\t<<elseif $danger gte (9900 - ($allure * $forestmod))>>\n\t    /* 北极星模组 */\n\t\t<<rng 11>>\n\t\t/* 北极星 */"
  },
  {
    "passage": "Moor Widgets",
    "findString": "\t\t\t<<if $harpy gte 6 or $angel gte 6 or $demon gte 6 or $fallenangel gte 2>>",
    "replace": "\t\t\t/* 北极星模组 */\n\t\t\t<<if !$options.bjx_animal and ($harpy gte 6 or $angel gte 6 or $demon gte 6 or $fallenangel gte 2) or $options.bjx_animal and ($transformationParts.bird.wings isnot \"disabled\" or $transformationParts.dragon.wings isnot \"disabled\" or $transformationParts.angel.wings isnot \"disabled\" or $transformationParts.fallenAngel.wings isnot \"disabled\" or $transformationParts.demon.wings isnot \"disabled\" or $transformationParts.bee.wings isnot \"disabled\")>>\n\t\t\t/* 北极星 */"
  },
  {
    "passage": "Moor Widgets",
    "findString": "\t\t\t<<moor_hunt_start>>\n\t\t<<case 10>>\n\t\t\t<<moor_fox>>",
    "replace": "\t\t\t<<moor_hunt_start>>\n\t\t<<case 10>>\n\t\t\t<<moor_fox>>\n\t\t/* 北极星模组 */\n\t\t<<case 11>>\n\t\t\t<span class=\"blue\">你感觉被什么监视了。</span>你环顾四周，任何东西都可能潜伏在你周围。<<gstress>><<stress 6>>\n\t\t\t<br><br>\n\n\t\t\t<<link [[绕路 (0:30)|Moor Dragons Detour]]>><<pass 30>><<trauma 6>><</link>><<gtrauma>>\n\t\t\t<br>\n\t\t\t<<link [[继续|Moor Dragons Continue]]>><<set $rng to random(1,100)>><</link>>\n\t\t\t<br>\n\t\t/* 北极星 */"
  },
  {
    "passage": "Moor Widgets",
    "findString": "\t\t\t\t<br>\n\t\t\t\t<<set $skulduggerydifficulty to 600>>",
    "replace": "\t\t\t\t<br>\n\t\t\t\t<<set $skulduggerydifficulty to 600>>\n\t\t\t\t/* 北极星模组 */\n\t\t\t\t<<link [[撬锁|Moor Shackle Pick]]>><<set $skulduggeryhands to 1>><</link>><<skulduggerydifficulty>>\n\t\t\t\t/* 北极星 */"
  },
  {
    "passage": "Moor Widgets",
    "findString": "\t<<if $moor_binding gte 1>>\n\t\t<<set $skulduggerydifficulty to 500>>",
    "replace": "\t<<if $moor_binding gte 1>>\n\t\t<<set $skulduggerydifficulty to 500>>\n\t\t/* 北极星模组 */\n\t\t<<link [[摩破你身上的束缚|Moor Abduction Walk Loosen]]>><<set $skulduggeryhands to 1>><</link>><<skulduggerydifficulty>>\n\t\t/* 北极星 */"
  },
  {
    "passage": "npcList",
    "findString": "\t<<set $BeastList to [\"dog\",\"cat\",\"pig\",\"wolf\",\"dolphin\",\"lizard\",\"bear\",\"boar\",\"creature\",\"horse\",\"fox\",\"hawk\",\"cow\",\"spider\"]>>",
    "replace": "\t<<set $BeastList to [\"dog\",\"cat\",\"pig\",\"wolf\",\"dolphin\",\"lizard\",\"bear\",\"boar\",\"creature\",\"horse\",\"fox\",\"hawk\",\"cow\",\"spider\"]>>\n\t/* 北极星模组 */\n\t<<set $BeastList = $BeastList.concat([\"sheep\",\"deer\",\"bee\",\"wasp\",\"dragon\",\"ant\",\"raccoon\",\"frog\",\"rat\"])>>\n    /* 北极星 */"
  },
  {
  "passage": "overlayReplace",
  "findString": "\t\t<<button \"NPC们\">>\n\t\t\t<<toggleTab>>\n\t\t\t<<replace #cheatsShown>><<cheats-npcs>><</replace>>\n\t\t\t<<run $(\"#customOverlayContent\").scrollTop(0);>>\n\t\t<</button>>",
  "replace": "\t\t<<button \"NPC们\">>\n\t\t\t<<toggleTab>>\n\t\t\t<<replace #cheatsShown>><<cheats-npcs>><</replace>>\n\t\t\t<<run $(\"#customOverlayContent\").scrollTop(0);>>\n\t\t<</button>>\n\t\t/* 北极星模组 */\n\t\t<!-- 艾利克斯的农场作弊 -->\n\t\t<<if $farm_stage gte 2>>\n\t\t\t<<button \"艾利克斯的农场\">>\n\t\t\t\t<<toggleTab>>\n\t\t\t\t<<replace #cheatsShown>><<cheats-alex>><</replace>>\n\t\t\t\t<<run $(\"#customOverlayContent\").scrollTop(0);>>\n\t\t\t<</button>>\n\t\t<</if>>\n\t\t/* 北极星 */"
  },
  {
    "passage": "overlayReplace",
    "findString": "\t\t<<button \"高级\">>\n\t\t\t<<toggleTab>>\n\t\t\t<<replace #customOverlayContent>><<optionsadvanced>><</replace>>\n\t\t<</button>>",
    "replace": "\t\t<<button \"高级\">>\n\t\t\t<<toggleTab>>\n\t\t\t<<replace #customOverlayContent>><<optionsadvanced>><</replace>>\n\t\t<</button>>\n\t\t/* 北极星模组 */\n\t\t<<button \"模组\">>\n\t\t\t<<toggleTab>>\n\t\t\t<<replace #customOverlayContent>><<optionsmods>><</replace>>\n\t\t<</button>>\n\t\t/* 北极星 */"
  },
  {
  "passage": "Pinch Widgets",
  "findString": "\t<<set $real_angel to $angel>>\n\t<<set $real_angelbuild to $angelbuild>>\n\t<<set $real_fallenangel to $fallenangel>>\n\t<<set $real_demon to $demon>>\n\t<<set $real_wolfgirl to $wolfgirl>>\n\t<<set $real_cat to $cat>>\n\t<<set $real_cow to $cow>>\n\t<<set $real_harpy to $harpy>>\n\t<<set $real_fox to $fox>>",
  "replace": "\t/* 北极星模组 */\n\t<<set $real_angel to $angel>>\n\t<<set $real_angelbuild to $angelbuild>>\n\t<<set $real_demon to $demon>>\n\t<<set $real_fallenangel to $fallenangel>>\n\t<<set $real_demonhunter to $demonhunter>>\n\t<<set $real_wolfgirl to $wolfgirl>>\n\t<<set $real_cat to $cat>>\n\t<<set $real_cow to $cow>>\n\t<<set $real_harpy to $harpy>>\n\t<<set $real_fox to $fox>>\n\t<<set $real_bee to $bee>>\n\t<<set $real_sheep to $sheep>>\n\t<<set $real_deer to $deer>>\n\t<<set $real_bear to $bear>>\n\t<<set $real_raccoon to $raccoon>>\n\t<<set $real_fish to $fish>>\n\t<<set $real_horse to $horse>>\n\t<<set $real_spider to $spider>>\n\t<<set $real_frog to $frog>>\n\t<<set $real_pig to $pig>>\n\t<<set $real_dolphin to $dolphin>>\n\t<<set $real_ghost to $ghost>>\n\t<<set $real_slime to $slime>>\n\t<<set $real_mushroom to $mushroom>>\n\t/* 北极星 */"
  },
  {
    "passage": "Pinch Widgets",
    "findString": "\t<<set $angel to 0>>\n\t<<set $angelbuild to 0>>\n\t<<set $demon to 0>>\n\t<<set $wolfgirl to 0>>\n\t<<set $cat to 0>>\n\t<<set $cow to 0>>\n\t<<set $harpy to 0>>\n\t<<set $fox to 0>>",
    "replace": "\t/* 北极星模组 */\n\t<<set $angel to 0>>\n\t<<set $angelbuild to 0>>\n\t<<set $demon to 0>>\n\t<<set $fallenangel to 0>>\n\t<<set $demonhunter to 0>>\n\t<<set $wolfgirl to 0>>\n\t<<set $cat to 0>>\n\t<<set $cow to 0>>\n\t<<set $harpy to 0>>\n\t<<set $fox to 0>>\n\t<<set $bee to 0>>\n\t<<set $sheep to 0>>\n\t<<set $deer to 0>>\n\t<<set $slime to 0>>\n\t<<set $ghost to 0>>\n\t<<set $dolphin to 0>>\n\t<<set $bear to 0>>\n\t<<set $raccoon to 0>>\n\t<<set $fish to 0>>\n\t<<set $horse to 0>>\n\t<<set $spider to 0>>\n\t<<set $frog to 0>>\n\t<<set $pig to 0>>\n\t<<set $mushroom to 0>>\n\t/* 北极星 */"
  },
  {
    "passage": "Pinch Widgets",
    "findString": "\t<<set $angel to $real_angel>>\n\t<<set $angelbuild to $real_angelbuild>>\n\t<<set $demon to $real_demon>>\n\t<<set $wolfgirl to $real_wolfgirl>>\n\t<<set $cat to $real_cat>>\n\t<<set $cow to $real_cow>>\n\t<<set $harpy to $real_harpy>>\n\t<<set $fox to $real_fox>>",
    "replace": "\t/* 北极星模组 */\n\t<<set $angel to $real_angel>>\n\t<<set $angelbuild to $real_angelbuild>>\n\t<<set $demon to $real_demon>>\n\t<<set $fallenangel to $real_fallenangel>>\n\t<<set $demonhunter to $real_demonhunter>>\n\t<<set $wolfgirl to $real_wolfgirl>>\n\t<<set $cat to $real_cat>>\n\t<<set $cow to $real_cow>>\n\t<<set $harpy to $real_harpy>>\n\t<<set $fox to $real_fox>>\n\t<<set $bee to $real_bee>>\n\t<<set $sheep to $real_sheep>>\n\t<<set $deer to $real_deer>>\n\t<<set $bear to $real_bear>>\n\t<<set $raccoon to $real_raccoon>>\n\t<<set $fish to $real_fish>>\n\t<<set $horse to $real_horse>>\n\t<<set $spider to $real_spider>>\n\t<<set $frog to $real_frog>>\n\t<<set $pig to $real_pig>>\n\t<<set $dolphin to $real_dolphin>>\n\t<<set $ghost to $real_ghost>>\n\t<<set $slime to $real_slime>>\n\t<<set $mushroom to $real_mushroom>>\n\t/* 北极星 */"
  },
  {
    "passage": "Scarlet Widgets",
    "findString": "\t<<set $real_angel to $angel>>\n\t<<set $real_angelbuild to $angelbuild>>\n\t<<set $real_fallenangel to $fallenangel>>\n\t<<set $real_demon to $demon>>\n\t<<set $real_wolfgirl to $wolfgirl>>\n\t<<set $real_cat to $cat>>\n\t<<set $real_cow to $cow>>\n\t<<set $real_harpy to $harpy>>\n\t<<set $real_fox to $fox>>",
    "replace": "\t/* 北极星模组 */\n\t<<set $real_angel to $angel>>\n\t<<set $real_angelbuild to $angelbuild>>\n\t<<set $real_demon to $demon>>\n\t<<set $real_fallenangel to $fallenangel>>\n\t<<set $real_demonhunter to $demonhunter>>\n\t<<set $real_wolfgirl to $wolfgirl>>\n\t<<set $real_cat to $cat>>\n\t<<set $real_cow to $cow>>\n\t<<set $real_harpy to $harpy>>\n\t<<set $real_fox to $fox>>\n\t<<set $real_bee to $bee>>\n\t<<set $real_sheep to $sheep>>\n\t<<set $real_deer to $deer>>\n\t<<set $real_bear to $bear>>\n\t<<set $real_raccoon to $raccoon>>\n\t<<set $real_fish to $fish>>\n\t<<set $real_horse to $horse>>\n\t<<set $real_spider to $spider>>\n\t<<set $real_frog to $frog>>\n\t<<set $real_pig to $pig>>\n\t<<set $real_dolphin to $dolphin>>\n\t<<set $real_ghost to $ghost>>\n\t<<set $real_slime to $slime>>\n\t<<set $real_mushroom to $mushroom>>\n\t/* 北极星 */"
  },
  {
    "passage": "Scarlet Widgets",
    "findString": "\t<<set $angel to 0>>\n\t<<set $angelbuild to 0>>\n\t<<set $demon to 0>>\n\t<<set $wolfgirl to 0>>\n\t<<set $cat to 0>>\n\t<<set $cow to 0>>\n\t<<set $harpy to 0>>\n\t<<set $fox to 0>>",
    "replace": "\t/* 北极星模组 */\n\t<<set $angel to 0>>\n\t<<set $angelbuild to 0>>\n\t<<set $demon to 0>>\n\t<<set $fallenangel to 0>>\n\t<<set $demonhunter to 0>>\n\t<<set $wolfgirl to 0>>\n\t<<set $cat to 0>>\n\t<<set $cow to 0>>\n\t<<set $harpy to 0>>\n\t<<set $fox to 0>>\n\t<<set $bee to 0>>\n\t<<set $sheep to 0>>\n\t<<set $deer to 0>>\n\t<<set $slime to 0>>\n\t<<set $ghost to 0>>\n\t<<set $dolphin to 0>>\n\t<<set $bear to 0>>\n\t<<set $raccoon to 0>>\n\t<<set $fish to 0>>\n\t<<set $horse to 0>>\n\t<<set $spider to 0>>\n\t<<set $frog to 0>>\n\t<<set $pig to 0>>\n\t<<set $mushroom to 0>>\n\t/* 北极星 */"
  },
  {
    "passage": "Scarlet Widgets",
    "findString": "\t<<set $angel to $real_angel>>\n\t<<set $angelbuild to $real_angelbuild>>\n\t<<set $demon to $real_demon>>\n\t<<set $wolfgirl to $real_wolfgirl>>\n\t<<set $cat to $real_cat>>\n\t<<set $cow to $real_cow>>\n\t<<set $harpy to $real_harpy>>\n\t<<set $fox to $real_fox>>",
    "replace": "\t/* 北极星模组 */\n\t<<set $angel to $real_angel>>\n\t<<set $angelbuild to $real_angelbuild>>\n\t<<set $demon to $real_demon>>\n\t<<set $fallenangel to $real_fallenangel>>\n\t<<set $demonhunter to $real_demonhunter>>\n\t<<set $wolfgirl to $real_wolfgirl>>\n\t<<set $cat to $real_cat>>\n\t<<set $cow to $real_cow>>\n\t<<set $harpy to $real_harpy>>\n\t<<set $fox to $real_fox>>\n\t<<set $bee to $real_bee>>\n\t<<set $sheep to $real_sheep>>\n\t<<set $deer to $real_deer>>\n\t<<set $bear to $real_bear>>\n\t<<set $raccoon to $real_raccoon>>\n\t<<set $fish to $real_fish>>\n\t<<set $horse to $real_horse>>\n\t<<set $spider to $real_spider>>\n\t<<set $frog to $real_frog>>\n\t<<set $pig to $real_pig>>\n\t<<set $dolphin to $real_dolphin>>\n\t<<set $ghost to $real_ghost>>\n\t<<set $slime to $real_slime>>\n\t<<set $mushroom to $real_mushroom>>\n\t/* 北极星 */"
  },
  {
    "passage": "School Library Shop Widgets",
    "findString": "\t\t<<if $debug is 1>>\n\t\t\t<<clothingcategoryicon \"overoutfit\">>\n\t\t\t<<link \"浏览外衣套装\">><<replace \"#clothingShop-div\">><<OverOutfitShop>><</replace>><</link>>\n\t\t\t<br><br>\n\t\t<</if>>\n\t\t/*\n\t\t*<<clothingcategoryicon \"outfit\">>\n\t\t*<<link \"View Outfits\">><<replace \"#clothingShop-div\">><<OutfitShop>><</replace>><</link>>\n\t\t*<br>\n\t\t*/",
    "replace": "\t\t/* 北极星模组 */\n\t\t<<if $options.bjx_clothes>>\n\t\t\t<<clothingcategoryicon \"overoutfit\">>\n\t\t\t<<link \"查看外套\">><<replace \"#clothingShop-div\">><<OverOutfitShop>><</replace>><</link>>\n\t\t\t<br>\n\t\t\t<<clothingcategoryicon \"overupper\">>\n\t\t\t<<link \"查看外套上装\">><<replace \"#clothingShop-div\">><<OverUpperShop>><</replace>><</link>>\n\t\t\t<br>\n\t\t\t<<clothingcategoryicon \"overlower\">>\n\t\t\t<<link \"查看外套下装\">><<replace \"#clothingShop-div\">><<OverLowerShop>><</replace>><</link>>\n\t\t\t<br>\n\t\t\t<<clothingcategoryicon \"overhead\">>\n\t\t\t<<link \"查看外帽\">><<replace \"#clothingShop-div\">><<OverHeadShop>><</replace>><</link>>\n\t\t\t<br><br>\n\t\t<</if>>\n\t\t/* 北极星 */"
  },
  {
    "passage": "School Library Shop Widgets",
    "findString": "\t\t/*\n\t\t*<<clothingcategoryicon \"neck\">>\n\t\t*<<link \"View Neck Accessories\">><<replace \"#clothingShop-div\">><<NeckShop>><</replace>><</link>>\n\t\t*<br>*/",
    "replace": "\t\t/* 北极星模组 */\n\t\t<<if $options.bjx_clothes>>\n\t\t\t<<clothingcategoryicon \"neck\">>\n    \t\t<<link \"浏览颈饰\">><<replace \"#clothingShop-div\">><<NeckShop>><</replace>><</link>>\n    \t\t<br>\n\t\t<</if>>\n\t\t/* 北极星 */"
  },
  {
    "passage": "Statistics",
    "findString": "狐化阶段: <<print Math.trunc($fox)>>\n\t\t\t<br>",
    "replace": "狐化阶段: <<print Math.trunc($fox)>>\n\t\t\t<br>\n\t\t\t/* 北极星模组 */\n\t\t\t羊化: <<print Math.trunc($sheepbuild)>> (30+ 完成变形)\n\t\t\t<br>\n\t\t\t羊化阶段: <<print Math.trunc($sheep)>>\n\t\t\t<br>\n\t\t\t蜜蜂化: <<print Math.trunc($beebuild)>> (30+ 完成变形)\n\t\t\t<br>\n\t\t\t蜜蜂化阶段: <<print Math.trunc($bee)>>\n\t\t\t<br>\n\t\t\t鹿化: <<print Math.trunc($deerbuild)>> (30+ 完成变形)\n\t\t\t<br>\n\t\t\t鹿化阶段: <<print Math.trunc($deer)>>\n\t\t\t<br>\n\t\t\t熊化: <<print Math.trunc($bearbuild)>> (30+ 完成变形)\n\t\t\t<br>\n\t\t\t熊化阶段: <<print Math.trunc($bear)>>\n\t\t\t<br>\n\t\t\t龙化: <<print Math.trunc($dragonbuild)>> (50+ 完成变形)\n\t\t\t<br>\n\t\t\t龙化阶段: <<print Math.trunc($dragon)>>\n\t\t\t<br>\n\t\t\t蜥蜴化: <<print Math.trunc($lizardbuild)>> (30+ 完成变形)\n\t\t\t<br>\n\t\t\t蜥蜴化阶段: <<print Math.trunc($lizard)>>\n\t\t\t<br>\n\t\t\t海豚化: <<print Math.trunc($dolphinbuild)>> (30+ 完成变形)\n\t\t\t<br>\n\t\t\t海豚化阶段: <<print Math.trunc($dolphin)>>\n\t\t\t<br>\n\t\t\t狗化: <<print Math.trunc($dogbuild)>> (30+ 完成变形)\n\t\t\t<br>\n\t\t\t狗化阶段: <<print Math.trunc($dog)>>\n\t\t\t<br>\n\t\t\t鱼化: <<print Math.trunc($fishbuild)>> (30+ 完成变形)\n\t\t\t<br>\n\t\t\t鱼化阶段: <<print Math.trunc($fish)>>\n\t\t\t<br>\n\t\t\t浣熊化: <<print Math.trunc($raccoonbuild)>> (30+ 完成变形)\n\t\t\t<br>\n\t\t\t浣熊化阶段: <<print Math.trunc($raccoon)>>\n\t\t\t<br>\n\t\t\t马化: <<print Math.trunc($horsebuild)>> (30+ 完成变形)\n\t\t\t<br>\n\t\t\t马化阶段: <<print Math.trunc($horse)>>\n\t\t\t<br>\n\t\t\t蜘蛛化: <<print Math.trunc($spiderbuild)>> (30+ 完成变形)\n\t\t\t<br>\n\t\t\t蜘蛛化阶段: <<print Math.trunc($spider)>>\n\t\t\t<br>\n\t\t\t青蛙化: <<print Math.trunc($frogbuild)>> (30+ 完成变形)\n\t\t\t<br>\n\t\t\t青蛙化阶段: <<print Math.trunc($frog)>>\n\t\t\t<br>\n\t\t\t猪化: <<print Math.trunc($pigbuild)>> (30+ 完成变形)\n\t\t\t<br>\n\t\t\t猪化阶段: <<print Math.trunc($pig)>>\n\t\t\t<br><br>\n\t\t\t蘑菇营养(进化点): <<print Math.trunc($fungalpoint)>> (每30天获得一个)\n\t\t\t<br>\n\t\t\t蘑菇进化阶段: <<print Math.trunc($mushroom)>> \n\t\t\t<br><br>\n\t\t\t/* 北极星 */"
  },
  {
    "passage": "Statistics",
    "findString": "堕落的宽恕: <<print Math.trunc($fallenbuild)>> (30+ 得到宽恕)\n\t\t\t<br><br>",
    "replace": "堕落的宽恕: <<print Math.trunc($fallenbuild)>> (30+ 得到宽恕)\n\t\t\t<br>\n\t\t\t/* 北极星模组 */\n\t\t\t恶魔猎手阶段:\n\t\t\t<<print ($demonhunter is undefined ? 0 : Math.trunc($demonhunter))>>\n\t\t\t<br>\n\t\t\t复仇的信念: <<print Math.trunc($hunterbuild)>> (30+ 完全坚定)\n\t\t\t<br><br>\n\t\t\t/* 北极星 */"
  },
  {
    "passage": "Widgets Abomination",
    "findString": "<<if $orgasmdown lte 0 and ($pain lt 100 or $willpowerpain is undefined) and $dissociation lte 1>>",
    "replace": "/* 北极星模组 */\n\t\t\t<<if ($orgasmdown lte 0 or $demonhunter gte 6) and ($pain lt 100 or $willpowerpain is undefined) and $dissociation lte 1>>\n\t\t\t/* 北极星 */"
  },
  {
    "passage": "Widgets Abomination",
    "findString": "\t\t<div id=\"mouthaction\" @class=\"$options.combatControls + 'Control'\">",
    "replace": "\t\t\n\t\t/* 北极星模组 */\n\t\t<<if $options.bjx_animal>>\n    \t\t<div id=\"tailaction\" @class=\"$options.combatControls + 'Control'\">\n    \t\t\t<<tailActionInit>>\n    \t\t</div>\n\t\t<</if>>\n\t\t/* 北极星 */\n\n\t\t<div id=\"mouthaction\" @class=\"$options.combatControls + 'Control'\">"
  },
  {
    "passage": "Widgets Actions Left Hand",
    "findString": "<<set $skulduggerydifficulty to (1000 - ($enemyarousal / $enemyarousalmax * 400) - $skulduggery - $enemytrust + $enemyanger) * $stealdifficulty>>",
    "replace": "/* 北极星模组 */\n\t\t\t<<set $skulduggerydifficulty to (1000 - ($enemyarousal / $enemyarousalmax * 400) - $skulduggery - $enemytrust + $enemyanger - ($options.bjx_stealhand ? $handskill / 5 : 0)) * $stealdifficulty>>\n\t\t\t/* 北极星 */"
  },
  {
    "passage": "Widgets Actions Man",
    "findString": "<<if $dissociation lte 1 and $orgasmdown lte 0 and ($pain lt 100 or $willpowerpain is undefined) and !$possessed>>",
    "replace": "/* 北极星模组 */\n\t\t<<if $dissociation lte 1 and ($orgasmdown lte 0 or $demonhunter gte 6) and ($pain lt 100 or $willpowerpain is undefined) and !$possessed>>\n\t\t/* 北极星 */"
  },
  {
    "passage": "Widgets Actions Right Hand",
    "findString": "<<set $skulduggerydifficulty to (1000 - ($enemyarousal / $enemyarousalmax * 400) - $skulduggery - $enemytrust + $enemyanger) * $stealdifficulty>>",
    "replace": "/* 北极星模组 */\n\t\t\t<<set $skulduggerydifficulty to (1000 - ($enemyarousal / $enemyarousalmax * 400) - $skulduggery - $enemytrust + $enemyanger - ($options.bjx_stealhand ? $handskill / 5 : 0)) * $stealdifficulty>>\n\t\t\t/* 北极星 */"
  },
  {
    "passage": "Widgets Actions Speak",
    "findString": "\t<<if $underwater lte 0>>",
    "replace": "    /* 北极星模组 */\n\t<<if $underwater lte 0 or $options.bjx_animal and $fish gte 6 or $options.bjx_eventTF and $ghost is 4>>\n\t/* 北极星 */"
  },
  {
    "passage": "Widgets Actions Speak",
    "findString": "\t\t\t<<if $wolfgirl gte 2>>",
    "replace": "\t\t    /* 北极星模组 */\n\t\t\t<<if $wolfgirl gte 6 or (!$options.bjx_animal and $wolfgirl gte 2)>>"
  },
  {
    "passage": "Widgets Actions Speak",
    "findString": "\t\t\t<<if $noFinish isnot 1>>",
    "replace": "\t\t\t<<if $options.bjx_animal and $harpy gte 6>>\n\t\t\t\t<<set _mouthaction[\"唱歌\"] to \"sing\">>\n\t\t\t<</if>>\n\t\t\t<<if $options.bjx_animal and $fox gte 6>>\n\t\t\t\t<<set _mouthaction[\"撒娇\"] to \"coquetry\">>\n\t\t\t<</if>>\n\t\t\t/* 北极星 */\n\t\t\t<<if $noFinish isnot 1>>"
  },
  {
    "passage": "Widgets Actions Speak",
    "findString": "\t\t\t<<if $submissive lte 850>>",
    "replace": "\t\t\t/* 北极星模组 */\n\t\t\t<<if $fallenangel gte 2 and $fallenangelretribution isnot 1>>\n\t\t\t\t<<set _mouthaction[\"报应\"] to \"retribution\">>\n\t\t\t<</if>>\n\t\t\t<<if $demonhunter gte 5 and $demonhunterhypnosis isnot 1>>\n\t\t\t\t<<set _mouthaction[\"催眠\"] to \"hypnosis\">>\n\t\t\t<</if>>\n\t\t\t<<if $demon gte 6 and $demonseduce isnot 1>>\n\t\t\t\t<<set _mouthaction[\"诱惑\"] to \"seduce\">>\n\t\t\t<</if>>\n\t\t\t/* 北极星 */\n\t\t\t<<if $submissive lte 850>>"
  },
  {
    "passage": "Widgets Actions Text",
    "findString": "<<widget \"actionspenislick\">>\n\t你<<oraltext>>地舔着<<their _args[0]>>$NPCList[_n].penisdesc。\n\t<<if $NPCList[$mouthtarget].type is \"plant\">>\n\t\t<span class=\"pink\">你用舌头舔起了甜蜜的汁液。</span>\n\t\t<<nectarfed 8>>\n\t<</if>>",
    "replace": "<<widget \"actionspenislick\">>\n\t你<<oraltext>>地舔着<<their _args[0]>>$NPCList[_n].penisdesc。\n\t<<if $NPCList[$mouthtarget].type is \"plant\">>\n\t\t<span class=\"pink\">你用舌头舔起了甜蜜的汁液。</span>\n\t\t<<nectarfed 8>>\n\t<</if>>\n\t/* 北极星模组 */\n\t<<if $options.bjx_animal and $transformationParts.traits.longtongue isnot \"disabled\">>\n\t\t<span class='lewd'>你敏感的长舌带给其更加强烈的感觉。</span>\n\t<</if>>\n\t/* 北极星 */"
  },
  {
    "passage": "Widgets Actions Text",
    "findString": "<<widget \"actionspussylick\">>\n\t<<if $enemyarousal gte ($enemyarousalmax / 5) * 4>>\n\t\t你<<oraltext>>舔舐着唇上的蜜穴，任凭<<theowner>>在你身上磨来磨去。\n\t<<elseif $enemyarousal gte ($enemyarousalmax / 5) * 2>>\n\t\t你<<oraltext>>舔舐着口中的蜜穴，任凭<<theowner>>在你身上磨来磨去。\n\t<<else>>\n\t\t你<<oraltext>>舔舐着唇上的蜜穴。\n\t<</if>>\n\t<<if $NPCList[$mouthtarget].type is \"plant\">>\n\t\t<span class=\"pink\">你用舌头舔起了甜蜜的汁液。</span>\n\t\t<<nectarfed 8>>\n\t<</if>>",
    "replace": "<<widget \"actionspussylick\">>\n\t<<if $enemyarousal gte ($enemyarousalmax / 5) * 4>>\n\t\t你<<oraltext>>舔舐着唇上的蜜穴，任凭<<theowner>>在你身上磨来磨去。\n\t<<elseif $enemyarousal gte ($enemyarousalmax / 5) * 2>>\n\t\t你<<oraltext>>舔舐着口中的蜜穴，任凭<<theowner>>在你身上磨来磨去。\n\t<<else>>\n\t\t你<<oraltext>>舔舐着唇上的蜜穴。\n\t<</if>>\n\t<<if $NPCList[$mouthtarget].type is \"plant\">>\n\t\t<span class=\"pink\">你用舌头舔起了甜蜜的汁液。</span>\n\t\t<<nectarfed 8>>\n\t<</if>>\n\t/* 北极星模组 */\n\t<<if $options.bjx_animal and $transformationParts.traits.longtongue isnot \"disabled\">>\n\t\t<span class='lewd'>你敏感的长舌带给其更加强烈的感觉。</span>\n\t<</if>>\n\t/* 北极星 */"
  },
  {
    "passage": "Widgets Actions Text",
    "findString": "\t<<elseif $demon gte 6 and random(1, 2) is 2>>",
    "replace": "\t/* 北极星模组 */\n\t<<elseif $demonhunter gte 2 and random(1, 2) is 2>>\n\t\t<<switch random(1, 3)>>\n\t\t\t<<case 1>>\"你要'猎食'我吗？\"你脸上假装笑容: \"试试看。\"\n\t\t\t<<case 2>>\"无法移开你的目光？\"你笑道: \"那就永远注视我吧。\"\n\t\t\t<<case 3>>\"来玩呀，\"你勾勾手指，\"保证让你永世难忘。\"\n\t\t<</switch>>\n\t/* 北极星 */\n\t<<elseif $demon gte 6 and random(1, 2) is 2>>"
  },
  {
    "passage": "Widgets Actions Text",
    "findString": "\t\t<</switch>>\n\t<<elseif $anxiety gte 1 and $controlled is 0>>",
    "replace": "\t\t<</switch>>\n\t/* 北极星模组 */\n\t<<elseif $raccoon gte 6 and random(1, 2) is 2>>\n\t\t<<switch random(1, 3)>>\n\t\t\t<<case 1>>\"这可能不会如你所愿，\"你说道: \"退后。\"\n\t\t\t<<case 2>>你发出威胁的咆哮声。\n\t\t\t<<case 3>>\"别轻易尝试，\"你警告道: \"否则你离开的时候会比现在少块肉。\"\n\t\t<</switch>>\n\t<<elseif $horse gte 6 and random(1, 2) is 2>>\n\t\t<<switch random(1, 3)>>\n\t\t\t<<case 1>>\"这可能不会如你所愿，\"你说道: \"退后。\"\n\t\t\t<<case 2>>你威胁似地嗤着鼻。\n\t\t\t<<case 3>>\"我能一脚把你踹进地狱里，\"你警告道: \"别给我找到理由。\"\n\t\t<</switch>>\n\t<<elseif $frog gte 6 and random(1, 2) is 2>>\n\t\t<<switch random(1, 3)>>\n\t\t\t<<case 1>>\"我可没时间搞这个，你这么闲吗？\"你啐道，\"滚蛋。\"\n\t\t\t<<case 2>>你呱呱叫着......你希望这看起来很有威胁性。\n\t\t\t<<case 3>>\"我能一脚把你踹进地狱里，\"你警告道: \"别给我找到理由。\"\n\t\t<</switch>>\n\t<<elseif $spider gte 6 and random(1, 2) is 2>>\n\t\t<<switch random(1, 3)>>\n\t\t\t<<case 1>>\"哦，你以为你是那个猎手吗，\"你嘲笑道，\"要有好戏上演了。\"\n\t\t\t<<case 2>>你威胁性地瞪了一眼。\n\t\t\t<<case 3>>\"这些獠牙可不是用来看的，\"你警告道，\"想试试吗？\"\n\t\t<</switch>>\n\t<<elseif $pig gte 6 and random(1, 2) is 2>>\n\t\t<<switch random(1, 3)>>\n\t\t\t<<case 1>>\"这可能不会如你所愿，\"你说道: \"退后。\"\n\t\t\t<<case 2>>你发出具有威胁性的咕哝声。\n\t\t\t<<case 3>>\"喂，我可不怕脏了我的手，\"你警告道。\"等一切完事后你可会更脏。\"\n\t\t<</switch>>\n\t<<elseif $dragon gte 6 and random(1, 2) is 2>>\n    <<switch random(1, 3)>>\n        \t<<case 1>>\"放开我，\"你警告道，\"不然我就要拿你的内脏饱餐一顿了。\"\n        \t<<case 2>>你咆哮出声。\n        \t<<case 3>>\"继续啊，\"你说着舔过自己的獠牙，\"今天要走运了，我可饿着呢。\"\n\t<</switch>>\n\t/* 北极星 */\n\t<<elseif $anxiety gte 1 and $controlled is 0>>"
  },
  {
    "passage": "Widgets Attitudes",
    "findString": "\t<<if $wolfgirl gte 2>>\n\t\t<<set _mouth[\"咆哮\"] to \"growl\">>\n\t<</if>>",
    "replace": "\t/* 北极星模组 */\n\t<<if $wolfgirl gte 6 or (!$options.bjx_animal and $wolfgirl gte 2)>>\n\t\t<<set _mouth[\"咆哮\"] to \"growl\">>\n\t<</if>>\n\t<<if $options.bjx_animal and $harpy gte 6>>\n\t\t<<set _mouth[\"唱歌\"] to \"sing\">>\n\t<</if>>\n\t<<if $options.bjx_animal and $fox gte 6>>\n\t\t<<set _mouth[\"撒娇\"] to \"coquetry\">>\n\t<</if>>\n\t/* 北极星 */"
  },
  {
    "passage": "Widgets Attitudes",
    "findString": "\t<<if $submissive lte 850 and _args[0] is true>>\n\t\t<<set _mouth[\"挑衅\"] to \"demand\">>",
    "replace": "\t/* 北极星模组 */\n\t<<if $options.bjx_divine>>\n    \t<<if $fallenangel gte 2 and $fallenangelretribution isnot 1 and _args[0] is true>>\n    \t\t<<set _mouth[\"报应\"] to \"retribution\">>\n    \t<</if>>\n    \t<<if $demonhunter gte 5 and $demonhunterhypnosis isnot 1>>\n\t\t\t<<set _mouth[\"催眠\"] to \"hypnosis\">>\n\t\t<</if>>\n    \t<<if $demon gte 6 and $demonseduce isnot 1 and _args[0] is true>>\n    \t\t<<set _mouth[\"诱惑\"] to \"seduce\">>\n    \t<</if>>\n    <</if>>\n    /* 北极星 */\n\t<<if $submissive lte 850 and _args[0] is true>>"
  },
  {
    "passage": "Widgets Attitudes",
    "findString": "\t/*After bay*/\n\t<<if $promiscuity gt 54 or $deviancy gt 54 or _args[0] is true>>",
    "replace": "\t/* 北极星模组 */\n\t<<if $demonhunter gte 2>>\n\t\t<<set _penis[\"忍耐\"] to \"endure\">>\n\t<</if>>\n\t/* 北极星 */\n\n\t/*After bay*/\n\t<<if $promiscuity gt 54 or $deviancy gt 54 or _args[0] is true>>"
  },
  {
    "passage": "Widgets Attitudes",
    "findString": "\t/*After penisthighs*/\n\t<<if $promiscuity gt 54 or $deviancy gt 54 or _args[0] is true>>",
    "replace": "\t/* 北极星模组 */\n\t<<if $demonhunter gte 2>>\n\t\t<<set _vagina[\"忍耐\"] to \"endure\">>\n\t<</if>>\n\t/* 北极星 */\n\n\t/*After penisthighs*/\n\t<<if $promiscuity gt 54 or $deviancy gt 54 or _args[0] is true>>"
  },
  {
    "passage": "Widgets Attitudes",
    "findString": "\t<<set _npc = [\"None\",\"Robin\",\"Whitney\",\"Kylar\",\"Sydney\",\"Eden\",\"Avery\",\"Black Wolf\",\"Great Hawk\",\"Alex\"]>>",
    "replace": "\t<<set _npc = [\"None\",\"Robin\",\"Whitney\",\"Kylar\",\"Sydney\",\"Eden\",\"Avery\",\"Black Wolf\",\"Great Hawk\",\"Alex\"]>>\n\t/* 北极星模组 */\n\t<<set _npc = _npc.concat([\"凯西\"])>>\n\t/* 北极星 */"
  },
  {
    "passage": "Widgets Attitudes",
    "findString": "\t<<if $syndromeeden is 1>>\n\t\t<<run _potentialLoveInterests.push(\"Eden\")>>\n\t<</if>>",
    "replace": "\t/* 北极星模组 */\n\t<<if $caseyromance is 1>>\n\t\t<<run _potentialLoveInterests.push(\"凯西\")>>\n\t<</if>>\n\t/* 北极星 */\n\t<<if $syndromeeden is 1>>\n\t\t<<run _potentialLoveInterests.push(\"Eden\")>>\n\t<</if>>\n"
  },
  {
    "passage": "Widgets Beast Generation",
    "findString": "\t<<set _ps to [2,2,2,3,2,2,3,3,2,5,2,2,4,2]>> <!-- Size of penises -->",
    "replace": "\t<<set _ps to [2,2,2,3,2,2,3,3,2,5,2,2,4,2]>> <!-- Size of penises -->\n\t/* 北极星模组 */\n\t<<set _h to _h.concat([300,250,300,400,500,300,150,200,300])>>\n\t<<set _t to _t.concat([\"sheep\",\"deer\",\"bee\",\"wasp\",\"dragon\",\"ant\",\"raccoon\",\"frog\",\"rat\"])>>\n\t<<set _d to _d.concat([ [\"松软的\"],[\"俊美的\"],[\"奇怪的\"],[\"奇怪的\"],[\"有鳞的\"],[\"奇怪的\"],[\"俊美的\"],[\"湿滑的\"],[\"肮脏的\"] ])>>\n\t<<set _pd to _pd.concat([\"肉棒\",\"肉棒\",\"肉棒\",\"肉棒\",\"肉棒\",\"肉棒\",\"肉棒\",\"肉棒\",\"肉棒\"])>>\n\t<<set _ps to _ps.concat([4,3,2,2,5,3,2,2,3])>>\n\t/* 北极星 */"
  },
  {
    "passage": "Widgets Beast Generation",
    "findString": "\t<<elseif $NPCList[_n].type is \"pig\" or $NPCList[_n].type is \"boar\">>",
    "replace": "\t/* 北极星模组 */\n\t<<elseif $NPCList[_n].type is \"pig\" or $NPCList[_n].type is \"boar\" or $NPCList[_n].type is \"deer\">>\n\t/* 北极星 */"
  },
  {
    "passage": "Widgets Beast Generation",
    "findString": "\t\t<</if>>\n\t\t<<if $NPCList[_n].type is \"horse\">>",
    "replace": "\t\t<</if>>\n\t\t/* 北极星模组 */\n\t\t<<if [\"deer\",\"raccoon\",\"frog\",\"rat\"].includes($NPCList[_n].type)>>\n\t\t\t<<run delete $NPCList[_n].claws>>\n\t\t<</if>>\n\t\t/* 北极星 */\n\t\t<<if $NPCList[_n].type is \"horse\">>"
  },
  {
    "passage": "Widgets Beast Generation",
    "findString": "\t\t\t<<set $NPCList[_n].type to \"harpy\">>\n\t\t<<elseif $NPCList[_n].gender is \"f\">>",
    "replace": "\t\t\t<<set $NPCList[_n].type to \"harpy\">>\n\t\t/* 北极星模组 */\n\t\t<<elseif $NPCList[_n].type is \"sheep\">>\n\t\t\t<<if $NPCList[_n].gender is \"f\">>\n\t\t\t\t<<set $NPCList[_n].type to \"sheepgirl\">>\n\t\t\t<<else>>\n\t\t\t\t<<set $NPCList[_n].type to \"ramboy\">>\n\t\t\t<</if>>\n\t\t<<elseif $NPCList[_n].type is \"deer\">>\n\t\t\t<<if $NPCList[_n].gender is \"f\">>\n\t\t\t\t<<set $NPCList[_n].type to \"deergirl\">>\n\t\t\t<<else>>\n\t\t\t\t<<set $NPCList[_n].type to \"stagboy\">>\n\t\t\t<</if>>\n\t\t/* 北极星 */\n\t\t<<elseif $NPCList[_n].gender is \"f\">>"
  },
  {
    "passage": "Widgets Beast Generation",
    "findString": "\t\t<<if $NPCList[_n].pronoun is \"f\" and [\"catgirl\", \"doggirl\", \"wolfgirl\", \"beargirl\", \"foxgirl\", \"cowgirl\"].includes($NPCList[_n].type)>>",
    "replace": "\t\t/* 北极星模组 */\n\t\t<<if $NPCList[_n].pronoun is \"f\" and [\"catgirl\", \"doggirl\", \"wolfgirl\", \"beargirl\", \"foxgirl\", \"cowgirl\", \"deergirl\", \"sheepgirl\", \"raccoongirl\", \"dolphingirl\"].includes($NPCList[_n].type)>>\n\t\t/* 北极星 */"
  },
  {
    "passage": "Widgets Beast Generation",
    "findString": "\t\t<<rng 5>>\n\t\t<<switch $rng>>",
    "replace": "\t    /* 北极星模组 */\n\t\t<<set $foxrng to random (1, 5)>>\n\t\t<<switch $foxrng>>\n\t    /* 北极星 */"
  }
]