[
  {
    "passage": "Widgets Effects Man",
    "findString": "\t\t<</if>>\n\n\t\t<<effectsspray>>",
    "replace": "\t\t<</if>>\n\n\t\t/* 北极星模组 */\n\t\t<<effectsghost>>\n\t\t<<effectsoverarousal>>\n\t\t<<effectspoison>>\n\t\t/* 北极星 */\n\t\t<<effectsspray>>"
  },
  {
    "passage": "Widgets Effects Man",
    "findString": "\t\t\t<<if currentSkillValue('physique') gte random(1, 32000) and !$robinRentEvent>>\n\t\t\t\t<span class=\"teal\">你设法将手臂挣脱。</span>",
    "replace": "\t\t\t/* 北极星模组 */\n\t\t\t<<if currentSkillValue('physique') gte random(1, 32000) and !$robinRentEvent or $slime gt 0 and $options.bjx_eventTF>>\n\t\t\t\t<span class=\"teal\">你设法将手臂挣脱<<if $slime is 1 and $options.bjx_eventTF>><span class='green'>，并在这过程中灼伤袭击者</span><</if>>。</span>\n\t\t\t\t<<if $slime gt 0 and $options.bjx_eventTF>><span class='green'>这很简单。</span><</if>>\n\t\t\t/* 北极星 */"
  },
  {
    "passage": "Widgets Effects Man",
    "findString": "\t\t\t<<if currentSkillValue('physique') gte random(1, 64000) and !$robinRentEvent>>\n\t\t\t\t<span class=\"teal\">你设法将手臂挣脱。</span>",
    "replace": "\t\t\t/* 北极星模组 */\n\t\t\t<<if currentSkillValue('physique') gte random(1, 64000) and !$robinRentEvent or $slime gt 0 and $options.bjx_eventTF>>\n\t\t\t\t<span class=\"teal\">你设法将手臂挣脱<<if $slime is 1 and $options.bjx_eventTF>><span class='green'>，并在这过程中灼伤袭击者</span><</if>>。</span>\n\t\t\t\t<<if $slime gt 0 and $options.bjx_eventTF>><span class='green'>这很简单。</span><</if>>\n\t\t\t/* 北极星 */"
  },
  {
    "passage": "Widgets Effects Man",
    "findString": "\t\t\t<<if currentSkillValue('physique') gte random(1, 64000) and !$robinRentEvent>>\n\t\t\t\t<span class=\"teal\">你设法将手臂挣脱。</span>",
    "replace": "\t\t\t/* 北极星模组 */\n\t\t\t<<if currentSkillValue('physique') gte random(1, 64000) and !$robinRentEvent or $slime gt 0 and $options.bjx_eventTF>>\n\t\t\t\t<span class=\"teal\">你设法将手臂挣脱<<if $slime is 1 and $options.bjx_eventTF>><span class='green'>，并在这过程中灼伤袭击者</span><</if>>。</span>\n\t\t\t\t<<if $slime gt 0 and $options.bjx_eventTF>><span class='green'>这很简单。</span><</if>>\n\t\t\t/* 北极星 */"
  },
  {
    "passage": "Widgets Effects Man",
    "findString": "\t\t<</if>>\n\n\t\t<<if $leftaction is \"lefthit\" and $rightaction is \"righthit\" and $lefttarget is $righttarget>>",
    "replace": "\t\t<</if>>\n\t\t\n\t\t/* 北极星模组 */\n\t\t<<if $leftaction is \"antiquebell\" or $rightaction is \"antiquebell\">>\n\t\t    <<if $leftaction is \"antiquebell\">>\n\t\t\t    <<set $leftaction to 0>><<set $leftactiondefault to \"rest\">>\n\t\t\t<</if>>\n\t\t\t<<if $rightaction is \"antiquebell\">>\n\t\t\t    <<set $rightaction to 0>><<set $rightactiondefault to \"rest\">>\n\t\t\t<</if>>\n\t\t\t你拿起恐惧铃铛，有规律地摇响，瞬间你心跳加速，莫大的恐惧席卷而来。\n            <br>\n            你强迫着自己继续摇动，天空撕裂开来，阴影延伸着，朝你和你的对手袭来。\n            <br>\n            没过多久，你的对手就仰面躺倒在地上，表情扭曲着，掐住了自己的脖子，艰难的喘着气。\n            <br>\n            <<set $enemyhealth to 0>>\n            <<set $finish to 1>>\n            <<willpowerdifficulty 1 900>>\n            <<if $willpowerSuccess>>\n            \t你深呼吸了几次，这只是幻觉而已，你安慰着自己。\n            \t<<gwillpower>><<gtrauma>><<gstress>>\n            \t<<willpower 5>><<trauma 500>><<set $stress += $stressmax / 5>>\n            \t<br>\n            <<else>>\n            \t阴影如仿若无物地穿过了你的双臂，但又实打实地扼住了你的咽喉。<span class=\"red\">你喘不过气来了。</span>\n            \t<<llcontrol>><<ggtrauma>><<gggstress>>\n            \t<<control -100>><<trauma 500>><<set $stress += $stressmax>>\n            \t<br>\n            <</if>>\n\t\t<</if>>\n\t\t\n\t\t<<if $leftaction is \"antiquemushroom\" or $rightaction is \"antiquemushroom\">>\n\t\t    <<if $leftaction is \"antiquemushroom\">>\n\t\t\t    <<set $leftaction to 0>><<set $leftactiondefault to \"rest\">>\n\t\t\t<</if>>\n\t\t\t<<if $rightaction is \"antiquemushroom\">>\n\t\t\t    <<set $rightaction to 0>><<set $rightactiondefault to \"rest\">>\n\t\t\t<</if>>\n\t\t\t你拿出蘑菇神像，抚摸上面神秘的花纹，顿时蘑菇神像发出紫色的幽光。\n\t\t\t<br>\n\t\t\t紫色的幽光覆盖了对方，好像从对方身躯中抽出了什么，送入了你的体内。\n\t\t\t<br>\n\t\t\t<<set $arousal += $enemyarousal>>\n\t\t\t<<set $enemyarousal to 0>>\n\t\t\t对方打了个哆嗦，表情从沉醉转为冷静，<<if $consensual isnot 1>>又转而变得愤怒，<<set $enemyanger += 50>><</if>>“你，你对我做了什么？”\n\t\t\t<br>\n\t\t<</if>>\n\t\t\n\t\t<<if $leftaction is \"antiqueivorynecklace\" or $rightaction is \"antiqueivorynecklace\">>\n\t\t    <<if $leftaction is \"antiqueivorynecklace\">>\n\t\t\t    <<set $leftaction to 0>><<set $leftactiondefault to \"rest\">>\n\t\t\t<</if>>\n\t\t\t<<if $rightaction is \"antiqueivorynecklace\">>\n\t\t\t    <<set $rightaction to 0>><<set $rightactiondefault to \"rest\">>\n\t\t\t<</if>>\n\t\t\t你触摸脖子上的象牙项链，瞬间项链上的蓝宝石发出光芒。\n\t\t\t<br>\n\t\t\t<span class='wraith'>一股意志降临，接管了你的身体。</span>\n\t\t\t<br>\n\t\t\t<<set $possessed to true>>\n\t\t<</if>>\n\t\t/* 北极星 */\n\n\t\t<<if $leftaction is \"lefthit\" and $rightaction is \"righthit\" and $lefttarget is $righttarget>>"
  },
  {
    "passage": "Widgets Effects Man",
    "findString": "\t\t<</if>>\n\n\t\t<<if $feetaction is \"kick\">>",
    "replace": "\t\t<</if>>\n\n\t\t/* 北极星模组 */\n\t\t<<if $feetaction is \"pleaseagain\">>\n\t\t\t<<set $feetaction to 0>><<set $feetactiondefault to \"rest\">>\n\t\t\t<<ejaculation>>\n\t\t\t<span class='lewd'>\"再来一次嘛~\"你摆出一个诱人的姿势: \"人家还想要~\"</span>\n\t\t\t<br>\n\t\t\t<<set $seductiondifficulty to (10000 - $enemyarousalmax * 10)>>\n\t\t\t<<seductionskilluse>>\n\t\t\t<<seductioncheck>>\n\t\t\t<br>\n\t\t\t<<if $enemyarousalmax gt 0 and $seductionrating gte $seductionrequired>>\n\t\t\t\t<span class='green'>你的诱惑成功让对方再次提起了性致。</span>\n\t\t\t\t<br>\n\t\t\t\t<<set $againfail to false>>\n\t\t\t\t<<if !$options.bjx_endlessagain>>\n\t\t\t\t    <<set $enemyarousalmax -= 200>>\n\t\t\t\t<</if>>\n\t\t\t\t<<set $enemyarousal to 0>>\n\t\t\t\t<<submission 10>>\n\t\t\t<<else>>\n\t\t\t\t<span class='red'>任你百般诱惑，对方却再无法提起干劲了。</span>\n\t\t\t\t<br>\n\t\t\t\t<<set $againfail to true>>\n\t\t\t\t<<set $finish to 1>>\n\t\t\t\t<<set $enemyarousalmax to 0>>\n\t\t\t<</if>>\n\t\t<</if>>\n\n\t\t<<if $feetaction is \"forceagain\">>\n\t\t\t<<set $feetaction to 0>><<set $feetactiondefault to \"rest\">>\n\t\t\t<<ejaculation>>\n\t\t\t<span class='lewd'>\"还不够，还不够。\"你用双腿牢牢地锁住对方: \"满足我，别想逃！\"</span>\n\t\t\t<br>\n\t\t\t<<physiquedifficulty `$enemyhealth * 50 - $enemyarousalmax * 10` `$enemyhealth * 50 - $enemyarousalmax * 10`>>\n\t\t\t<br>\n\t\t\t<<if $enemyarousalmax gt 0 and $physiqueSuccess>>\n\t\t\t\t<span class='green'>尽管不太情愿，对方还是在你的动作下有了感觉。</span>\n\t\t\t\t<br>\n\t\t\t\t<<set $againfail to false>>\n\t\t\t\t<<if !$options.bjx_endlessagain>>\n\t\t\t\t    <<set $enemyarousalmax -= 200>>\n\t\t\t\t<</if>>\n\t\t\t\t<<set $enemyarousal to 0>>\n\t\t\t\t<<set $enemyhealth = $enemyhealthmax>>\n\t\t\t\t<<brat 10>>\n\t\t\t<<else>>\n\t\t\t\t<span class='red'>被你的疯狂吓到，对方拼命挣脱了你的掌控逃跑了。</span>\n\t\t\t\t<br>\n\t\t\t\t<<set $againfail to true>>\n\t\t\t\t<<set $finish to 1>>\n\t\t\t\t<<set $enemyarousalmax to 0>>\n\t\t\t<</if>>\n\t\t<</if>>\n\t\t/* 北极星 */\n\n\t\t<<if $feetaction is \"kick\">>"
  },
  {
    "passage": "Widgets Effects Man",
    "findString": "\t\t\t\t\t<</if>>\n\t\t\t\t<</if>>\n\t\t\t<<else>>\n\t\t\t\t<<actionskick $feettarget>><<defiance 5 $feettarget>><<set $attackstat += 1>>",
    "replace": "\t\t\t\t\t<</if>>\n\t\t\t\t\t/* 北极星模组 */\n\t\t\t\t\t<<if $transformationParts.traits.kicks isnot \"disabled\">>\n\t\t\t\t\t\t你有力的双腿加强了打击力度！\n\t\t\t\t\t\t<<defiance 10 $feettarget>>\n\t\t\t\t\t<</if>>\n\t\t\t\t\t/* 北极星 */\n\t\t\t\t<</if>>\n\t\t\t<<else>>\n\t\t\t\t<<actionskick $feettarget>><<defiance 5 $feettarget>><<set $attackstat += 1>>"
  },
  {
    "passage": "Widgets Effects Man",
    "findString": "\t\t\t\t<</if>>\n\t\t\t<</if>>\n\t\t<</if>>\n\n\t\t<<if $feetaction is \"rub\">>",
    "replace": "\t\t\t\t<</if>>\n\t\t\t\t/* 北极星模组 */\n\t\t\t\t<<if $transformationParts.traits.kicks isnot \"disabled\">>\n\t\t\t\t\t你有力的双腿加强了打击力度！\n\t\t\t\t\t<<defiance 10 $feettarget>>\n\t\t\t\t<</if>>\n\t\t\t\t/* 北极星 */\n\t\t\t<</if>>\n\t\t<</if>>\n\n\t\t<<if $feetaction is \"rub\">>"
  },
  {
    "passage": "Widgets Effects Man",
    "findString": "\t\t/*End of stalked actions */\n\n\t\t/***\n\t\t*    ██   ██  █████  ██   ██ ███████ ██   ██\n\t\t*    ███ ███ ██   ██ ██   ██   ███   ██   ██\n\t\t*    ██ █ ██ ██   ██ ██   ██   ███   ███████\n\t\t*    ██   ██ ██   ██ ██   ██   ███   ██   ██\n\t\t*    ██   ██  █████   █████    ███   ██   ██\n\t\t*\n\t\t*/",
    "replace": "\t\t/*End of stalked actions */\n\t\t/* 北极星模组 */\n\t\t\n\t\t/***\n\t\t/*████████  ████████  ██████   ██     */ \n\t\t/*   ██     ██    ██    ██     ██     */\n        /*   ██     ████████    ██     ██     */\n\t\t/*   ██     ██    ██    ██     ██     */\n\t\t/* \t ██     ██    ██  ██████   ███████*/\n\t\t/*                                    */\n\t\t\n\t\t<<if $newtarget isnot undefined>>\n\t\t\t<<setnewtarget>>\n\t\t<</if>>\n\t\t\n\t\t<<if $hastail is \"true\" and $tailaction is \"rest\">>\n\t\t\t<<set $tailaction to 0>><<set $tailactiondefault to \"rest\">>你的尾巴放松下来。\n\t\t<</if>>\n\n\t\t<<if $tailaction is \"tailshake\">>\n\t\t\t<<set $tailaction to 0>><<set $tailactiondefault to \"tailshake\">>\n\t\t    你快速地摇动着尾巴，讨好着对方。\n\t\t    <<meek 10>>\n\t\t    <<if !$tailshaked and setup.NPCNameList.includes($NPCList[$tailtarget].fullDescription)>>\n\t\t        <<npcincr $NPCList[$tailtarget].fullDescription love 2>>\n\t\t        <<set $tailshaked to true>>\n\t\t        你温顺的样子打动了对方，对方对你的<span class=\"green\">好感提高了。</span>\n\t\t    <</if>>\n\t\t<</if>>\n\t\t<<if $tailaction is \"tailspin\">>\n\t\t\t<<set $tailaction to 0>><<set $tailactiondefault to \"tailspin\">>\n\t\t    你朝着对方吐出蜘蛛丝线，迅速织成一张蜘蛛网，将对方紧紧包裹住。\n\t\t    <<set $cobweb = ($cobweb ? $cobweb + 1 : 1)>>\n\t\t    <<if $cobwebuse is undefined>>\n\t\t\t\t<<set $cobwebuse to 0>>\n\t\t\t<</if>>\n\t\t\t<<set $cobwebuse += 1>>\n\t\t<</if>>\n\t\t<<if $tailaction is \"tailstab\">>\n\t\t\t<<set $tailaction to 0>><<set $tailactiondefault to \"tailstab\">>\n\t\t\t<<if $parasite.left_ear.name is \"slime\" and random(1, 3) is 3 or $parasite.right_ear.name is \"slime\" and random(1, 3) is 3>>\n\t\t\t\t<<if $corruption_slime gte (currentSkillValue('willpower') / 10)>>\n\t\t\t\t\t你试着刺中<<if $enemytype is \"beast\">><<beasttype>>，<<else>><<personselect $feettarget>><<person>>，<</if>>\n\t\t\t\t\t<span class=\"red\">但史莱姆让你的尾巴动弹不得。</span>\n\t\t\t\t\t<<gwillpower>><<willpower 1>>\n\t\t\t\t<<else>>\n\t\t\t\t\t史莱姆试图固定你的尾巴，<span class=\"green\">但你挣脱了它的控制。</span>\n\t\t\t\t\t<<actionsstab $tailtarget>><<defiance 5 $tailtarget>><<set $attackstat += 1>>\n\t\t\t    <<if $options.bjx_animal>>\n\t\t\t        <<set $NPCList[$tailtarget].poison += 3>>\n\t\t\t    <</if>>\n\t\t\t\t<</if>>\n\t\t\t<<else>>\n\t\t\t\t<<actionsstab $tailtarget>><<defiance 5 $tailtarget>><<set $attackstat += 1>>\n\t\t\t    <<if $options.bjx_animal>>\n\t\t\t        <<set $NPCList[$tailtarget].poison += 3>>\n\t\t\t    <</if>>\n\t\t\t<</if>>\n\t\t<</if>>\n\t\t/* 北极星 */\n\n\t\t/***\n\t\t*    ██   ██  █████  ██   ██ ███████ ██   ██\n\t\t*    ███ ███ ██   ██ ██   ██   ███   ██   ██\n\t\t*    ██ █ ██ ██   ██ ██   ██   ███   ███████\n\t\t*    ██   ██ ██   ██ ██   ██   ███   ██   ██\n\t\t*    ██   ██  █████   █████    ███   ██   ██\n\t\t*\n\t\t*/"
  },
  {
    "passage": "Widgets Effects Man",
    "findString": "\t\t<<if $mouthaction is \"growl\">>\n\t\t\t<<set $mouthaction to 0>><<set $mouthactiondefault to \"growl\">><<set _sound to 1>>\n\t\t\t<<if playerAwareTheyAreInHeat()>>\n\t\t\t\t<<set $speechgrowlheat to 1>>\n\t\t\t\t<<submission 2>>\n\t\t\t\t你想咆哮，<span class=\"pink\">但是你的情欲让它听起来像一个淫荡的叫唤。</span>\n\t\t\t<<elseif playerRutMinArousal() or playerHeatMinArousal()>>\n\t\t\t\t<<set $speechgrowlrut to 1>>\n\t\t\t\t<<submission 2>>\n\t\t\t\t你想咆哮，<span class=\"pink\">但是发情使它听起来像是一个下流的抱怨。</span>\n\t\t\t<<else>>\n\t\t\t\t<<set $speechgrowl to 1>>\n\t\t\t\t<<actionsgrowl>>\n\t\t\t\t<<brat 2>>\n\t\t\t<</if>>\n\t\t<</if>>",
    "replace": "\t\t/* 北极星模组 */\n\t\t<<if $mouthaction is \"growl\">>\n\t\t\t<<set $mouthaction to 0>><<set $mouthactiondefault to \"growl\">><<set _sound to 1>>\n\t\t\t<<if $options.bjx_animal>>\n    \t\t\t<<if $consensual is 1>>\n        \t\t\t<<if playerRutMinArousal() or playerHeatMinArousal()>>\n        \t\t\t\t<<set $speechgrowlrut to 1>>\n        \t\t\t\t你努力咆哮，<span class=\"pink\">但发情的身体使它听起来像是娇嗔。</span>\n    \t\t\t\t<<else>>\n        \t\t\t\t<<set $speechgrowlheat to 1>>\n        \t\t\t\t你假装咆哮,<span class=\"pink\">以此增加此时的情趣。</span>\n    \t\t\t\t<</if>>\n    \t\t\t\t<<stress -5 10>>\n    \t\t\t\t<<trauma `-5`>>\n    \t\t\t<<else>>\n    \t\t\t\t<<set $speechgrowl to 1>>\n    \t\t\t\t<<actionsgrowl>>\n    \t\t\t\t<<brat 10>>\n    \t\t\t\t<<set $enemyarousal -= 50>>\n    \t\t        <<combatcontrol `5`>>\n    \t\t\t<</if>>\n    \t\t<<else>>\n        \t\t<<if playerAwareTheyAreInHeat()>>\n    \t\t\t\t<<set $speechgrowlheat to 1>>\n    \t\t\t\t<<submission 2>>\n    \t\t\t\t你想咆哮,<span class=\"pink\">但是你的情欲让它听起来像一个淫荡的叫唤。</span>\n    \t\t\t<<elseif playerRutMinArousal() or playerHeatMinArousal()>>\n    \t\t\t\t<<set $speechgrowlrut to 1>>\n    \t\t\t\t<<submission 2>>\n    \t\t\t\t你想咆哮，<span class=\"pink\">但是你的情欲让它听起来像一个下流的抱怨。</span>\n    \t\t\t<<else>>\n    \t\t\t\t<<set $speechgrowl to 1>>\n    \t\t\t\t<<actionsgrowl>>\n    \t\t\t\t<<brat 2>>\n    \t\t\t<</if>>\n\t\t\t<</if>>\n\t\t<</if>>\n\t\t<<if $mouthaction is \"sing\">>\n\t\t\t<<set $mouthaction to 0>><<set $mouthactiondefault to \"sing\">><<set _sound to 1>>\n    \t\t你轻声歌唱，<span class=\"green\">悦耳的曲调让人感到轻松与宁静。</span>\n\t\t\t<<if $consensual is 1>>\n\t\t\t    <<control `2`>>\n    \t\t    <<stress -5 10>>\n\t\t\t\t<<trauma `-5`>>\n    \t\t<<else>>\n    \t\t<</if>>\n    \t\t<<enemytrustgain `1`>>\n    \t\t<<enemyangerloss `15`>>\n\t\t<</if>>\n\t\t<<if $mouthaction is \"coquetry\">>\n\t\t\t<<set $mouthaction to 0>><<set $mouthactiondefault to \"coquetry\">><<set _sound to 1>>\n    \t\t你眨着水汪汪的眼睛撒娇道: \"<span class=\"pink\">好不好嘛，求求你啦～</span>\"\n    \t\t<<actionsmoan>>\n\t\t\t<<if $consensual is 1>>\n    \t\t\t<<control `2`>>\n    \t\t\t<<stress -5 10>>\n    \t\t<<else>>\n    \t\t    <<combatcontrol `5`>>\n    \t\t\t<<set $assertive += 1>>\n    \t\t<</if>>\n    \t\t<<submission `5`>>\n    \t\t<<enemytrustgain `5`>>\n\t\t<</if>>\n\t\t/* 北极星 */"
  },
  {
    "passage": "Widgets Effects Man",
    "findString": "\t\t\t\t你咬住那乳头，<<he>><<if $enemytype is \"man\">>惨叫<<elseif $enemytype is \"beast\">>低吼<<else>>尖叫<</if>>着后退，痛苦地缩了回去。",
    "replace": "\t\t\t\t/* 北极星模组 */\n\t\t\t\t<<if $options.bjx_animal and $spider gte 6>>\n\t\t\t    \t<<set $NPCList[$mouthtarget].poison += 3>>\n\t\t\t\t<</if>>\n\t\t\t\t你咬住那乳头<<if $slime is 1 and $options.bjx_eventTF>><span class='green'>并开始吞噬它</span><</if>>，<<he>><<if $enemytype is \"man\">>惨叫<<elseif $enemytype is \"beast\">>低吼<<else>>尖叫<</if>>着后退，痛苦地缩了回去。\n\t\t\t\t/* 北极星 */"
  },
  {
    "passage": "Widgets Effects Man",
    "findString": "\t\t\t你舔<<hisselect $mouthtarget>>的$NPCList[$mouthtarget].breastsdesc。\n\t\t<</if>>",
    "replace": "\t\t\t你舔<<hisselect $mouthtarget>>的$NPCList[$mouthtarget].breastsdesc。\n\t\t\t/* 北极星模组 */\n\t\t\t<<if $options.bjx_animal and $transformationParts.traits.longtongue isnot \"disabled\">>\n        \t\t<span class='lewd'>你敏感的长舌带给其更加强烈的感觉。</span>\n        \t<</if>>\n        \t/* 北极星 */\n\t\t<</if>>"
  },
  {
    "passage": "Widgets Effects Man",
    "findString": "\t\t<</if>>\n\n\t\t<<if $mouthaction is \"peniskiss\">>",
    "replace": "\t\t<</if>>\n\t\t\n\t\t/* 北极星模组 */\n\t\t<<if $mouthaction is \"hypnosis\">>\n\t\t\t<<set $mouthaction to 0>><<set _sound to 1>>\n\t\t\t<<if $neckuse is \"hand\" and $oxygen lt $oxygenmax and $asphyxiaLvl gte 2>>\n\t\t\t\t<<wheeze>>\n\t\t\t<<else>>\n\t\t\t\t<<set $mouthactiondefault to \"rest\">>\n\t\t\t\t<<set $demonhunterhypnosis to 1>>\n\t\t\t\t<<if $enemytype is \"beast\">>\n\t\t\t\t\t\"乖乖<<beasttype>>，不准射射哦！\"\n\t\t\t\t<<else>>\n\t\t\t\t\t\"没有我的允许，你不许高潮哦！\"\n\t\t\t\t<</if>>\n\t\t\t<</if>>\n\t\t<</if>>\n\t\t\n\t\t<<if $mouthaction is \"retribution\">>\n\t\t\t<<set $mouthaction to 0>><<set _sound to 1>>\n\t\t\t<<if $neckuse is \"hand\" and $oxygen lt $oxygenmax and $asphyxiaLvl gte 2>>\n\t\t\t\t<<wheeze>>\n\t\t\t<<else>>\n\t\t\t\t<<set $mouthactiondefault to \"demand\">>\n\t\t\t\t<<set $fallenangelretribution to 1>>\n                <<if $options.bjx_divine>>\n\t\t\t\t    <<defiance `1 + $englishtrait`>>\n\t\t\t\t<</if>>\n\t\t\t\t<<if $enemytype is \"beast\">>\n\t\t\t\t\t\"退散吧，<<beasttype>>！\"\n\t\t\t\t<<else>>\n\t\t\t\t\t\"你会为你的罪恶付出代价！\"\n\t\t\t\t<</if>>\n\t\t\t<</if>>\n\t\t<</if>>\n\n\t\t<<if $mouthaction is \"seduce\">>\n\t\t\t<<set $mouthaction to 0>><<set _sound to 1>>\n\t\t\t<<if $neckuse is \"hand\" and $oxygen lt $oxygenmax and $asphyxiaLvl gte 2>>\n\t\t\t\t<<wheeze>>\n\t\t\t<<else>>\n\t\t\t\t<<set $mouthactiondefault to \"moan\">>\n\t\t\t\t<<set $demonseduce to 1>>\n\t\t\t\t<<submission 150>>\n\t\t\t\t<<if $enemytype is \"beast\">>\n\t\t\t\t\t\"为我高潮吧你这头小野兽~\"\n\t\t\t\t<<else>>\n\t\t\t\t\t\"为我高潮~\"\n\t\t\t\t<</if>>\n\t\t\t<</if>>\n\t\t<</if>>\n\t\t/* 北极星 */\n\n\t\t<<if $mouthaction is \"peniskiss\">>"
  },
  {
    "passage": "Widgets Effects Man",
    "findString": "\t\t\t\t<<set $mouthaction to 0>><<set $mouthactiondefault to \"bite\">><<personselect $mouthtarget>>\n\t\t\t\t你咬住<<his>>的<<npcPenisSimple $mouthtarget>>，",
    "replace": "\t\t\t\t<<set $mouthaction to 0>><<set $mouthactiondefault to \"bite\">><<personselect $mouthtarget>>\n\t\t\t\t/* 北极星模组 */\n\t\t\t\t<<if $options.bjx_animal and $spider gte 6>>\n\t\t\t    \t<<set $NPCList[$mouthtarget].poison += 3>>\n\t\t\t\t<</if>>\n\t\t\t\t/* 北极星 */\n\t\t\t\t你咬住<<his>>的<<npcPenisSimple $mouthtarget>>，"
  },
  {
    "passage": "Widgets Effects Man",
    "findString": "\t\t\t\t<<set $mouthaction to 0>><<set $mouthactiondefault to \"bitepussy\">><<personselect $mouthtarget>>\n\t\t\t\t你咬住<<hisselect $mouthtarget>>的阴唇。<<He>><<if $enemytype is \"man\">>惨叫<<elseif $enemytype is \"beast\">>低吼<<else>>尖叫<</if>>着后退，痛苦地缩了回去。",
    "replace": "\t\t\t\t<<set $mouthaction to 0>><<set $mouthactiondefault to \"bitepussy\">><<personselect $mouthtarget>>\n\t\t\t\t/* 北极星模组 */\n\t\t\t\t<<if $options.bjx_animal and $spider gte 6>>\n\t\t\t    \t<<set $NPCList[$mouthtarget].poison += 3>>\n\t\t\t\t<</if>>\n\t\t\t\t/* 北极星 */\n\t\t\t\t你咬住<<hisselect $mouthtarget>>的阴唇。<<He>><<if $enemytype is \"man\">>惨叫<<elseif $enemytype is \"beast\">>低吼<<else>>尖叫<</if>>着后退，痛苦地缩了回去。"
  },
  {
    "passage": "Widgets Effects Man",
    "findString": "\t\t\t\t<<set $mouthaction to 0>><<set $mouthactiondefault to \"handbite\">><<personselect $mouthtarget>>\n\t\t\t\t<<actionshandbite $mouthtarget>>",
    "replace": "\t\t\t\t<<set $mouthaction to 0>><<set $mouthactiondefault to \"handbite\">><<personselect $mouthtarget>>\n\t\t\t\t/* 北极星模组 */\n\t\t\t\t<<if $options.bjx_animal and $spider gte 6>>\n\t\t\t    \t<<set $NPCList[$mouthtarget].poison += 3>>\n\t\t\t\t<</if>>\n\t\t\t\t/* 北极星 */\n\t\t\t\t<<actionshandbite $mouthtarget>>"
  },
  {
    "passage": "Widgets Effects Man",
    "findString": "\t\t\t<<if $cow gte 2 and $demon gte 2>>",
    "replace": "\t\t\t/* 北极星模组 */\n\t\t\t<<if !$options.bjx_animal and ($cow gte 2 and $demon gte 2) or $options.bjx_animal and $chimera.demoncow.horns is \"default\">>\n\t\t\t/* 北极星 */"
  },
  {
    "passage": "Widgets Effects Man",
    "findString": "\t\t\t<<if $demon gte 2>>",
    "replace": "\t\t\t/* 北极星模组 */\n\t\t\t<<if !$options.bjx_animal and $demon gte 2 or $options.bjx_animal and ($transformationParts.demon.horns isnot \"disabled\" or $transformationParts.deer.horns isnot \"disabled\")>>\n\t\t\t/* 北极星 */"
  },
  {
    "passage": "Widgets Effects Man",
    "findString": "\t\t\t<<if $cow gte 2>>",
    "replace": "\t\t\t/* 北极星模组 */\n\t\t\t<<if !$options.bjx_animal and $cow gte 2 or $options.bjx_animal and ($transformationParts.cow.horns isnot \"disabled\" or $transformationParts.sheep.horns isnot \"disabled\" or $transformationParts.dragon.horns isnot \"disabled\")>>\n\t\t\t/* 北极星 */"
  },
  {
    "passage": "Widgets Effects Man",
    "findString": "\t\t<</if>>\n\n\t\t<<if $mouthaction is \"grasp\" and $NPCList[$mouthtarget].penis is \"mouthentrance\">>",
    "replace": "\t\t<</if>>\n\t\t\n\t\t/* 北极星模组 */\n\t\t<<if $mouthaction is \"corrode\" and $NPCList[$mouthtarget].mouth.toString().includes(\"kiss\")>>\n\t\t\t<<set $mouthaction to 0>><<set $mouthactiondefault to \"corrode\">><<personselect $mouthtarget>>\n\t\t\t<<if $mouthstate is \"kiss\">>\n\t\t\t\t<span class='green'>感受到嘴唇上的灼烧感，<<His>>的眼睛瞪得大大的。</span>\n\t\t\t<<else>>\n\t\t\t\t<span class='green'>你迅速将嘴唇凑了上去，而你的腐蚀性粘液将会完成剩下的工作。</span>\n\t\t\t<</if>>\n\t\t\t<<He>><<if $enemytype is \"beast\">>惨叫一声，向后退去<<else>>惨叫一声，捂住了<<his>>的嘴，跌跌撞撞地向后退去<</if>>。\n\t\t\t<<defiance 10 $mouthtarget>><<attackstat>><<set $mouthuse to 0>><<set $mouthstate to 0>>\n\t\t\t<<set $head to 0>>\n\t\t\t<<set $NPCList[$mouthtarget].mouth to 0>>\n\t\t\t<<set $NPCList[$mouthtarget].location.head to 0>>\n\t\t<</if>>\n\t\t/* 北极星 */\n\n\t\t<<if $mouthaction is \"grasp\" and $NPCList[$mouthtarget].penis is \"mouthentrance\">>"
  },
  {
    "passage": "Widgets Effects Man",
    "findString": "\t\t<</if>>\n\n\t\t/*Stalked actions */\n\t\t<<if !$stalk_end>>\n\t\t\t<<if $mouthaction is \"up\">>",
    "replace": "\t\t<</if>>\n\t\t\n\t\t/* 北极星模组 */\n\t\t<<if $mouthaction is \"dragonBreath\">>\n\t\t\t<<set $mouthactiondefault to \"dragonBreath\">><<set $mouthaction to 0>>\n\t\t\t<<set $enemyhealth -= 200>>\n\t\t\t<<set _npctodefeat to []>>\n\t\t\t<<for _npctodamage to 0; _npctodamage lt $enemynomax; _npctodamage++>>\n    \t\t\t<<if $NPCList[_npctodamage].active is \"active\" and $NPCList[_npctodamage].stance isnot \"defeated\" and (!$fightTargets or $fightTargets.includes(_npctodamage))>>\n    \t\t\t\t<<set _enemydivide to $fightTargets ? $enemyno-$fightTargets.length : $enemyno>>\n    \t\t\t\t<<set $NPCList[_npctodamage].health -= (200/_enemydivide)>>\n    \t\t\t\t<<if $enemyno gte 2 and $NPCList[_npctodamage].health lte 0>>\n    \t\t\t\t\t<<set _npctodefeat.push(_npctodamage)>>\n    \t\t\t\t<</if>>\n    \t\t\t<</if>>\n    \t\t<</for>>\n    \t\t<<for $_defeatcontroller to 0; $_defeatcontroller lt _npctodefeat.length; $_defeatcontroller++>>\n    \t\t\t<<if $enemyno gte 2>>\n    \t\t\t    <<defeatnpc _npctodefeat[$_defeatcontroller]>>\n    \t\t\t<</if>>\n    \t\t<</for>>\n\t\t\t<<if $dragonbreathuse is undefined>>\n\t\t\t\t<<set $dragonbreathuse to 0>>\n\t\t\t<</if>>\n\t\t\t<<set $dragonbreathuse += 1>><<set $speechdragonbreath to 1>>\n\t\t\t<<if $enemytype is \"beast\">>\n\t\t\t\t<span class='gold'>你向着<<beasttype>>喷射龙息。它呜咽了起来。</span>\n\t\t\t<<elseif $enemyno gte 2>>\n\t\t\t\t<span class='gold'>你向着<<group>>喷射龙息。他们痛苦地后退。</span>\n\t\t\t\t<<if !$npc.includes(\"Eden\") and !$npc.includes(\"Morgan\") and !$npc.includes(\"Kylar\") and !$npc.includes(\"Ivory Wraith\") and !$abomination>>\n\t\t\t\t\t<<ggcrime \"assault\">><<crimeUp 500 \"assault\">>\n\t\t\t\t<</if>>\n\t\t\t<<else>>\n\t\t\t\t<span class='gold'>你向着袭击者喷射龙息。<<He>>痛苦地后退。</span>\n\t\t\t\t<<if !$npc.includes(\"Eden\") and !$npc.includes(\"Morgan\") and !$npc.includes(\"Kylar\") and !$npc.includes(\"Ivory Wraith\") and !$abomination>>\n\t\t\t\t\t<<ggcrime \"assault\">><<crimeUp 500 \"assault\">>\n\t\t\t\t<</if>>\n\t\t\t<</if>>\n\t\t<</if>>\n\t\t/* 北极星 */\n\n\t\t/*Stalked actions */\n\t\t<<if !$stalk_end>>\n\t\t\t<<if $mouthaction is \"up\">>"
  },
  {
    "passage": "Widgets Effects Man",
    "findString": "\t\t<</if>>\n\n\t\t<<rng>>\n\n\t\t<<if $vaginaaction is \"penisanus\" and $NPCList[$vaginatarget].penis is \"vaginaentrance\">>",
    "replace": "\t\t<</if>>\n\t\t/* 北极星模组 */\n\t\t<<if $vaginaaction is \"endure\">>\n\t\t\t<<set $vaginaaction to 0>><<set $vaginaactiondefault to \"endure\">>\n\t\t\t<span class=\"lblue\">你<<vaginaltext>>忍耐着小穴传来的快感。</span>\n\t\t    <<set $arousal -= Math.trunc(200 + $vaginalskill)>><<vaginalskill 5>><<set $vaginalskillup to 1>>\n\t\t<</if>>\n\t\t/* 北极星 */\n\n\t\t<<rng>>\n\n\t\t<<if $vaginaaction is \"penisanus\" and $NPCList[$vaginatarget].penis is \"vaginaentrance\">>"
  },
  {
    "passage": "Widgets Effects Man",
    "findString": "\t\t<</if>>\n\n\t\t<<if $penisaction is \"bay\" and $NPCList[$penistarget].vagina is \"penisentrance\">>",
    "replace": "\t\t<</if>>\n\t\t/* 北极星模组 */\n\t\t<<if $penisaction is \"endure\">>\n\t\t\t<<set $penisaction to 0>><<set $penisactiondefault to \"endure\">>\n\t\t\t<span class=\"lblue\">你<<peniletext>>忍耐着阴茎传来的快感。</span>\n\t\t    <<set $arousal -= Math.trunc(200 + $penileskill)>><<penileskill 5>><<set $penileskillup to 1>>\n\t\t<</if>>\n\t\t/* 北极星 */\n\n\t\t<<if $penisaction is \"bay\" and $NPCList[$penistarget].vagina is \"penisentrance\">>"
  }
]
